tournament_id,tourney_name,date,base_minutes,increment_seconds,location
1351499,AXDB - Campeonato Distrital Jovens & Veteranos Clássicas 2025/2026 | SUB 20 ,2026-02-14,90,30,Agrupamento de Escolas João de Meira
1351500,Manny Pacquiao International Open - 87th Kalilangan Chess Festival 2026  [Challenger],2026-02-23,90,0,"Family Country Hotel, General Santos City, Philippines"
1351501,Olimpiadas Ex-Alumnos Castillistas Verano 2026 ,2026-02-11,15,0,Trujillo
1350001,IDESSA Boys Team Chess Championship Jalgaon ,2026-02-09,25,5,Governament  Polytechnic Jalgaon
1350002,Чемпионат Калужской области по быстрым шахматам (мужчины) ,2026-02-14,15,10,Kaluga
1350005,Maraton Sahistic Clujean Ed.12- Turneu C- U 1500 CIV Cluj-Napoca 28 Februarie-1 Martie 2026,2026-02-28,60,30,"FSEGA Cluj-Napoca, Strada Teodor Mihali nr. 58-60, Cluj-Napoca"
1350006,1/4 финала Кубка Сената области Абай 2026 ,2026-05-30,10,5,Semey
1350007,مسابقات تیمی انفرادی مدارس ابتدایی پسرانه بهبهان19بهمن 1404 ,2026-02-08,,0,
1350009,1/8 Кубка Сената среди гос.служащих и раб.нац.компаний Акмолинской области ,2026-02-12,10,5,Кокшетау
1350011,3rd Inter Virudhai District Chess 2026 ,2026-02-09,,0,
1350014,"2nd Edition of CM ' CUP Boys Hanumakonda District Selections– 2025 Indore Stadium ,   Hanamkonda  cell 9963214108",2026-09-02,15,0,"Vamshi Stust Bhava, Vidhyuth Nagar ,   Hanamkonda  cell 9963214108"
1350015,"Maraton Sahistic Clujean- Blitz 11 runde, OMOLOGARE FIDE Cluj-Napoca 01 Martie 2026 ora 16:00 TAXA DE PARTICIPARE 25 RON!",2026-03-01,3,2,"FSEGA, Strada Teodor Mihali 58-60. Cluj-Napoca"
1350019,BGS KREEDOTSAVA 2026 GIRLS ,2026-02-09,15,5,
1350020,OKULLAR ARASI MAHALLİ BATMAN YILDIZLAR SATRANÇ TURNUVASI YILDIZLAR KIZLAR,2026-02-09,45,30,19 MAYIS SPOR SALONU
1350021,2026 Diamond Chess Academy Classical 0.1 Ladies,2026-02-07,45,15,"Teachers Centre, Kimberley"
1350022,OKULLAR ARASI MAHALLİ BATMAN YILDIZLAR SATRANÇ TURNUVASI YILDIZLAR AÇIK ,2026-02-09,45,30,19 MAYIS SPOR SALONU
1350024,2026 Diamond Chess Academy Classical 0.1 Section A,2026-02-07,45,15,"Teachers Centre, Kimberley"
1350026,Team Chess Championship Jalgaon ,2026-02-09,,0,Governament College Jalgaon
1350027,2025–2026 ÖĞRETİM YILI OKULLAR ARASI KÜÇÜKLER-YILDIZLAR SATRANÇ TURNUVASI YILDIZLAR KIZLAR KATEGORİSİ,2026-02-09,45,30,ŞEHİTKAMİL BELEDİYESİ ATATÜRK KÜLTÜR VE SPOR MERKEZİ
1350028,SRI GURURAJA INTERNATIONAL SCHOOL CHILDRENS 2nd CHESS TOURNAMENT - 2026 CONTACT NO : 9010451585,2026-02-11,30,30,NANDYAL
1350029,2025–2026 ÖĞRETİM YILI OKULLAR ARASI KÜÇÜKLER-YILDIZLAR SATRANÇ TURNUVASI 2. KÜME KÜÇÜKLER GENEL KATEGORİSİ,2026-02-09,45,30,ŞEHİTKAMİL BELEDİYESİ ATATÜRK KÜLTÜR VE SPOR MERKEZİ
1350031,2025–2026 ÖĞRETİM YILI OKULLAR ARASI KÜÇÜKLER-YILDIZLAR SATRANÇ TURNUVASI KÜÇÜKLER GENEL KATEGORİSİ,2026-02-09,45,30,ŞEHİTKAMİL BELEDİYESİ ATATÜRK KÜLTÜR VE SPOR MERKEZİ
1350032,2025–2026 ÖĞRETİM YILI OKULLAR ARASI KÜÇÜKLER-YILDIZLAR SATRANÇ TURNUVASI KÜÇÜKLER KIZLAR KATEGORİSİ,2026-02-09,45,30,ŞEHİTKAMİL BELEDİYESİ ATATÜRK KÜLTÜR VE SPOR MERKEZİ
1350033,79 th Union Day Chess Tournament (U-25) ,2026-02-08,60,0,Hpa-an(Youth Center)
1350034,79 th Union Day chess Tournament(Open) ,2026-02-01,60,0,Hpa-an(Youth Center
1350042,Campeonato Feirense de Xadrez RÁPIDO (10+5)  2026 - ETAPA 6 ,2026-09-26,10,5,SESI - Feira de Santana - BA
1350036,2025-2026 YILI OKULLAR ARASI MAHALLİ HATAY KÜÇÜKLER SATRANÇ TURNUVASI Kızlar Kategorisi,2026-02-09,45,30,Antakya Merkez Kapalı Spor Salonu
1350037,2025-2026 YILI OKULLAR ARASI MAHALLİ HATAY KÜÇÜKLER SATRANÇ TURNUVASI Genel Kategori,2026-02-09,45,30,Antakya Merkez Kapalı Spor Salonu
1350039,"S.I.T. UDYAM RAPID CHESS TOURNAMENT- 2026, ",2026-02-09,10,0,S.I.T.
1350041,XVII. kerületi sakk diákolimpia 2025/26 II. kcs. fiú ,2026-02-09,15,0,Riz Levente Sport és Rendezvényközpont (XVII. Pesti út 88.)
1350044,KEJOHANAN CATUR MSSD HULU TERENGGANU 2026 LELAKI BAWAH 15 ,2026-02-10,25,0,MRSM KUALA BERANG
1350045,KEJOHANAN CATUR MSSD HULU TERENGGANU 2026 LELAKI BAWAH 18 ,2026-02-10,,0,MRSM KUALA BERANG
1350046,XVII. kerületi sakk diákolimpia 2025/26 IV. kcs. fiú ,2026-02-09,15,0,Riz Levente Sport és Rendezvényközpont (XVII. Pesti út 88.)
1350048,XVII. kerületi sakk diákolimpia 2025/26 I. kcs. leány ,2026-02-09,15,0,Riz Levente Sport és Rendezvényközpont (XVII. Pesti út 88.)
1350050,XVII. kerületi sakk diákolimpia 2025/26 III. kcs. leány ,2026-02-09,15,0,Riz Levente Sport és Rendezvényközpont (XVII. Pesti út 88.)
1350052,"Rapid Rača ""A"" FIDE 14.03.2026 ",2026-03-14,10,2," ZŠ Tbiliská 4, Bratislava"
1350054,"Турнир по быстрым шахматам ""ISKRA rapid-chess"". II этап ",2026-02-15,10,5,Хабаровск
1350055,"Rapid Rača ""B"" GPX 14.03.2026 ",2026-03-14,10,2," ZŠ Tbiliská 4, Bratislava"
1350058,"Turnaj pre najmenších ""A"" 13.03. 2026 ",2026-03-13,7,3,"ZŠ Tbiliská 4, parkovanie Kaufland Rača"
1350059,"Turnaj pre najmenších ""B"" 13.03. 2026 ",2026-03-13,7,3,"ZŠ Tbiliská 4, parkovanie Kaufland Rača"
1350061,"Турнир по быстрым шахматам ""Чемпион"" ",2026-02-15,15,0,Уфа
1350062,"Турнир по быстрым шахматам ""Юниор"" ",2026-02-15,15,0,Уфа
1350063,2025-2026 ÖĞRETİM YILI OKULLAR ARASI MAHALLİ OSMANİYE KÜÇÜKLER-YILDIZLAR-GENÇLER SATRANÇ TURNUVASI - GENÇLER AÇIK KATEGORİSİ,2026-02-09,45,30,TOSYALI SPOR SALONU
1350064,"Турнир по быстрым шахматам ""Дебют"" ",2026-02-15,15,0,Уфа
1350065,2025-2026 ÖĞRETİM YILI OKULLAR ARASI MAHALLİ OSMANİYE KÜÇÜKLER-YILDIZLAR-GENÇLER SATRANÇ TURNUVASI - KÜÇÜKLER KIZ KATEGORİSİ,2026-02-09,45,30,TOSYALI SPOR SALONU
1350066,2025-2026 ÖĞRETİM YILI OKULLAR ARASI MAHALLİ OSMANİYE KÜÇÜKLER-YILDIZLAR-GENÇLER SATRANÇ TURNUVASI - KÜÇÜKLER AÇIK KATEGORİSİ,2026-02-09,45,30,TOSYALI SPOR SALONU
1350000,Maraton Sahistic Clujean Ed.12- Turneu B- U1700- Omologare Fide  Cluj-Napoca 27 Februarie-1 Martie 2026,2026-02-27,60,30,"FSEGA Cluj-Napoca, Strada Teodor Mihali nr. 58-60, Cluj-Napoca"
1350004,Чемпионат Калужской области по быстрым шахматам (женщины) ,2026-02-14,15,10,Kaluga
1350010,"A1 Kings Chess Academy Blitz Chess Tournament 22 Feb 2026 Entry Fees 300/- Ag Sports Club,Nizampet,Cell 8500346733",2026-02-22,3,2,"AG Sports Club Nizampet,Hyderabad"
1350023,V Рапид турнир во шах Езерски бисер 2026 ,2026-03-29,10,0,ООУ Братство Единство Охрид
1350025,"2nd Edition of CM ' CUP Girls Hanumakonda District Selections – 2025 Indore Stadium ,   Hanamkonda  cell 9963214108",2026-09-02,15,0,"Vamshi Stust Bhava, Vidhyuth Nagar ,   Hanamkonda  cell 9963214108"
1350030,2025–2026 ÖĞRETİM YILI OKULLAR ARASI KÜÇÜKLER-YILDIZLAR SATRANÇ TURNUVASI YILDIZLAR GENEL KATEGORİSİ,2026-02-09,45,30,ŞEHİTKAMİL BELEDİYESİ ATATÜRK KÜLTÜR VE SPOR MERKEZİ
1350047,Campeonato Feirense de Xadrez RÁPIDO (10+5)  2026 - ETAPA 7 ,2026-10-24,10,5,SESI - Feira de Santana - BA
1350040,XVII. kerületi sakk diákolimpia 2025/26 I. kcs. fiú ,2026-02-09,15,0,Riz Levente Sport és Rendezvényközpont (XVII. Pesti út 88.)
1350043,XVII. kerületi sakk diákolimpia 2025/26 III. kcs. fiú ,2026-02-09,15,0,Riz Levente Sport és Rendezvényközpont (XVII. Pesti út 88.)
1350049,XVII. kerületi sakk diákolimpia 2025/26 II. kcs. leány ,2026-02-09,15,0,Riz Levente Sport és Rendezvényközpont (XVII. Pesti út 88.)
461243,Eight Square Chess Academy & Capa Chess Academy - International RAPID FIDE Rated Open Chess Tournament - 2026,2026-03-08,10,5,"Hall Of Chess, Jawaharlal Nehru Stadium, Chennai"
1350057,"Муниципальный этап областных соревнований по шахматам ""Белая ладья"" среди команд общеобразовательных организаций в 2026 году. 1-й полуфинал",2026-02-10,11,0,"Сызрань, СП ДТДиМ ГБОУ СОШ № 14 г.о. Сызрань, ул. Ульяновская, 145"
1350060,"Муниципальный этап областных соревнований по шахматам ""Белая ладья"" среди команд общеобразовательных организаций в 2026 году. 2-й полуфинал",2026-02-11,11,0,"Сызрань, СП ДТДиМ ГБОУ СОШ № 14 г.о. Сызрань, ул. Ульяновская, 145"
1350067,2025-2026 ÖĞRETİM YILI OKULLAR ARASI MAHALLİ OSMANİYE KÜÇÜKLER-YILDIZLAR-GENÇLER SATRANÇ TURNUVASI - GENÇLER KIZ KATEGORİSİ,2026-02-09,45,30,TOSYALI SPOR SALONU
1350068,Oddílový přebor A64 Grygov ,2026-02-13,30,10,
1350069,"Турнир по быстрым шахматам ""Первая медаль"" (2017 г.р. и старше)",2026-02-15,15,0,Уфа
1350070,"Турнир по быстрым шахматам ""Первая медаль"" (2018 г.р. и младше)",2026-02-15,15,0,Уфа
1350072,2025-2026 ÖĞRETİM YILI OKULLAR ARASI MAHALLİ OSMANİYE KÜÇÜKLER-YILDIZLAR-GENÇLER SATRANÇ TURNUVASI - YILDIZLAR AÇIK KATEGORİSİ,2026-02-09,45,30,TOSYALI SPOR SALONU
1350073,"Новогодний турнир детского бизнес-клуба ""Гусьбери"". 2025г. Турнир B",2025-12-28,30,30,Отрадное
1350074,Desporto Escolar - Fase Local do Baixo Alentejo e Alentejo Litoral 2º Torneio de Infantis B - 2025/2026 - Série A,2026-02-10,,0,Cuba
1350075,Desporto Escolar - Fase Local do Baixo Alentejo e Alentejo Litoral 2º Torneio de Iniciados - 2025/2026 - Série A,2026-02-10,,0,Cuba
1350079,"Турнир по быстрым шахматам, посвящённый ""Дню Красной Армии"" 2 лига",2026-03-01,10,5,Санкт-Петербург
1350077,"Новогодний турнир детского бизнес-клуба ""Гусьбери"". 2025г. Турнир C",2025-12-28,30,30,Отрадное
1350082,vca 3rd smart girl open jammu chess tournament ,2026-02-09,,0,
1350083,KJSV Minimasters ,2026-02-28,12,0,
1350084,Рейтинговый Турнир  ШК Логик гр A (рейтинг: 1201 и выше) ,2026-02-21,30,30,kaluga
1350085,Рейтинговый Турнир  ШК Логик гр B (рейтинг: 1000-1200) ,2026-02-21,30,30,kaluga
1350086,Первенство Зернограда по быстрым шахматам ,2026-02-08,20,0,Зерноград
1350087,"Львів, турнір з нормою виконання 3 розряду, 15 лютого, Виговського 5Б ",2026-02-15,10,5,Львів
1350088,Junior Team Chess Challenge 2025/6 Bristol Qualifier ,2026-02-09,10,2,Bristol Grammar School
1350090,Junior Team Chess Challenge 2025/6 Bristol Challengers ,2026-02-09,10,2,Bristol Grammar School
1350091,2025-2026 ÖĞRETİM YILI OKULLARARASI MAHALLİ MUĞLA GENÇLER SATRANÇ YARIŞMASI GENÇLER-AÇIK,2026-02-10,45,30,MENTEŞE ÖĞRETMENEVİ
1350092,I IRT RAPIDO OPEN  CIRCUITO ORIENTAL ANZOATEGUI 2026 ,2026-02-14,10,0,Complejo Polideportivo Simon Bolivar  Barcelona Edo Anzoategui
1350093,Beynəlxalq  Blits Reytinq Turnir  Bahruz Chess Club  13fevral   saat 19.00  əlaqə (055) 200 3001 / uduş fondu 50 faiz/ ,2026-02-13,3,0,
1350094,2025-2026 ÖĞRETİM YILI OKULLARARASI MAHALLİ MUĞLA GENÇLER SATRANÇ YARIŞMASI GENÇLER-KIZLAR,2026-02-10,45,30,MENTEŞE ÖĞRETMENEVİ
1350095,Gävleborgs Indv.-blixtschack-DM_2026 ,2026-02-07,3,2,"Mikealsgården, Valbo"
1350096,NAPH HWANGE EAST UNDER 10 2026 ,2026-02-09,30,0,Hwange Lwendulo Primary School
1350097,15th Feb IntChess Asia Blitz - Open ,2026-02-15,3,2,"12 Woodlands Square, Woods Square Tower 1 #15-73, Singapore 737715"
1350099,Junioru Kauss - IV - 2026 (28.02.-01.03.2026) ,2026-02-28,,0,"Vaidavas 6, 011 kabinets, Rīga"
1350100,The NCF North Central Zone ABUJA MONTHLY CLASSICAL CHESS TOURNAMENT FEBRUARY2026 ,2026-02-14,60,30,Abuja
1350101,Junioru Kauss - III - 2026.(28.02.-01.03.26) ,2026-02-28,,0,"Vaidavas 6, 011 kabinets, Rīga"
1350102,XX Interescolar de Ajedrez en Valencia ,2026-02-15,10,0,Polideportivo Benimaclet (c/Daniel Balaciart s/n)
467992,Championship SFO 2026. Blitz. Women ,2026-03-15,3,2,Prokopyevsk
1350104,ОТКРЫТЫЙ ГОРОДСКОЙ ТУРНИР ПО ТАВРЕЛЯМ В ЧЕСТЬ ДНЯ ЗАЩИТНИКА ОТЕЧЕСТВА 2026 ,2026-02-22,10,5,"Псков, ул.Яна Фабрициуса 3 (ИДП ""КАИССА"")"
1350105,квалификационный турнир с выполнением 2 разряда ,2026-02-21,60,30,
1350106,14-и МЕМОРИАЛ   АЛ. ХАДЖИПЕТРОВ 21 МАРТ 2026 г.,2026-03-21,10,5,Бургас; хотел АКВА; зала АМФИБИЯ
467442,62nd Parents-Love-Chess Rated Series - Standard ,2026-03-07,60,30,"257A4, đường Nguyễn Văn Lượng, phường Gò Vấp, TP.HCM"
1350107,квалификационный турнир с выполнением 3 разряда ,2026-02-21,60,30,
1350111,  15 fevral U /16  Beynalxalg  Rapid Reyting  Turnir Bahruz Chess Club    U 1800  15.00 əlagə 055 200 3001 fond 50 faiz,2026-02-15,10,3,
1350112,"Чемпионат и Первенство ""Белая Ладья"" лицея Технический ",2026-02-10,10,10,Владивосток
1350113,Cigand Diak Nyílt 1 LANY ,2026-02-11,15,5,"Cigand, Kantor Mihaly AI, Iskola u. 8."
1350117,Belváros-Lipótváros Sakk Diákolimpia 2026 Fiú 4. KCS ,2026-02-10,2,0,"ELTE Apáczai Csere János Gyakorló Gimnázium, Budapest, Papnövelde u. 4-6, 1053"
1350116,Belváros-Lipótváros Sakk Diákolimpia 2026 Fiú 5. KCS ,2026-02-10,2,0,"ELTE Apáczai Csere János Gyakorló Gimnázium, Budapest, Papnövelde u. 4-6, 1053"
1350115,Belváros-Lipótváros Sakk Diákolimpia 2026 Fiú 6. KCS ,2026-02-10,2,0,"ELTE Apáczai Csere János Gyakorló Gimnázium, Budapest, Papnövelde u. 4-6, 1053"
1350118,Belváros-Lipótváros Sakk Diákolimpia 2026 Fiú 3. KCS ,2026-02-10,2,0,"ELTE Apáczai Csere János Gyakorló Gimnázium, Budapest, Papnövelde u. 4-6, 1053"
1350120,Belváros-Lipótváros Sakk Diákolimpia 2026 Fiú 1. KCS ,2026-02-10,2,0,"ELTE Apáczai Csere János Gyakorló Gimnázium, Budapest, Papnövelde u. 4-6, 1053"
1350119,Belváros-Lipótváros Sakk Diákolimpia 2026 Fiú 2. KCS ,2026-02-10,2,0,"ELTE Apáczai Csere János Gyakorló Gimnázium, Budapest, Papnövelde u. 4-6, 1053"
1350121,Belváros-Lipótváros Sakk Diákolimpia 2026 Lány 1. KCS ,2026-02-10,2,0,"ELTE Apáczai Csere János Gyakorló Gimnázium, Budapest, Papnövelde u. 4-6, 1053"
1350123,Belváros-Lipótváros Sakk Diákolimpia 2026 Lány 3. KCS ,2026-02-10,2,0,"ELTE Apáczai Csere János Gyakorló Gimnázium, Budapest, Papnövelde u. 4-6, 1053"
1350124,Belváros-Lipótváros Sakk Diákolimpia 2026 Lány 4. KCS ,2026-02-10,2,0,"ELTE Apáczai Csere János Gyakorló Gimnázium, Budapest, Papnövelde u. 4-6, 1053"
1350125,Belváros-Lipótváros Sakk Diákolimpia 2026 Lány 5. KCS ,2026-02-10,2,0,"ELTE Apáczai Csere János Gyakorló Gimnázium, Budapest, Papnövelde u. 4-6, 1053"
1350127,Circuito FISCO PAULISTA de Xadrez Rápido 2026  - Torneio 1 MENORES - 1ª Etapa - Ribeirão Preto-SP,2026-01-31,11,5,Ribeirão Preto-SP
1350129,5ο ΝΕΑΝΙΚΟ ΤΟΥΡΝΟΥΑ U16 RAPID (ΑΠΟΚΡΙΑΤΙΚΟ) - ΑΟ ΝΕΟΙ ΒΥΡΩΝΟΣ ΚΥΡΙΑΚΗ 15/02/2026 Ώρα προσέλευσης : 16.30-17.00,2026-02-15,10,3,Ταύρου 4 Βύρωνας 
1350132,Desporto Escolar _Xadrez ,2026-02-05,,0,
1350130,Турнир на 2 разряд Валиханова 5 King ,2026-02-14,30,30,
1350131,Cigand Diak Nyílt 2 LANY ,2026-02-11,15,5,"Cigand, Kantor Mihaly AI, Iskola u. 8."
465783,"IRT RAPIDO DE CARNAVAL ""RAUL SANGUINETI"" 2026 Bernal, Buenos Aires. ",2026-02-28,10,3,"CLUB MAIKOVSKI, Rodriguez Peña 26, Bernal. Buenos Aires. Argentina"
1350134,TURNAMENT CATUR HABIB CUP MENYAMBUT BULAN SUCI RAMADHAN 2026 ,2026-02-15,10,3,PAMEKASAN
1350135,Блиц в СП «Россия молодая» 10 февраля 2026 года ,2026-02-10,5,3,"Москва, Проспект Мира, д.43."
1350136,Cigand Diak B 3 LANY ,2026-02-11,15,5,"Cigand, Kantor Mihaly AI, Iskola u. 8."
1350138,"ЧЕМПІОНАТ М. КАМ'ЯНЕЦь-ПОДІЛЬСЬКИЙ U12, U14 ",2026-02-20,35,30,М. КАМ'ЯНЕЦЬ-ПОДІЛЬСЬКИЙ
1350139,Cigand Diak B 4 LANY ,2026-02-11,15,5,"Cigand, Kantor Mihaly AI, Iskola u. 8."
1350140,"Тренировочный турнир ЦШК ""ASTANA""",2026-02-09,3,2,
1350141,Cigand Diak B 5 LANY ,2026-02-11,15,5,"Cigand, Kantor Mihaly AI, Iskola u. 8."
1350142,Cigand Diak B 6 LANY ,2026-02-11,15,5,"Cigand, Kantor Mihaly AI, Iskola u. 8."
1350144,Cigand Diak Nyílt 1 FIU ,2026-02-11,15,5,"Cigand, Kantor Mihaly AI, Iskola u. 8."
1350146,NAPH HWANGE EAST UNDER 12 2026 ,2026-02-09,,0,HWANGE-LWENDULU
1350145,Circuito CXN 2026 - Etapa 1 ,2026-02-09,8,5,
1350147,NAPH HWANGE EAST  UNDER 14 2026 ,2026-02-09,30,0,Hwange-Lwendulu
1350149,33rd Zehne Pouya Weekly Blitz(Shiraz-1404/11/20) ,2026-02-09,3,2,
1350151,Чемпионат Западно-Казахстанской области среди мужчин ,2026-02-10,45,30,Uralsk
1350148,"Муниципальный этап областных соревнований по шахматам ""Белая ладья"" среди команд общеобразовательных организаций в 2026 году. Финал",2026-02-12,11,0,"Сызрань, СП ДТДиМ ГБОУ СОШ № 14 г.о. Сызрань, ул. Ульяновская, 145"
1350152, UAE - Kuwait  Brothers Forever Chess Classical Champion ,2026-02-09,40,20,Al Ain
1350150,Cigand Diak Nyílt 2 FIU ,2026-02-11,15,5,"Cigand, Kantor Mihaly AI, Iskola u. 8."
1350153,Cigand Diak B 3 FIU ,2026-02-11,15,5,"Cigand, Kantor Mihaly AI, Iskola u. 8."
1350154,Blitz Championship Kamianets-Podilskyi 2026 ,2026-02-14,3,0,Kamianets-Podilskyi
1350160,2025-2026 TOKAT OKULSPORLARI İL BİRİNCİLİĞİ KÜÇÜKLER GENEL KATEGORİSİ,2026-02-10,35,30,TOKAT ÇOK AMAÇLI SPOR SALONU
1350159,Cigand Diak B 4 FIU ,2026-02-11,15,5,"Cigand, Kantor Mihaly AI, Iskola u. 8."
1350161,Cigand Diak B 5 FIU ,2026-02-11,15,5,"Cigand, Kantor Mihaly AI, Iskola u. 8."
420548,II. Csatári Sakk Csaták /  A-csoport,2026-05-01,10,5,"Kultúrház, 8943 Csatár, Kossuth utca 1."
1350163,II. Csatári Sakk Csaták /  B-csoport,2026-05-01,10,5,"Kultúrház, 8943 Csatár, Kossuth utca 1."
1350528,Белая Ладья 2026 ,2026-02-08,30,30,Стерлитамак
1350164,2025-2026 TOKAT OKULSPORLARI İL BİRİNCİLİĞİ KÜÇÜKLER KIZLAR KATEGORİSİ,2026-02-10,35,30,TOKAT ÇOK AMAÇLI SPOR SALONU
1350165,2025-2026 TOKAT OKULSPORLARI İL BİRİNCİLİĞİ YILDIZLAR GENEL KATEGORİSİ,2026-02-10,35,30,TOKAT ÇOK AMAÇLI SPOR SALONU
1350169,2025-2026 TOKAT OKULSPORLARI İL BİRİNCİLİĞİ YILDIZLAR KIZLAR KATEGORİSİ,2026-02-10,35,30,TOKAT ÇOK AMAÇLI SPOR SALONU
1350170,Cigand Diak B 6 FIU ,2026-02-11,15,5,"Cigand, Kantor Mihaly AI, Iskola u. 8."
1350171,2025-2026 TOKAT OKULSPORLARI İL BİRİNCİLİĞİ GENÇLER GENEL KATEGORİSİ,2026-02-12,35,30,TOKAT ÇOK AMAÇLI SPOR SALONU
1350172,WYK Internal Fast Classical Spring 2026 ,2026-01-26,45,30,"Room 226, Wah Yan College Kowloon"
1350173,2025-2026 TOKAT OKULSPORLARI İL BİRİNCİLİĞİ GENÇLER KIZLAR KATEGORİSİ,2026-02-12,35,30,TOKAT ÇOK AMAÇLI SPOR SALONU
1350174,Oudussa Trials 1 2026 Open ,2026-02-14,55,5,Dysselsdorp
1350175,Feb 22nd 2026 Under 16Morning 9.15M contact 9845466416 ,2026-02-22,,0,
1350176,Feb 22nd 2026 Under 10 Afternoon 2PM Contact 9845466416 ,2026-02-22,,0,
1350177,Town Development Fund Chess Championship ,2026-02-09,15,10,"New Baneshwor, Kathmandu"
1350178,2026 1-2 юн февраль  рапид ,2026-02-21,10,5,деревня Старая
1350179,KEJOHANAN CATUR MSS DAERAH BAGAN DATUK TAHUN 2026 LELAKI 11 TAHUN,2026-02-09,25,0,SM SAINS TELUK INTAN
1350181,"Кубок Э.Ласкера февраль 2026 группа ""Medium"" ",2026-02-14,30,30,Москва
1350183,"Кубок Э.Ласкера февраль 2026 группа ""Level"" ",2026-02-14,30,30,Москва
1350182,KEJOHANAN CATUR MSS DAERAH BAGAN DATUK TAHUN 2026 LELAKI 12 TAHUN,2026-02-09,25,0,"SM SAINS TELUK INTAN, BAGAN DATUK"
1350184,Rudaga-Kaissa 2026 Winter - Tournament E ,2026-02-21,,0,Semarah hotel Lielupe. Adress: Bulduru prospekts 64/68
1350185,"CLUB DE AJEDREZ ZUGZWANG - TORNEO ABIERTO BLITZ DE LOS SABADOS - 7 MIN. + 3 SEG  Medallas primer, segundo y tercer puesto !  - Cuarto torneo gratis en 60 días !",2026-02-14,7,3,JUAN A. GARCIA 5270  CABA
1350186,Rudaga-Kaissa 2026 Winter - Tournament F ,2026-02-21,,0,Semarah hotel Lielupe. Adress: Bulduru prospekts 64/68
1350187,KEJOHANAN CATUR MSSD MANJUNG 2026 P12,2026-02-10,25,0,SK MUHAMMAD SAMAN
1350188,Rudaga-Kaissa 2026 Winter - Tournament H Rapid ,2026-02-21,10,5,Semarah hotel Lielupe. Adress: Bulduru prospekts 64/68
1350189,"Feb 15, Lucknow, CCBW Maha Shivaratri Chess Open Section A -  Rated Players Any Age",2026-02-15,15,5,"Hotel Golden Apple, Lucknow"
1350192,"Feb 15, Lucknow, CCBW Maha Shivaratri Chess Open Section B -  Unrated Players Any Age",2026-02-15,15,5,"Hotel Golden Apple, Lucknow"
1350193,"Feb 15, Lucknow, CCBW Maha Shivaratri Chess Open Section C -  Unrated Under 16 ",2026-02-15,15,5,"Hotel Golden Apple, Lucknow"
1350196,KEJOHANAN CATUR MSS DAERAH BAGAN DATUK TAHUN 2026 PEREMPUAN 12 TAHUN,2026-02-10,25,0,SM SAINS TELUK INTAN
1350197,KEJOHANAN CATUR MSS DAERAH BAGAN DATUK TAHUN 2026 PEREMPUAN 11 TAHUN,2026-02-10,25,0,SM SAINS TELUK INTAN
1350200,Women - Kalibulong Sports and Cultural Competetion Chess Tournament 2026 ,2026-02-09,15,0,DNSC 
1350198,Девојчице 4 разред Општинско Првенство ОШ Сурчин,2026-02-08,10,5,Јаково
1350201,Девојчице 7 разред Општинско Првенство ОШ Сурчин,2026-02-08,10,5,Јаково
1350199,Men - Kalibulong Sports and Cultural Competetion Chess Tournament 2026 ,2026-02-09,15,0,DNSC 
1350213,FEDERADOS DGA CADIZ 2026 CATEGORIAS 2026 - ORDENADOS ELO FADA,2026-01-30,90,30,
1350204,Кубок СШОР Юность по быстрым шахматам 4 этап ,2026-02-09,10,5,"Киров, Динамовский проезд 10"
1350206,Warwick Chess Engines Competition 2026 ,2026-02-10,,0,"University of Warwick, Coventry, UK"
1350207,Torneio de Carnaval Aberto - 2026 ,2026-02-21,10,5,Mossoró
1350208,Shushary Chess Blitz VI Division B ,2026-02-14,3,2,Санкт-Петербург
1350209,SMJK Chung Ling Butterworth Chess Competition 2026 ,2026-02-10,5,0,E3-1 classroom
1350210,Первенство города по быстрым шахматам М11 ,2026-02-09,10,5,Апатиты
1350211,19-04-26 DOMINGO 9:30- RAPIDO CURITIBA CHESS OPEN    LOCAL SOCIEDADE THALIA,2026-04-19,10,0,"SOCIEDADE THALIA- R. Comendador Araújo, 338- CENTRO- CURITIBA-PARANÁ - BR"
1350212,"SIRKUITAN RUTIN PERCA PPI, 09 FEB 2026 ",2026-02-09,,0,
1350214,Shushary Chess Blitz VI Division A ,2026-02-14,3,2,Санкт-Петербург
1350215,"КТ го Самара по шахматам, быстрым шахматам, блицу и шахматной композиции в 2026  году. Самарская шахматная гостиная - 4",2026-02-14,10,5,"г. Самара, Самарская шахматная гостиная"
1350216,Сенат Опен 1/8 финала среди работников системы здравоохранения ,2026-02-14,10,5,Almaty
1350217,Toreneo Copa Independencia 2026 (Rapido) ,2026-03-07,10,10,Distrito Nacional
473186,20-04-26 SEGUNDA-FEIRA  9:30- BLITZ CURITIBA CHESS OPEN    LOCAL SOCIEDADE THALIA,2026-04-20,3,0,"SOCIEDADE THALIA.  Rua Comendador Araújo, 338 - CENTRO- CURITIBA- PARANÁ"
1350221,Первенство города по быстрым шахматам Ю15 ,2026-02-06,10,5,Апатиты
462650,U8 boys Uzbekistan championship Rapid ,2026-02-10,10,2,Tashkent
1350222,Первенство города по быстрым шахматам М13 ,2026-02-06,10,5,Апатиты
1350223,Первенство города по быстрым шахматам Ю17 ,2026-02-06,10,5,Апатиты
1350225,ROSFEST 2026 CHESS,2026-02-09,15,0,
1350227,YJCA Grand Prix 25-26 York Major ,2026-01-31,25,0,"Bootham School, York"
1350228,YJCA Grand Prix 25-26 York Intermediate ,2026-03-22,25,0,"Bootham School, York"
463510,"""DZ Chess III"" FIDE Rated Open Tournament ",2026-02-10,60,0,Umnugovi province
1350229,YJCA Grand Prix 25-26 York Minor ,2026-03-22,25,0,"Bootham School, York"
1350230,YJCA Grand Prix 25-26 York Novice ,2026-03-22,25,0,"Bootham School, York"
1350231,Рапид до 1150 на Международной ,2026-02-07,10,5,Санкт-Петербург
1350232,Sahand Chess Club Rated Blitz-11-13 SCC ,2025-12-08,5,3,Maragha
1350233,Ekipni Kup Dubrovačko-neretvanske županije za 2026. godinu ,2026-02-21,30,30,"Ploče, Pučko otvoreno učilište, Gračka 2"
1350234,[MEN] PUTRA PUTRI MUDA CATUR MASJID SELAYANG BARU 2026 ,2026-02-14,20,2,MASJID SELAYANG BARU
1350236,TCA Junior Chess Open Championship 2026 - Open [3rd April] ,2026-04-03,25,0,"SGCC, 2nd floor, Heliconia Wing, 22 Kensington Park Road, S 557271"
1350235,Summer Chess Camp Betania 2026 - Peoncitos ❤ ,2026-02-09,5,3,Junta Comunal de Betania
1350237,TCA Junior Chess Open Championship 2026 - Under 12 [3rd April] ,2026-04-03,25,0,"SGCC, 2nd floor, Heliconia Wing, 22 Kensington Park Road, S 557271"
1350238,TCA Junior Chess Open Championship 2026 - Under 10 [3rd April] ,2026-04-03,25,0,"SGCC, 2nd floor, Heliconia Wing, 22 Kensington Park Road, S 557271"
1350239,TCA Junior Chess Open Championship 2026 - Under 8 [3rd April] ,2026-04-03,25,0,"SGCC, 2nd floor, Heliconia Wing, 22 Kensington Park Road, S 557271"
1350240,[WOMEN] PUTRA PUTRI MUDA CATUR MASJID SELAYANG BARU 2026 ,2026-02-14,20,2,MASJID SELAYANG BARU
467382,III Torneig de Inmobilacc-Barad Memorial Juanan ,2026-04-10,90,30,"C/ Sant Quirze, 2 08221 Terrassa"
1350242,2026年“博智弈杯”国际象棋精英赛 ,2026-02-12,30,0,南京市博智弈国际象棋俱乐部
1350243,Summer Chess Camp Betania 2026 - Caballos ❤ ,2026-02-09,5,3,Junta Comunal de Betania
1350245,Первый этап Кубка Воронежской области по быстрым шахматам 2026 ,2026-02-14,10,5,"Воронеж, ОШК, Воронежская область"
1350246,"Февральски Гран-при idChess в Этюде (""сдвоенный"" турнир №3+№6, туры №№1-4, 5-8) ШШ ""Этюд"", Москва, ул. Римского-Корсакова, 10, 8-499-903-68-21",2026-02-09,10,5,"Москва, метро Отрадное, ул. Римского-Корсакова, 10"
1350244,Kejohanan Catur Piala Ketua Polis Negara 2026 - Berpasukan Lelaki,2026-02-10,30,30,"Level 105, Exchange 106 Tower"
1350247,Зона 4_10.02.26г ,2026-02-10,10,5,Гулькевичи
1350249,Первый этап Кубка Воронежской области по блицу 2026 ,2026-02-15,3,2,"Воронеж, ОШК, Воронежская область"
1350253,EKITI CHESS HEIGHTS FEBRUARY 2026  ,2026-02-07,,0,ADO-EKITI
1350252,Турнир по классическим шахматам ДЮТЦ ВО февраля-март 2026  Первая лига,2025-02-09,60,10,Санкт-Петербург
1350254,teste ,1926-02-09,3,2,
1350255,2026年“博智弈杯”国际象棋迎春赛 ,2026-02-18,30,0,南京市博智弈国际象棋俱乐部
1350256,Турнир по быстрым шахматам СШ им. Александра Козицына-А ,2026-02-14,10,5,г. Верхняя Пышма
1350258,Многоэтапный турнир города Смоленска - 2026  на призы ПШШ «Корона» 6 лига,2026-02-14,10,5,Смоленск
1350259,Многоэтапный турнир города Смоленска - 2026  на призы ПШШ «Корона» 5 лига,2026-02-14,10,5,Смоленск
1350261,Многоэтапный турнир города Смоленска - 2026  на призы ПШШ «Корона» 3 лига,2026-02-21,10,5,Смоленск
1350262,Многоэтапный турнир города Смоленска - 2026  на призы ПШШ «Корона» 2 лига,2026-02-21,10,5,Смоленск
1350260,Многоэтапный турнир города Смоленска - 2026  на призы ПШШ «Корона» 4 лига,2026-02-15,10,5,Смоленск
1350263,Многоэтапный турнир города Смоленска - 2026  на призы ПШШ «Корона» 1 лига,2026-02-22,10,5,Смоленск
1350264,Турнир по быстрым шахматам СШ им Александра Козицына-В ,2026-02-14,10,5,г. Верхняя Пышма
1350265,بطولة الاستاذ موفق محمد ,2026-02-13,4801911,0,
1350266,2025-2026 ÖĞRETİM YILI OKULLAR ARASI MAHALLİ TEKİRDAĞ KÜÇÜKLER  SATRANÇ TURNUVASI GENEL KATEGORİ,2026-02-10,45,30,ÇORLU ÇOK AMAÇLI SPOR SALONU
1350267,JUEGOS ESCOLARES INTER-PRIMARIAS SECTOR II AJEDREZ POR EQUIPOS (MIXTO),2026-02-09,10,5,MTRA. ELOISA CONTRERAS ZAPATA DIRECTORA COLEGIO PART. OQUETZA CUAUTLA MOR.
1350268,2025-2026 ÖĞRETİM YILI OKULLAR ARASI MAHALLİ TEKİRDAĞ KÜÇÜKLER  SATRANÇ TURNUVASI KIZLAR KATEGORİSİ,2026-02-10,45,30,ÇORLU ÇOK AMAÇLI SPOR SALONU
1350269,Турнир по быстрым шахматам СШ им. Александра Козицына-С ,2026-02-14,10,5,г. Верхня Пышма
1350270,Sahand Chess Club Team Blitz-11-20 ,2025-12-15,2,3,Maragha
1350271,53rd Shanti Swarup Bhatnagar Memorial Chess Tournament 2026 (Women's) ,2026-02-10,45,0," CSIR, Jorhat"
462641,2026 13e Championnat  féminin junior du Québec ,2026-03-22,10,10,"Montréal, QC"
1350273,53rd Shanti  Swarup Bhatnagar Memorial Chess Tournament 2026 (Man's) ,2026-02-10,45,0,"CSIR, Jorhat"
1350277,Keong Hoe 2026 U12B   ,2026-02-10,10,0,
467661,CAMPEONATO REGIONAL SUPERIOR CENTRO NORTE FEMENINO - HUACHO 2026 ,2026-02-13,60,30,"Av. 2 de Mayo 622 – Huacho, Canguritos Cuna Jardin | Colegio Virgen Maria"
1350278,2026 Championnat féminin scolaire du Québec /  Section Maternelle-6eme,2026-03-22,10,10,"Montréal, QC"
1350279,II Pensado C.X.Jaraguá - 07 e 08/03 ,2026-03-07,30,30,C.X.Jaraguá (Clube de Xadrez de Jaraguá)
1350280,"«Детская шахматная лига», 1 этап (№ КП НСО 01-0182) группа А",2026-02-22,15,0,"Новосибирская область, р.п. Кольцово, ул. Молодежная, 7, МБОУ «Лицей Технополис»"
1350283,B12 - Muar Chess Tournament 2026 ,2026-02-14,15,3,"Dewan Al-Khawarizmi, SMKA Maahad Muar, Johor"
1350282,JUEGOS ESCOLARES INTER-PRIMARIAS SECTOR II AJEDREZ RAMA FEMENIL,2026-02-09,10,5,MTRA. ELOISA CONTRERAS ZAPATA DIRECTORA DEL COLEGIO OQUETZA CUAUTLA MOR.
1350591,3rd Trinakria International Festival ,2026-07-26,40,15,
1350284,"«Детская шахматная лига», 1 этап (№ КП НСО 01-0182) группа B",2026-02-22,10,5,"Новосибирская область, р.п. Кольцово, ул. Молодежная, 7, МБОУ «Лицей Технополис»"
1350285,JUEGOS ESCOLARES INTER-PRIMARIAS SECTOR II AJEDREZ RAMA VARONIL,2026-02-09,10,5,MTRA.  ELOISA CONTRERAS ZAPATA DIRECTORA COLEGIO OQUETZA CUAUTLA MOR
1350289,"«Детская шахматная лига», 1 этап (№ КП НСО 01-0182) группа С",2026-02-22,10,5,"Новосибирская область, р.п. Кольцово, ул. Молодежная, 7, МБОУ «Лицей Технополис»"
1350291,"«Детская шахматная лига», 1 этап (№ КП НСО 01-0182) группа D",2026-02-22,10,5,"Новосибирская область, р.п. Кольцово, ул. Молодежная, 7, МБОУ Лицей Технополис "
1350293,2026 Midstream Chess 960  ,2026-02-09,10,0,
1350292,B15 - Muar Chess Tournament 2026 ,2026-02-14,15,3,"Dewan Al-Khawarizmi, SMKA Maahad Muar, Johor"
1350294,Torneo 15 Aniversario de La Plaza de Ajerdrez categoria Libre Plaza de Ajedrez El Carmen,2026-02-14,15,5,San Cristóbal de Las Casas
1350298,Сенат Опен 1/8 финала среди работников культуры и искусства ,2026-02-13,10,5,Almaty
1350297,مسابقات دختران متوسطه  اول استان فارس 21 بهمن 1404 ,2026-02-10,20,0,Shiraz
1350299,"V Torneio Clássico da UFAL - DSA Money - R$ 1.300,00 em Prêmios ",2026-02-16,90,30,"Maceió, AL"
467223,172 IRT Rapidas Armagedon vs San Marcos ,2026-02-22,10,2,San Miguel
1350302,Prvenstvo ŠK Goran Bibinje za 2026. godinu - Seniori ,2026-02-09,60,30,Bibinje
1350301,"XXVI Festival de Arte y Cultura CECyTEZ - EMSaD 25 - 26 Torneo Final Selectivo Estatal de Ajedrez, Zacatecas 2026",2026-03-30,25,5,Zacatecas
1350303,Latgales Skolu šaha olimpiādes atlases posms Madonā (1.-4. kl. zēni) ,2026-02-16,10,5,"Valdemāra bulvāris 6, Madona, Madonas pilsētas vidusskola"
1350304,1 Torneio Marisol Peão Solidário  Sub 14 Open,2026-02-07,,0,
1350305,Кубок города Липецка по шахматам (1 этап) - турнир А ,2026-02-11,1,30,"Г. Липецк, ул. Неделина, д.20."
1350307,Кубок города Липецка по шахматам (1 этап) - турнир В ,2026-02-11,1,30,"Г. Липецк, ул. Неделина, д.20."
1350308,Кубок города Липецка по шахматам (1 этап) - турнир Г ,2026-02-11,1,30,"Г. Липецк, ул. Неделина, д.20."
1350309,Кубок города Липецка по шахматам (1 этап) - турнир Д ,2026-02-11,1,30,"Г. Липецк, ул. Неделина, д.20."
1350310,Кубок города Липецка по шахматам (1 этап) - турнир Е ,2026-02-11,1,30,"Г. Липецк, ул. Неделина, д.20."
1350316,Општинско првенство ОШ Деспотовца - М 1 ,2026-02-21,10,5,Деспотовац
1350315,SRCA BLITZ BATTLE CHESS TOURNAMENT 15 MAR 26 ,2026-03-15,3,2,"BINGE CENTRAL, CANDOR TECHSPACE NOIDA, SECTOR-62 UP"
1350317,Општинско првенство ОШ Деспотовца - М 2 ,2026-02-21,10,5,Деспотовац
1350319,Општинско првенство ОШ Деспотовца - М 3 ,2026-02-21,10,5,Деспотовац
1350320,Latgales Skolu šaha olimpiādes atlases posms Madonā (5.-8. kl. zēni un meitenes) ,2026-02-16,10,5,"Valdemāra bulvāris 6, Madona, Madonas pilsētas vidusskola"
1350321,Општинско првенство ОШ Деспотовца - М 4 ,2026-02-21,10,5,Деспотовац
1350323,Општинско првенство ОШ Деспотовца - М 6 ,2026-02-21,10,5,Деспотовац
1350324,Општинско првенство ОШ Деспотовца - М 7 ,2026-02-21,10,5,Деспотовац
1350325,Општинско првенство ОШ Деспотовца - М 8 ,2026-02-21,10,5,Деспотовац
1350326,Општинско првенство ОШ Деспотовца - Ж 1 ,2026-02-21,10,5,Деспотовац
1350327,Circuito Rápido de Osasco - 1ª etapa - 2026                               ,2026-03-15,10,3,Alesp - Auditório Franco Montoro
1350328,Општинско првенство ОШ Деспотовца - Ж 2 ,2026-02-21,10,5,Деспотовац
1350329,Kuwait Blitz Chess Tournament 2026  ,2026-02-10,3,2,
1350322,Општинско првенство ОШ Деспотовца - М 5 ,2026-02-21,10,5,Деспотовац
1350330,Општинско првенство ОШ Деспотовца - Ж 3 ,2026-02-21,10,5,Деспотовац
1350331,Општинско првенство ОШ Деспотовца - Ж 4 ,2026-02-21,10,5,Деспотовац
1350333,Општинско првенство ОШ Деспотовца - Ж 6 ,2026-02-21,10,5,Деспотовац
1350332,Општинско првенство ОШ Деспотовца - Ж 5 ,2026-02-21,10,5,Деспотовац
1350335,Општинско првенство ОШ Деспотовца - Ж 7 ,2026-02-21,10,5,Деспотовац
1350336,Општинско првенство ОШ Деспотовца - Ж 8 ,2026-02-21,10,5,Деспотовац
1350337,Општинско првенство ОШ Деспотовца - ЕКИПНО ,2026-02-22,10,5,Деспотовац
1350338,SUA2026Nr2 ,2026-04-27,8,0,Basel
1350339,II IRT KAOS CHESS CLUB_CATEGORÍA ABIERTA (CELULAR: 0987944029) ,2026-05-29,60,30,Quito
1350340,СОРЕВНОВАНИЯ ПО ШАХМАТАМ  «ШАХМАТНОЕ ПОЛЕ»  2026 ,2026-02-23,10,5,Кольчугино
1350341,4-րդ կարգի որակավորման մրցաշար(Ստեփանավան) ,2026-02-03,1,0,
1350342,1 Torneio Marisol Peão Solidário  Sub 8 Open,2026-02-07,,0,
1350343,2025-2026 ÖĞRETİM YILI OKULLAR ARASI MAHALLİ DENİZLİ KÜÇÜKLER SATRANÇ TURNUVASI KÜÇÜKLER GENEL  KATEGORİ,2026-02-10,45,30,PAMUKKALE SATRANÇ SALONU
1350344,2025-2026 ÖĞRETİM YILI OKULLAR ARASI MAHALLİ DENİZLİ KÜÇÜKLER SATRANÇ TURNUVASI KÜÇÜKLER KIZLAR  KATEGORİ,2026-02-10,45,30,PAMUKKALE SATRANÇ SALONU
1350345,GXT TOPAKETAK LH3 12-2-2026 ,2026-02-09,,0,DONOSTIA
1350347,Latgales Skolu šaha olimpiādes atlases posms Madonā (1.-4. kl. meitenes) ,2026-02-16,10,5,"Valdemāra bulvāris 6, Madona, Madonas pilsētas vidusskola"
1350348,POJEDINAČNO KADETSKO PRVENSTVO ZŽ 2026. U09 M ,2026-02-14,15,10,"Vatrogasnom domu,Buševec, Sisačka 2"
1350349,POJEDINAČNO KADETSKO PRVENSTVO ZŽ 2026. U11 M ,2026-02-14,30,25,"Vatrogasnom domu,Buševec, Sisačka 2"
1350350,Trofeul Centrului de sah Cahul  ,2026-02-21,15,5,"Palatul Culturii ""Nicolae Botgros"" Cahul"
1350346,POJEDINAČNO KADETSKO PRVENSTVO ZŽ 2026. U07 M ,2026-02-14,15,10,"Vatrogasnom domu,Buševec, Sisačka 2"
1350351,POJEDINAČNO KADETSKO PRVENSTVO ZŽ 2026. U13 M ,2026-02-14,30,25,"Vatrogasnom domu,Buševec, Sisačka 2"
1350353,POJEDINAČNO KADETSKO PRVENSTVO ZŽ 2026. U15 M ,2026-02-14,30,25,"Vatrogasnom domu,Buševec, Sisačka 2"
1350355,POJEDINAČNO KADETSKO PRVENSTVO ZŽ 2026. U09 Ž ,2026-02-14,15,10,"Vatrogasnom domu,Buševec, Sisačka 2"
1350357,POJEDINAČNO KADETSKO PRVENSTVO ZŽ 2026. U13 Ž ,2026-02-14,30,25,"Vatrogasnom domu,Buševec, Sisačka 2"
1350359,مسابقات دختران متوسطه دوم استان فارس 21 بهمن 1404 ,2026-02-10,20,0,Shiraz
1350358,POJEDINAČNO KADETSKO PRVENSTVO ZŽ 2026. U15 Ž ,2026-02-14,30,25,"Vatrogasnom domu,Buševec, Sisačka 2"
1350361,PSY:n nopea shakki 9.2.2026 ,2026-02-09,,0,Pori
1350362,Školní kolo 1.ZŠ Cheb 1.-5.třída  přebor škol KV kraje,2026-02-09,10,5,Cheb
1350363,Školní kolo 1.ZŠ Cheb 6.-9.třída  přebor škol KV kraje 2026,2026-02-09,10,5,Cheb
1350360,Trofeul Centrului de sah Cahul B Neomologat ,2026-02-09,15,5,"Palatul Culturii ""Nicolae Botgros"" Cahul"
1350364,"II Torneo Femenino ""Mujer en la Ciencia"" IES Jacarandá",2026-03-11,10,3,IES Jacarandá. Calle Diamantino García Brenes (Sevilla)
1350367,Отборочный этап Белая Ладья (Ферзиково) ,2026-02-10,,0,
1350368,Kejohanan Catur Piala Ketua Polis Negara 2026 - Individu Wanita,2026-02-10,30,30,"Level 105, Exchange 106 Tower"
1350369,Lunes carnaval ,2026-02-09,5,0,Martintxo
462651,U8 girls Uzbekistan championship Rapid ,2026-02-10,10,2,Tashkent
1350372,Qatar Foundation Schools and Academies Chess Championship 2026 ,2026-02-10,8,0,Qatar Foundation
462646,U8 boys Uzbekistan championship Blitz ,2026-02-11,3,0,Tashkent
1350387,Campeonato Feirense de Xadrez RÁPIDO (10+5)  2026 - ETAPA 8 (FIDE) ,2026-11-14,10,5,SESI - Feira de Santana - BA
1350374,CUPA DE IARNA DEVA TURNEU A Neomologat ,2026-02-14,10,5,Restaurant President
462647,U8 girls Uzbekistan championship Blitz ,2026-02-11,3,0,Tashkent
1350376,5-6 классы НШЛ 2026  Дата проведения: 10-12 февраля 2026 г.,2026-02-10,10,5,г.Семей
1350378,7-8 классы НШЛ 2026 Дата проведения: 10-12 февраля 2026 г.,2026-02-10,10,5,г.Семей
1350377,CIRCUITO DE TORNEOS MACOGRA 2 ,2026-02-19,5,1,"ZIHAUTANEJO DE AZUETA, GUERRERO, MEXICO"
1350379,IRT Clasico INBTEL Tampico 2026 ,2026-02-20,60,0,"Tampico, Tamaulipas"
1350380,Jarny turnaj MERCURY ELITE 2026 ,2026-04-16,2,0,"ZS MERCURY, Bratislava"
462652,14 yoshgacha O'zbekiston chempionati RAPID (o'g'il bolalar) ,2026-02-10,10,2,Tashkent
1350382,Jarny turnaj MERCURY B 2026 ,2026-04-16,2,0,"ZS MERCURY, Bratislava"
1350384,Andre toets A Division ,2026-02-14,25,5,Malmesbury
1350385,Jarny turnaj MERCURY A 2026 ,2026-04-16,2,0,"ZS MERCURY, Bratislava"
1350386,9-11 классы НШЛ 2026 (Область Абай) Дата проведения: 10-12 февраля 2026 г.,2026-02-10,10,5,г.Семей
1350388,2025-2026 ÖĞRETİM YILI OKULLARARASI MAHALLİ KAYSERİ GENÇLER SATRANÇ TURNUVASI KIZLAR KATEGORİSİ,2026-02-12,45,30,Kayseri Atatürk Kapalı Spor Salonu (Stadyum Yanı)
1350389,2025-2026 ÖĞRETİM YILI OKULLARARASI MAHALLİ KÜÇÜKLER GENEL SATRANÇ İL YARIŞMASI KÜÇÜKLER GENEL,2026-02-10,45,30,ÇORUM SPOR SALONU
1350390,2025-2026 ÖĞRETİM YILI OKULLARARASI MAHALLİ KAYSERİ GENÇLER SATRANÇ TURNUVASI GENEL KATEGORİ,2026-02-12,45,30,Kayseri Atatürk Kapalı Spor Salonu (Stadyum Yanı)
1350391,1/4 финала Кубка Сената 2026. Мангистауская область ,2026-05-23,10,5,Aktau
1350392,2025-2026 ÖĞRETİM YILI OKULLARARASI MAHALLİ KAYSERİ KÜÇÜKLER SATRANÇ TURNUVASI GENEL KATEGORİ,2026-02-12,45,30,Kayseri Atatürk Kapalı Spor Salonu (Stadyum Yanı)
1350393,Budapest IX kerületi Diákolimpia Alsósok Fiú I. kcs.,2026-02-09,10,0,Kosztolányi Dezső Általános Iskola (IX. Ifjúmunkás u. 1.)
1350394,2025-2026 ÖĞRETİM YILI OKULLARARASI MAHALLİ KAYSERİ KÜÇÜKLER SATRANÇ TURNUVASI KIZLAR KATEGORİSİ,2026-02-12,45,30,Kayseri Atatürk Kapalı Spor Salonu (Stadyum Yanı)
1350395,Budapest IX kerületi Diákolimpia Alsósok Fiú II. kcs.,2026-02-09,10,0,Kosztolányi Dezső Általános Iskola (IX. Ifjúmunkás u. 1.)
462653,14 yoshgacha O'zbekiston chempionati RAPID (qiz bolalar) ,2026-02-10,10,2,Tashkent
1350398,2025-2026 ÖĞRETİM YILI OKULLARARASI MAHALLİ KAYSERİ YILDIZLAR SATRANÇ TURNUVASI GENEL KATEGORİ,2026-02-12,45,30,Kayseri Atatürk Kapalı Spor Salonu (Stadyum Yanı)
479388,Campeonato Feirense de Xadrez CLASSICO 2026 ,2026-07-25,90,30,SESI - Feira de Santana - BA
1350399,2025-2026 ÖĞRETİM YILI OKULLARARASI MAHALLİ KAYSERİ YILDIZLAR SATRANÇ TURNUVASI KIZLAR KATEGORİSİ,2026-02-12,45,30,Kayseri Atatürk Kapalı Spor Salonu (Stadyum Yanı)
1350400,Budapest IX kerületi Diákolimpia Alsósok Lány I. kcs.,2026-02-09,10,0,Kosztolányi Dezső Általános Iskola (IX. Ifjúmunkás u. 1.)
1350402,Чудо-шашки Шумерлинского мун. округа 2026 года в рамках Месячника ОМСиПР ,2026-02-10,15,0,
1350403,NSK BLIC 09.02.2026. ,2026-02-09,3,2,Novi Sad
1350401,Budapest IX kerületi Diákolimpia Alsósok Lány II. kcs.,2026-02-09,10,0,Kosztolányi Dezső Általános Iskola (IX. Ifjúmunkás u. 1.)
1350405,Budapest IX kerületi Diákolimpia Felsősök Fiú III. kcs.,2026-02-09,10,0,Kosztolányi Dezső Általános Iskola (IX. Ifjúmunkás u. 1.)
1350406,Budapest IX kerületi Diákolimpia Felsősök Fiú IV. kcs.,2026-02-09,10,0,Kosztolányi Dezső Általános Iskola (IX. Ifjúmunkás u. 1.)
1350407,Budapest IX kerületi Diákolimpia Felsősök Lány III. kcs.,2026-02-09,10,0,Kosztolányi Dezső Általános Iskola (IX. Ifjúmunkás u. 1.)
1350408,Budapest IX kerületi Diákolimpia Felsősök Lány IV. kcs.,2026-02-09,10,0,Kosztolányi Dezső Általános Iskola (IX. Ifjúmunkás u. 1.)
1350409,10. Ternitz Osterblitzturnier 2026 ,2026-04-06,5,0,"F. Dinhobl-Straße 2, 2630 Ternitz"
1350410,ONSȘ Gimnaziu - Băieți - Constanța 2026 ,2026-02-14,10,5,Scoala „Spectrum” Constanta
1350411,ONSȘ Gimnaziu - Fete - Constanța 2026 ,2026-02-14,10,5,Scoala „Spectrum” Constanta
1350413,ONSȘ Liceu - Fete - Constanța 2026 ,2026-02-14,10,5,Scoala „Spectrum” Constanta
1350412,ONSȘ Liceu - Băieți - Constanța 2026 ,2026-02-14,10,5,Scoala „Spectrum” Constanta
1350414,Skakkvold TG 2026 feb #2 ,2026-02-09,3,0,Gardabaer
1350415,Torneo Inaugural Academia Forjando Mentes Blitz 3+2 ,2026-02-09,3,2,"Clover Enjoy Bar, Egaña 115, Puerto Montt, Chile."
466545,2nd Royal King Genaveh Standard Cup Bahman 1404 دومین دوره مسابقات شطرنج ریتد استاندارد رویال کینگ بندر گناوه,2026-02-17,60,0,"Bandar Ganaveh, Bushehr Province, Iran"
1350417,2025-2026 ÖĞRETİM YILI OKULLARARASI MAHALLİ KÜÇÜKLER KIZLAR SATRANÇ İL YARIŞMASI KÜÇÜKLER KIZLAR,2026-02-10,45,30,ÇORUM SPOR SALONU
1350419,Budapest IX kerületi Diákolimpia Középiskolások Fiú V. kcs.,2026-02-09,10,0,Kosztolányi Dezső Általános Iskola (IX. Ifjúmunkás u. 1.)
1350421,Budapest IX kerületi Diákolimpia Középiskolások Lány VI. kcs.,2026-02-09,10,0,Kosztolányi Dezső Általános Iskola (IX. Ifjúmunkás u. 1.)
1350422,2025–2026 ÖĞRETİM YILI OKULLARARASI MAHALLİ KEŞAN 2.BÖLGE MİNİKLER B GENEL KATEGORİSİ,2026-02-10,45,30,Keşan Lisesi Kapalı Spor Salonu
1350420,Budapest IX kerületi Diákolimpia Középiskolások Fiú VI. kcs.,2026-02-09,10,0,Kosztolányi Dezső Általános Iskola (IX. Ifjúmunkás u. 1.)
1350423,2025–2026 ÖĞRETİM YILI OKULLARARASI MAHALLİ KEŞAN 2.BÖLGE MİNİKLER A KIZLAR KATEGORİSİ,2026-02-10,45,30,Keşan Lisesi Kapalı Spor Salonu
1350424,2025–2026 ÖĞRETİM YILI OKULLARARASI MAHALLİ KEŞAN 2.BÖLGE MİNİKLER A GENEL KATEGORİSİ,2026-02-10,45,30,Keşan Lisesi Kapalı Spor Salonu
466815,VII MEMORIAL EDUARDO BRITO - TORNEO SAN BLAS 2026 ,2026-02-21,5,3,Villa de Mazo
1350426,2025–2026 ÖĞRETİM YILI OKULLARARASI MAHALLİ KEŞAN 2.BÖLGE KÜÇÜKLER KIZLAR KATEGORİSİ,2026-02-10,45,30,Keşan Lisesi Kapalı Spor Salonu
1350427,2025–2026 ÖĞRETİM YILI OKULLARARASI MAHALLİ KEŞAN 2.BÖLGE KÜÇÜKLER GENEL KATEGORİSİ,2026-02-10,45,30,Keşan Lisesi Kapalı Spor Salonu
1350428,Manisa_2025_26_Okul_Sp_Gencler_Genel_Satranc_Turnuvasi ,2026-02-10,45,30,MANİSA 19 MAYIS STADYUMU GEDİZ SATRANÇ SALONU
1350429,2025–2026 ÖĞRETİM YILI OKULLARARASI MAHALLİ KEŞAN 2.BÖLGE YILDIZ KIZLAR KATEGORİSİ,2026-02-10,45,30,Keşan Lisesi Kapalı Spor Salonu
1350431,2025–2026 ÖĞRETİM YILI OKULLARARASI MAHALLİ KEŞAN 2.BÖLGE YILDIZLAR GENEL KATEGORİSİ,2026-02-10,45,30,Keşan Lisesi Kapalı Spor Salonu
1350430,LIGHT OF LITTLE SAINTS SENIOR PRIMARY ,2026-02-09,10,0,"LAGOS, NIGERIA"
1350432,"Majstrovstvá PO kraja školských tímov v zrýchlennom šachu ZŠ, SŠ 2025/2026 ",2026-02-19,10,2,"Penzión Adrián, Námestie L. Berku 199 , Bardejov, Bardejovská Nová Ves"
1350433,2025–2026 ÖĞRETİM YILI OKULLARARASI MAHALLİ KEŞAN 2.BÖLGE GENÇLER GENEL KATEGORİSİ,2026-02-10,45,30,Keşan Lisesi Kapalı Spor Salonu
1350434,LIGHT OF LITTLE SAINTS JUNIOR PRIMARY ,2026-02-09,10,0,LAGOS
1350435,Manisa_2025_26_Okul_Sp_Gencler_Kadinlar_Satranc_Turnuvasi ,2026-02-10,45,30,MANİSA 19 MAYIS STADYUMU GEDİZ SATRANÇ SALONU
1350436,2025–2026 ÖĞRETİM YILI OKULLARARASI MAHALLİ KIRŞEHİR GENÇLER YARIŞMASI GENÇLER GENEL KATEGORİSİ,2026-02-10,45,30,Kırşehir Spor Salonu (Kindam) 
1350437,2025–2026 ÖĞRETİM YILI OKULLARARASI MAHALLİ KIRŞEHİR GENÇLER YARIŞMASI GENÇLER KIZ KATEGORİSİ,2026-02-10,45,30,Kırşehir Spor Salonu (Kindam) 
1350438,ÇANAKKALE OKULLAR ARASI MAHALLİ GENÇLER KIZLAR KATEGORİSİ,2026-02-10,45,30,SPORCU GELİŞİM MERKEZİ
1350439,ÇANAKKALE OKULLAR ARASI MAHALLİ GENÇLER AÇIK KATEGORİSİ,2026-02-10,45,30,SPORCU GELİŞİM MERKEZİ
1350440,"Izlučno natjecanje za Plazma SIM KC-KŽ županije, Oš. Sokolovac U11",2026-02-10,10,5,Sokolovac
465938,CAMPEONATO INSULAR OPEN ABSOLUTO FEMENINO VETERANO Y JUVENIL LANZAROTE 2026 ,2026-02-20,90,30,Centro Insular de Ajedrez de Lanzarote
1350442,"Juegos Deportivos Escolares  Zona 502 Salamanca, Guanajuato",2026-02-11,10,0,
1350443,Vidon 4 ,2026-02-09,10,5,Achaval Rodriguez 152
1350444,2025-2026 EĞİTİM ÖĞRETİM YILI OKULLAR ARASI NEVŞEHİR MAHALLİ SATRANÇ YARIŞMALARI KÜÇÜKLER KIZLAR,2026-02-10,45,30,NEVŞEHİR GENÇLİK MERKEZİ
1350446,LUIS VILLANUEVA CARBAJAL - FTCCP ,2026-02-09,,0,
1350447,Torneio SUCAÇAÍ 09fev2026 ,2026-02-09,3,2,
1350445,2025-2026 EĞİTİM ÖĞRETİM YILI OKULLAR ARASI NEVŞEHİR MAHALLİ SATRANÇ YARIŞMALARI KÜÇÜKLER GENEL,2026-02-10,45,30,NEVŞEHİR GENÇLİK MERKEZİ
1350449,KEJOHANAN CATUR MSSD JELEBU 2026 (L12) ,2026-02-10,60,0,MRSM KUAL KLAWANG
1350450,KEJOHANAN CATUR MSSD JELEBU 2026 (P12) ,2026-02-10,60,0,MRSM KUAL KLAWANG
1350451,KEJOHANAN CATUR MSSD JELEBU 2026 (L15) ,2026-02-10,60,0,MRSM KUAL KLAWANG
1350452,KEJOHANAN CATUR MSSD JELEBU 2026 (P15) ,2026-02-10,60,0,MRSM KUAL KLAWANG
1350453,KEJOHANAN CATUR MSSD JELEBU 2026 (L18) ,2026-02-10,60,0,MRSM KUAL KLAWANG
1350454,KEJOHANAN CATUR MSSD JELEBU 2026 (P18) ,2026-02-10,60,0,MRSM KUAL KLAWANG
466433,IRT DE CARNAVAL DA FAX 2026 ,2026-02-13,60,30,"Sala da Fax, Rua Maceió, 686 sala 4 altos"
1350458,Campionatul Open al Județului Ilfov - 7-8 martie - Turneul A - U14  ,2026-03-07,60,30,Vienna House Hotel Otopeni
1350459,Campionatul Open al Județului Ilfov - 7-8 martie - Turneul B - U12 ,2026-03-07,60,30,Vienna House Hotel Otopeni
1350460,Campionatul Open al Județului Ilfov - 7-8 martie - Turneul C - U10 ,2026-03-07,60,30,Vienna House Hotel Otopeni
1350461,Campionatul Open al Județului Ilfov - 7-8 martie - Turneul D - U08 ,2026-03-07,60,30,Vienna House Hotel Otopeni
1350529,KEJOHANAN CATUR MSSB MIRI KATEGORI L15TKB ,2026-02-08,30,0,DEWAN SMK LUAK
1350530,Verdenės vaikų šachmatų turnyras 2026 ,2026-02-10,8,4,
1350462,"Квалификационный турнир г.о.Самара по шахматам, быстрым шахматам, блицу,  шахматной композиции в 2026 году. Турнир по быстрым шахматам ""СШЦ 2/26"".Группа А",2026-02-15,10,5,"г.о.Самара ул.Аэродромная 47а, ТЦ ""Аврора Молл"""
1350464,Torneio Taça Zona Oeste - West Shopping ,2026-02-22,15,5,"Estrada Do Medanha 555, Campo Grande, RJ - West Shopping"
1350465,Torneio Taça Zona Oeste - West Shopping ,2026-02-22,15,5,"Estrada Do Medanha 555, Campo Grande, RJ - West Shopping"
1350467,Torneio Taça Zona Oeste - West Shopping ,2026-02-22,15,5,"Estrada Do Medanha 555, Campo Grande, RJ - West Shopping"
1350468,Torneio Taça Zona Oeste - West Shopping ,2026-02-22,15,5,"Estrada Do Medanha 555, Campo Grande, RJ - West Shopping"
1350466,Torneio Taça Zona Oeste - West Shopping ,2026-02-22,15,5,"Estrada Do Medanha 555, Campo Grande, RJ - West Shopping"
1350469,Torneio Taça Zona Oeste - West Shopping ,2026-02-22,15,5,"Estrada Do Medanha 555, Campo Grande, RJ - West Shopping"
463345,AJEDREZ SAN MIGUEL - IRT RÁPIDO DE VERANO  - Domingo 8 de marzo - 7 rondas 10 min. + 3 seg. - CUPOS PARA 30 JUGADORES,2026-03-08,10,3,"Sociedad de Fomento SOEVA, Rodríguez Peña 687, esquina Urquiza, San Miguel"
1350484,Quinta Etapa Circuito Paracatuense de Xadrez Rápido 2026 ,2026-11-08,10,5,SESC PARACATU - Paracatu/MG
1350475,"2.º Torneio Maia Blitz Cup (Rápidas) - 16 de fevereiro de 2026 | Pedrouços, Maia",2026-02-09,3,2,"Tv. Nova de Teibas, 4425-674 Pedrouços"
1350476,CARNACHESS CXA - RÁPIDO 12+3 / 6 RODADAS / MOOCA - SP / SEGUNDA DE CARNAVAL ,2026-02-16,12,3,"Rua Tobias Barreto, 454 - Mooca - São Paulo - SP"
1350477,Club de Ajedrez La Plata Clásico de Los Lunes 39na Edición ,2026-02-09,60,30,CALP
469749,Segunda Etapa Circuito Paracatuense de Xadrez Rápido 2026 ID Torneio CBX: 10096,2026-04-12,10,5,SESC PARACATU - Paracatu/MG
1350479,Torneo de Ajedrez Secundarias Generales Región Cuautla 2026 Categoría Individual Varonil,2026-02-10,,0,Secundaria Federal Ignacio Manuel Altamirano
1350481,CARNACHESS CXA - BLZ 3+2 / 7 RODADAS / MOOCA - SP / SEGUNDA DE CARNAVAL ,2026-02-16,3,2,"Rua Tobias Barreto, 454 - Mooca - São Paulo - SP"
1350482,Terceira Etapa Circuito Paracatuense de Xadrez Rápido 2026 ,2026-06-28,10,5,SESC PARACATU - Paracatu/MG
1350483,Quarta Etapa Circuito Paracatuense de Xadrez Rápido 2026 ,2026-08-23,10,5,SESC PARACATU - Paracatu/MG
1350486,Keong Hoe 2026  ,2026-02-10,10,0,
1350490,LOMBA CATUR HUT KOTA TANGERANG KE - 33  TINGKAT SMP PUTRI ,2026-02-10,15,3,SMP NEGERI 6 KOTA TANGERANG
1350492,Black Horse 90 ,2026-02-13,10,5,
1350493,ROAD TO MASTER KOTA MASAI 0214 UNDER 12  ,2026-02-10,10,3,"BALAI KOMUNITI JALAN KUINI, TAMAN KOTA MASAI, PASIR GUDANG"
467228,VI TORNEO IRT OPEN RAPIDAS - ACADEMIA LIGA DE MAESTROS ,2026-02-22,10,2,Av. Arequipa 3940 | Hotel San Blas | Distrito: Miraflores
1350495,LOMBA CATUR HUT KOTA TANGERANG KE - 33  TINGKAT SD PUTRI ,2026-02-10,15,3,SMP NEGERI 6 KOTA TANGERANG
1350496,LOMBA CATUR HUT KOTA TANGERANG KE - 33  TINGKAT SD PUTRA ,2026-02-10,15,3,SMP NEGERI 6 KOTA TANGERANG
1350497,ROAD TO MASTER 0214 UNDER 9 ,2026-02-10,10,3,
1350498,"VII TORNEO FORMATIVO DE AJEDREZ | ACADEMIA LIGA DE MAESTROS | DOMINGO 22 DE FEBRERO (9:30 AM) | INFORMES +51 958 671 600 | MIRAFLORES, LIMA",2026-02-22,10,2,Av. Arequipa 3940 | Hotel San Blas | Distrito: Miraflores
1350499,"I TORNEO DE PASAPIEZAS 2 VS 2 | ACADEMIA LIGA DE MAESTROS | DOMINGO 22 DE FEBRERO (12:30 PM) | INFORMES +51 958 671 600 | MIRAFLORES, LIMA",2026-02-22,3,2,Av. Arequipa 3940 | Hotel San Blas | Distrito: Miraflores
1350500,LOMBA CATUR HUT KOTA TANGERANG KE - 33  TINGKAT SMP PUTRA ,2026-02-10,15,3,SMP NEGERI 6 KOTA TANGERANG
467230,VI TORNEO IRT OPEN BLITZ - ACADEMIA LIGA DE MAESTROS ,2026-02-22,3,2,Av. Arequipa 3940 | Hotel San Blas | Distrito: Miraflores
1350502,Enroque Osornino - 17° Fecha Circuito Ajedrez de Verano en Osorno ,2026-02-10,3,2,Plaza de Armas de Osorno
1350503,HBD Tournament Mateo edicion ,2026-02-09,,0,Celaya
1350504,2026 Washington State Championship: Challengers ,2026-02-06,30,10,"Seattle, WA"
1350505,"""Kinder Chess League"" 15.02 [Шахматная Академия ""Фаворит""] ",2026-02-15,10,5,Алматы
1350506,I IRT BLITZ SUB 2100 KASPAROV CV - INSCRIPCIONES: 983629011 - 996028424 22 FEB ,2026-02-22,3,2,Real Plaza Pro
1350508,I IRT RAPIDAS SUB 2100 KASPAROV CV - INSCRIPCIONES: 983629011 - 996028424 22 FEB ,2026-02-22,10,5,Real Plaza Pro
465952,Blitz Febrero CAP 2026 ,2026-02-12,3,2,"Union Ferroviaria, Cerrito 1180, Paysandu"
1350510,PLAY IN CLASIFICATORIO GEN Z 2005/06 ,2026-02-20,5,2,"Paraguay 1858, Club Argentino de Ajedrez, CABA"
1350511, A.Shmirin & L.Muchnik Memorial  -2026 (rapid) (Mykolaiv) ,2026-02-14,10,0,Mykolaiv
1350512,MINI CHESS TORNAMENT BOYS 2026 ,2026-02-10,,0,
1350514,Turnamen Catur Dies Natalis FKG UNHAS ,2026-02-10,,0,FKG UNHAS (Ruang Kuliah Internasional D)
1350515,KEJOHANAN CATUR MSS BAHAGIAN KUCHING KATEGORI PEREMPUAN 15 TKB 2026 ,2026-02-11,10,3,DEWAN KENYALANG MRSM
461332,2026 Washington State Championship: Rising Stars ,2026-02-06,30,10,"Seattle, WA"
1350517,Четвёртый Этап кубка среди Первоклассников ,2026-02-10,10,5,Владивосток
466154,FESTIVAL INTERNACIONAL DE AJEDREZ XV ANIVERSARIO CLUB JAQUE MATHEUS 15 MIL SOLES EN PREMIOS - DEL 18 AL 22 DE FEBRERO,2026-02-18,60,0,
1350519,Четвёртый этап кубка среди дошкольников. ,2026-02-15,10,5,Владивосток
1350520,"III TORNEO SECUENCIAL DE AJEDREZ ECO PLAZA MAGIC CHESS 15.02.2025, 989 102 276 ",2026-02-09,10,5,
1350524,KEJOHANAN CATUR MSS BAHAGIAN KUCHING KATEGORI LELAKI 15 TKB 2026 ,2026-02-11,10,3,DEWAN KENYALANG MRSM
1350525,فینال مسابقات شطرنج دانش‌آموزان پسر مقطع ابتدایی دوره دوم ناحیه سه کرج ,2026-08-02,10,2,سالن تختی آموزش و پرورش ناحیه سه کرج
1350526,KEJOHANAN CATUR MSSB MIRI KATEGORI L18TKB ,2026-02-08,30,0,DEWAN SMK LUAK
1350532,KEJOHANAN CATUR MSSB MIRI KATEGORI P18TKB ,2026-02-08,30,0,DEWAN SMK LUAK
1350533,KEJOHANAN CATUR MSSB MIRI KATEGORI P15TKB ,2026-02-08,30,0,DEWAN SMK LUAK
1350534,Первенство г. Салехарда 2026 по шахматам среди мальчиков до 13 лет (2015-2016 г) ,2026-02-10,60,10,Салехард
1350535,Pertandingan Catur Peringkat SK Raja Muda Musa Kuala Kangsar ,2026-02-06,5,0,SK Raja Muda Musa Kuala Kangsar 
1350536,2025-26年度 新界區小學校際圍棋團體精英賽 ,2026-02-15,25,0,
482833,III. Szolnok Agóra Rapid Open ,2026-06-13,12,3,"Aba-Novák Agóra Kulturális Központ, 5000 Szolnok, Hild János tér 1."
461333,2026 Washington State Championship: Prodigies ,2026-02-06,30,10,"Seattle, WA"
1350537,KEJOHANAN CATUR MSS DAERAH BAGAN DATUK TAHUN 2026 LELAKI 15 TAHUN,2026-02-10,25,0,SM SAINS TELUK INTAN
1350540,KEJOHANAN CATUR MSS DAERAH BAGAN DATUK TAHUN 2026 PEREMPUAN 15 TAHUN,2026-02-11,25,0,SM SAINS TELUK INTAN
465111,Sistan and Baluchestan Province Championship Standard Bahman 1404 قهرمانی استاندارد سیستان و بلوچستان 1404,2026-02-11,60,0,Zahedan
1350542,Euro School Chess Tournament-2026 ( Intermediate) Class 6 and 7,2026-02-16,,0,"Budhanilkantha, Hatigauda"
1350546,"Квалификационный турнир на 4 разряд 10-11.02.2026, Жезказган ",2026-02-10,60,0,Zhezkazgan
1350548,2026-День Защитников Отечества-А ,2026-02-15,10,5,Уссурийск
1350550,"NATIONAL SCHOOL INTRA CHESS FEST AND CHAMPIONSHIP 2026, UNDER 08 ",2026-02-16,15,5,NATIONAL SCHOOL KAKILURU
1350551,Dr. Harisingh Gour (Central University) Sagar Selection Trial Women Chief Arbiter :- Fide Arbiter Mr. Shubham Pareta 7415161151,2026-02-09,45,5,
1350552,Чемпіонат Ужгорода з класичних шахів ,2026-02-18,35,30,"м.Ужгород, вул. Дайбозька 4"
1350553,Dr. Harisingh Gour (Central University) Sagar Selection Trial Men 2025-26 Chief Arbiter :- Fide Arbiter Mr. Shubham Pareta 7415161151,2026-02-10,45,5,
1350554,Delhi University Inter college Chess (Men)Tournament 2025-26 ,2026-02-10,,0,SRCC
1350555,Delhi University Inter College (Women) Tournament 2025-26 ,2026-02-10,,0,
1350556,Первенство Академии UfaChess. Турнир А+В ,2026-02-14,10,0,Уфа
1350559,Первенство Академии UfaChess. Турнир С+D ,2026-02-14,10,0,Уфа
1350561,СТАВЛИГА Большие звезды светят малым ,2026-02-14,10,5,Ставрополь
1350562,СТАВЛИГА Большие звезды светят малым ,2026-02-14,10,5,Ставрополь
1350563,"Этап Заволжского района Всероссийских командных соревнований ""Дебют"" ",2026-02-10,10,5,"Тверь, ул. Вагжанова, д.7"
1350564,2025–2026 ÖĞRETİM YILI OKULLARARASI MAHALLİ GİRESUN GENÇLER KIZ KATEGORİSİ ,2026-02-10,45,30,GİRESUN OLİMPİK HAVUZ SATRANÇ SALONU
1350565,2025–2026 ÖĞRETİM YILI OKULLARARASI MAHALLİ GİRESUN GENÇLER GENEL KATEGORİSİ ,2026-02-10,45,30,GİRESUN OLİMPİK HAVUZ SATRANÇ SALONU
1350566,2025–2026 ÖĞRETİM YILI OKULLARARASI MAHALLİ KIRŞEHİR GENÇLER YARIŞMASI GENÇLER GENEL KATEGORİSİ,2026-02-10,45,30,Kırşehir Spor Salonu (Kindam) 
1350568,"Балашихинская школьная лига, группа  группы ВГ 1-6 места) ",2026-02-10,10,5,"МО, г. Балашиха"
1350569,Magnus Chess Academy 5th Tenkasi District Level Children's Chess Tournamnet - Under 08 Boys & Girls,2026-02-15,20,0,"Nirmala Nursery & Primary School, Aladipatti, Nallur - 627851"
1350570,Magnus Chess Academy 5th Tenkasi District Level Children's Chess Tournamnet - Under 10 Boys & Girls,2026-02-15,20,0,"Nirmala Nursery & Primary School, Aladipatti, Nallur - 627851"
1350571,Cambridge Chess Championship 2026 ,2026-02-14,3,2,
1350573,Magnus Chess Academy 5th Tenkasi District Level Children's Chess Tournamnet - Under 12 Boys & Girls,2026-02-15,20,0,"Nirmala Nursery & Primary School, Aladipatti, Nallur - 627851"
1350574,Magnus Chess Academy 5th Tenkasi District Level Children's Chess Tournamnet - Under 14 Boys & Girls,2026-02-15,20,0,"Nirmala Nursery & Primary School, Aladipatti, Nallur - 627851"
1350575,Magnus Chess Academy 5th Tenkasi District Level Children's Chess Tournamnet - Under 25 Boys & Girls,2026-02-15,20,0,"Nirmala Nursery & Primary School, Aladipatti, Nallur - 627851"
1350577,"TURNAMEN CATUR MI MANBAUL HUDA 2  2026 TEMANGGUNG KLS 1,2,3 MI PUTRA PUTRI",2026-01-13,10,3,MI MANBAUL HUDA.  TEMANGGUNG
1350578,TURNAMEN CATUR MI MANBAUL HUDA 2     2026  TEMANGGUNG KLS 456 MI PUTRA,2026-01-13,10,3,MI MANBAUL HUDA.  TEMANGGUNG
1350579,GIẢI KHẢO SÁT CHẤT LƯỢNG  - CS2 KPC NAM PHƯỚC ,2026-01-11,10,5,CS2 - KPC NAM PHƯỚC - TP ĐÀ NẴNG
1350580,2025-2026 ÖĞRETİM YILI OKULLAR ARASI MAHALLİ ORDU GENÇLER SATRANÇ YARIŞMASI GENEL,2026-02-10,45,0,19 Eylül Stadyumu Satranç Turnuva Salonu
1350581,"6 Спартакиада ветеранов Республиканской общественной организации ветеранов (инвалидов) ""Союз ветеранов Республики Татарстан""",2026-02-10,7,0,"г. Казань, Союз ветеранов РТ"
1350582,2025-2026 ÖĞRETİM YILI OKULLAR ARASI MAHALLİ ORDU GENÇLER SATRANÇ YARIŞMASI KIZLAR,2026-02-10,45,0,19 Eylül Stadyumu Satranç Turnuva Salonu
1350585,Rangareddy Dist CM Cup BOYS Chess Tournament 2026 - Sub Jr Boys (U15) - On 11th Feb 2026,2026-02-11,15,10,"Saroor Nagar Indoor Stadium, LB Nagar"
1350586,Rangareddy Dist CM Cup GIRLS Chess Tournament 2026 - Sub Jr Girls (U15) - On 11th Feb 2026,2026-02-11,15,10,"Saroor Nagar Indoor Stadium, LB Nagar"
1350587,"День защитника Отечества, взрослая группа (ТРК Сubus) ",2026-02-10,,0,г. Выборг
1350588,Hyderabad Dist CM Cup BOYS Chess Tournament 2026 - Sub Jr Boys (U15) - On 12th Feb 2026,2026-02-12,15,10,"Yoga Hall, LB Stadium, Hyderabad"
1350590,2025-2026 ÖĞRETİM YILI OKUL SPORLARI  MALATYA MİNİKLER İL BİRİNCİLİĞİ SATRANÇ TR MİNİKLER (B) GENEL KATEGORİ,2026-02-09,45,30,GSİM SATRANÇ MERKEZİ
1350589,Hyderabad Dist CM Cup GIRLS Chess Tournament 2026 - Sub Jr Girls (U15) - On 12th Feb 2026,2026-02-12,15,10,"Yoga Hall, LB Stadium, Hyderabad"
1350592,2025-2026 ÖĞRETİM YILI OKUL SPORLARI MALATYA MİNİKLER İL BİRİNCİLİĞİ SATRANÇ TR. MİNİKLER A GENEL KATEGORİ,2026-02-09,45,30,GSİM SATRANÇ MERKEZİ
1350593,"Amateur Chess Open X - U1800, șah clasic (7-8 martie 2026)  www.scoaladesah.ro",2026-03-07,30,30,Calea Serban Voda nr.176 sector 4 Bucuresti
1350594,2025-2026 ÖRETİM YILI OKUL SPORLARI MALATYA MİNİKLER İL BİRİNCİLİĞİ SATRANÇ TUR. MİNİKLER A KIZLAR,2026-02-09,45,30,GSİM SATRANÇ MERKEZİ
1350595,2025-2026 ÖĞRETİM YILI OKUL SPORLARI MALATYA MİNİKLER İL BİRİNCİLİĞİ SATRANÇ TUR MİNİKLER  B  KIZLAR,2026-02-09,45,30,GSİM SATRANÇ MERKEZİ
1350596,NATIONAL SCHOOL SE ,2025-12-03,,0,
1350597,"Турнир по классическим шахматам ""Пока все на Финале"" - A ",2026-02-10,30,30,"Москва, Хорошёвское шоссе, 1"
1350598,3rd Trinakria International Festival OPEN B ,2026-07-26,90,30,Palermo
1350599,"Турнир по классическим шахматам ""Пока все на Финале"" - C ",2026-02-10,30,30,"Москва, Хорошёвское шоссе, 1"
1350601,Чемпионат города Ижевска по шахматам среди мужчин и женщин (Первая Лига) ,2026-02-14,60,30,Ижевск
1350602,3rd Trinakria International Festival OPEN C ,2026-07-26,90,30,Palermo
1350603,2025-2026 ADIYAMAN OKUL SPORLARI İL BİRİNCİLİĞİ GENÇLER AÇIK SATRANÇ TURNUVASI ,2026-02-10,45,30,YENİ MAHALLE SPOR SALONU
1350604,2025-2026 ADIYAMAN OKUL SPORLARI İL BİRİNCİLİĞİ GENÇLER KIZLAR SATRANÇ TURNUVASI ,2026-02-10,45,30,YENİ MAHALLE SPOR SALONU
1350605,"День защитника Отечества, средняя группа (ТРК Сubus) ",2026-02-10,,0,
1350606,Tuesday Battle Ground - February 10th 2026 ,2026-02-10,7,3,Beirut Digital District
1350607,"День защитника Отечества, умеющая и начинающая группа (ТРК Сubus) ",2026-02-10,,0,
1350608,"Турнир, посвященный Дню снятия блокады Ленинграда - В ",2026-01-30,10,5,Санкт-Петербург
1350609,Bengaluru City University Inter-Collegiate Chess Tournament 2025-26 - GIRLS ,2026-02-10,20,5,MES College of Arts commerce & Science Malleshwaram
1350610,Bengaluru City University Inter-Collegiate Chess Tournament 2025-26 - BOYS ,2026-02-10,20,5,MES College of Arts commerce & Science Malleshwaram
1350611,KymS:n nopean shakin turnaus 14.2.2026 (Kotka) ,2026-02-14,15,5,"Kumppanuustalo Viikari, Mariankatu 24 (sisäpiha), 48100 Kotka"
1350612,Campeonato Distrital de Jovens Sub08 de Clássicas da Associação de Xadrez do Porto 2025/2026,2026-02-14,90,30,Travessa Nova de Teibas
466282,Campeonato Distrital de Jovens Sub10 de Clássicas da Associação de Xadrez do Porto 2025/2026,2026-02-14,90,30,Travessa Nova de Teibas
466281,Campeonato Distrital de Jovens Sub12 de Clássicas da Associação de Xadrez do Porto 2025/2026,2026-02-14,90,30,Travessa Nova de Teibas
1350616,"Масленичные забавы 2026, Группа ВC ",2026-02-21,10,5,"Новосибирск, ул. Ватутина, 16/2, Новосибирская область"
1350617,"Масленичные забавы 2026, Группа С ",2026-02-21,10,5,"Новосибирск, ул. Ватутина, 16/2, Новосибирская область"
466280,Campeonato Distrital de Jovens Sub14 de Clássicas da Associação de Xadrez do Porto 2025/2026,2026-02-14,90,30,Travessa Nova de Teibas
1350620,"Масленичные забавы 2026, Группа А  ",2026-02-21,10,5,"Новосибирск, ул. Ватутина, 16/2, Новосибирская область"
466279,Campeonato Distrital de Jovens Sub16 de Clássicas da Associação de Xadrez do Porto 2025/2026,2026-02-14,90,30,Travessa Nova de Teibas
1350622,महाशिवरात्री राज्यस्तरीय भव्य बुद्धिबळ स्पर्धा लोहारा - 2026 - OPEN ,2026-02-15,15,5,"Saptarang Function Hall, Lohara BK, Dist. Dharashiv"
1350623,U18 Caissa Malvern College Hong Kong Open 2026 4th Dr. R. Lister Cup,2026-03-01,15,0,"Malvern College Hong Kong, 3 Fo Chun Rd, Providence Bay, Hong Kong"
466278,Campeonato Distrital de Jovens Sub18/20 de Clássicas da Associação de Xadrez do Porto 2025/2026,2026-02-14,90,30,Travessa Nova de Teibas
1350625,بطولة صندوق الزمالة (وزارة الزراعة) ,2026-02-11,10,5,
466283,Campeonato Distrital de Veteranos 65 anos e mais de Clássicas da Associação de Xadrez do Porto 2025/2026,2026-02-14,90,30,Travessa Nova de Teibas
1350630,U12 Caissa Malvern College Hong Kong Open 2026 4th Dr. R. Lister Cup,2026-03-01,15,0,"Malvern College Hong Kong, 3 Fo Chun Rd, Providence Bay, Hong Kong"
1350632,U10 Caissa Malvern College Hong Kong Open 2026 4th Dr. R. Lister Cup,2026-03-01,15,0,"Malvern College Hong Kong, 3 Fo Chun Rd, Providence Bay, Hong Kong"
1350633,"City Centre Mall Presents 4th BLITZ CHESS TOURNAMENT  19th Feb 2026  Chhatrapti Shivaji Maharaj Jayanti Utsav, Nashik",2026-02-19,5,3,City Centre Mall 
1350634,U8 Caissa Malvern College Hong Kong Open 2026 4th Dr. R. Lister Cup,2026-03-01,15,0,"Malvern College Hong Kong, 3 Fo Chun Rd, Providence Bay, Hong Kong"
1350635,SG Kaarst Kinderturnier Februar 2026 ,2026-02-08,10,2,Kaarst
1350636,"Лично - Командный турнир сети клубов ""УмБридж"" ",2026-02-15,10,5,Санкт-Петербург
1350638," ""HENDI CUP I ""  BENTENG MANDIRI BANJARATMA ,MINGGU 8 PEBRUARI 2026",2026-02-08,10,3,BANJARATMA  BULAKAMBA BREBES
1350642,Bahman Cup ,2026-02-10,60,30,
1350643,3-րդ կարգի որակավորման մրցաշար Դավթաշեն,2026-02-10,40,30,
1350645,2025-2026 ÖĞRETİM YILI OKULLARARASI MAHALLİ GENÇLER KIZLAR SATRANÇ İL YARIŞMASI GENÇLER KIZLAR,2026-02-10,45,30,ÇORUM SPOR SALONU
1350646,AX Viseu e Beiras_CD Jovens Rápidas Ind ,2026-02-21,3,2,Viseu - Trainnig Center UGT
1350648,Šaha Ceturtdiena -2026 - VI   12.02.2026. ,2026-02-12,8,4,"Ganību dambis 21g, Rīga"
1350649,Чемпионат Западно-Казахстанской области среди женщин  ,2026-02-10,,0,Uralsk
1350650,Giải cờ vua vô địch cờ tiêu chuẩn lần 2 năm 2026 ,2026-02-28,60,15,"Số 5 Trần Lựu, Phường An Khánh, Tp. Hồ Chí Minh"
1350652,3 Этап Блиц Марафона КФШ-Астана 2026 ,2026-02-13,3,2,
1350668,GIẢI CỜ VUA TRANH CÚP CÂU LẠC BỘ XUÂN TUẤN PHƯỜNG XUYÊN NHÓM TUỔI: U9 NAM,2025-12-17,8,0,Câu lạc bộ hưu trí tỉnh An Giang
1350670,GIẢI CỜ VUA TRANH CÚP CÂU LẠC BỘ XUÂN TUẤN PHƯỜNG XUYÊN NHÓM TUỔI: U9 NAM,2025-12-17,8,0,Câu lạc bộ hưu trí tỉnh An Giang
1350658,مسابقات رپید گرامیداشت دهه فجر کانون فکری پرورشی هادیشهر ,2026-02-10,,0,hadishahr
1350659,"Red Knight Chess Club ♞♞♞♞♞  AGE GROUP TOURNAMENT, February 22nd",2026-02-22,15,0,Bangkok
1350660,"Квалификационный турнир на 3 разряд 10-12.02.2026, Самал ",2026-02-10,30,0,Almaty
1350661,LỚP HỌC CỜ VUA TẠI SVĐ ,2026-02-10,,0,
1350662,Krajská soutěž Libereckého kraje (východ) Finále ''A'' ,2026-02-22,40,30,Liberecký kraj
1350663,BAWAH 12 PEREMPUAN PIALA YDP SK TEMPOYANG ,2026-02-12,20,0,DEWAN PEPERIKSAAN SK TEMPOYANG
1350664,BAWAH 9 TERBUKA PIALA YDP SK TEMPOYANG ,2026-02-12,20,0,DEWAN PEPERIKSAAN SK TEMPOYANG
1350665,POPDA KULONPROGO 2026 PUTRA,2026-02-12,,0,DIKPORA KULONPROGO UNIT 2
1350666,"University of Basra Championship, College of Engineering (Al-Karma) ",2026-02-10,5,3,Engineering College Library Garden
1350667,BAWAH 12 LELAKI PIALA YDP SK TEMPOYANG ,2026-02-12,20,0,DEWAN PEPERIKSAAN SK TEMPOYANG
1350676,GIẢI CỜ VUA TRANH CÚP CÂU LẠC BỘ XUÂN TUẤN PHƯỜNG XUYÊN NHÓM TUỔI: U15 NAM,2025-12-17,8,0,Câu lạc bộ hưu trí tỉnh An Giang
1350671,MOBILE CHESS BUS 2100 AND BELOW OPEN CHESS TOURNAMENT ,2026-02-21,15,3,NORTH CALOOCAN ZABARTE ALMAR
1350672,2025-2026 ÖĞRETİM YILI OKULLAR ARASI MAHALLİ TEKİRDAĞ YILDIZLAR  SATRANÇ TURNUVASI  GENEL KATEGORİ,2026-02-12,45,30,ÇORLU ÇOK AMAÇLI SPOR SALONU
1350673,مسابقات دهه مبارک فجر1404بانک ملی استان کرمان ,2026-02-10,20,0,کرمان
1350674,2025-2026 ÖĞRETİM YILI OKULLAR ARASI MAHALLİ TEKİRDAĞ YILDIZLAR  SATRANÇ TURNUVASI  KIZLAR KATEGORİSİ,2026-02-12,45,30,ÇORLU ÇOK AMAÇLI SPOR SALONU
1350684,GIẢI CỜ VUA TRANH CÚP CÂU LẠC BỘ XUÂN TUẤN PHƯỜNG XUYÊN NHÓM TUỔI: U15 NAM,2025-12-17,8,0,Câu lạc bộ hưu trí tỉnh An Giang
1350675,Էրեբունու համայնքի Սպարտակիադա  ,2026-02-11,5,3,"Yerevan, street Nor Aresh 5, building 2, Yerevan, Armenia"
1350677,2026-02-12 Atyrau Altaca Blitz 3+2 (FIDE RATED) ,2026-02-12,3,2,Altaca Chess Club
1350678,Первенство Адмиралтейского района по шахматам среди мальчиков и девочек до 11лет ,2026-02-10,57,3,Санкт-Петербург
1350679,Torneo de Ajedrez Secundarias Generales Región Cuautla 2026 Categoría Equipos Mixto,2026-02-10,,0,Secundaria Federal Ignacio Manuel Altamirano
1350680,Krajská soutěž Libereckého kraje (východ) Finále ''B' ,2026-02-22,40,30,Liberecký kraj
1350685,U8 Rapid 15 February Paphos ,2025-12-14,15,5,
1350683,OPEN UNRATED Rapid 15 February Paphos ,2025-12-14,10,5,The International School of Paphos
1350681,"“MOTORPOR Kings of Chess Open"" Penafiel - 1 de março de 2026",2026-03-01,5,0,"R. da Capela de Chãos, 4560-237 Milhundos"
1350686,U10 Rapid 15 February Paphos ,2025-12-14,15,5,
1350688,партия ,2026-02-10,,0,
1350687,U12 Rapid 15 February Paphos ,2025-12-14,15,5,
1350689,"Kraljevski šah 01, Kraljevo 21.02.2026 u 11h ",2026-02-21,10,5,"Šah klub ""Sloga"" Kraljevo, TC Koloseum, prvi sprat, Cara Lazara br. 62/37"
1350690,TORNEIO DE XADREZ SONANGOL 50 ANOS-OPEN 2026 ,2026-02-13,60,30,SEDE SONANGOL EP
1350696,"Nəsimi 4№İOEUGİŞM PHŞ-in ""21 Fevral Beynəlxalq Ana Dili günü""nə həsr olunmuş IV- cü dərəcə almaq uğrunda şahmat üzrə təsnifat turniri (A)  (012)568-44-62",2026-02-12,60,0,Baku Nəsimi ray.Mirmahmud Kazimovski küç. 21 
1350697,"Nəsimi 4№İOEUGİŞM PHŞ-in ""21 Fevral Beynəlxalq Ana Dili günü""nə həsr olunmuş IV- cü dərəcə almaq uğrunda şahmat üzrə təsnifat turniri (B)  (012)568-44-62",2026-02-12,60,0,Baku Nəsimi ray.Mirmahmud Kazimovski küç. 21 
1350698,3 jaques ,2026-02-10,,0,
1350699,Рапид в СП «Россия молодая» 12 февраля 2026 года. ,2026-02-12,10,5,"Москва, Проспект Мира, д.43."
1350700,Первенство Адмиралтейского района по шахматам среди мальчиков и девочек до 9 лет ,2026-02-10,57,3,Санкт-Петербург
1350703,"Kerala State Junior Amateur Chess,Under 12 (cutoff date 01/01/2014)Ph,8281944947 ",2026-02-22,15,5,Thevalakkara Kollam
1350704,"Kerala State Junior Amateur Chess,Under16 (cutoff date01/01/2010)Ph 8281944947 ",2026-02-22,15,5,Thevalakkara Kollam
1350702,Kerala State Junior Amateur Chess Under.09(cutoff date 01/01/2017)Ph.9567061011 ,2026-02-22,15,5,Thevalakkara Kollam
1350707,♔ Grand Chess Series February Grand Prix ♔,2026-02-11,5,3,Κρήτης 1. Πετρούπολη
1350709,Chess Empire. Тренировочный Блиц. ,2026-02-10,5,3,Almaty
1350711,1/4 ФИНАЛА КУБКА SENAT OPEN 2026 Г. АСТАНА ,2026-04-12,10,0,
1350712,4th Cape Chess Academy RATED PLAYERS Feb Month BULLET Chess Tournament 2026 ,2026-02-10,1,0,"CAPE CHESS ACADEMY 68, CHIDAMBARA NAGAR, KOTTAR, NAGERCOIL 629002"
1350717,SEGUNDA INTERCOLEGIAL DAMAS  2026 ,2026-02-05,10,5,COLISEO TEODORO GALLEGOS
1350720,Тоғызқұмалақтан Қ. Р. әйелдер арасындағы жекелей чемпионатты ,2026-02-10,90,10,"Павлодар қаласы, Естай 83 А"
1350722,"Турнир по классическим шахматам ""Пока все на Финале"" - B ",2026-02-10,30,30,"Москва, Хорошёвское шоссе, 1"
1350723,Кубок КазНУ-2026 ,2026-02-13,10,5,Almaty
1350724,Тоғызқұмалақтан Қ. Р. ерлер арасындағы жекелей чемпионаты  ,2026-02-10,90,10,"Павлодар қаласы, Естай 83 А"
1350725,Тренировочный турнир  Турнир А,2026-02-14,15,0,Новосибирск
1350726,St. Bakhita Junior Youth FIDE Rated Chess Championship 2026 5th Edition - U23 ,2026-02-14,25,0,"St.Bakhita School, Sabaki located off Mombasa Road, Highway in Pridelands"
1350727,BENGHAZI TITLED TUSEDAY 11 ,2026-02-10,5,3,بنغازي 
1350734,Пліч-о-пліч всеукраїнські шкільні ліги 1-4 класи м. Кам'янець-Поділький ,2026-02-13,10,5,"М. КАМ'ЯНЕЦЬ-ПОДІЛЬСЬКИЙ, ВУЛ. П. СКОРОПАДСЬКОГО 17"
1350732,Torneo 3 Jaques ,2026-02-10,,0,Samegua
1350735,Тренировочный турнир   Турнир В,2026-02-14,15,0,Новосибирск
1350736,Тренировочный турнир  Турнир С,2026-02-14,15,0,Новосибирск
1350737,Пліч-о-пліч всеукраїнські шкільні ліги 5-9 класи м. Кам'янець-Поділький ,2026-02-13,10,5,"М. КАМ'ЯНЕЦЬ-ПОДІЛЬСЬКИЙ, ВУЛ. П. СКОРОПАДСЬКОГО 17"
1350738,Пліч-о-пліч всеукраїнські шкільні ліги 10-11 класи м. Кам'янець-Поділький ,2026-02-13,10,5,"М. КАМ'ЯНЕЦЬ-ПОДІЛЬСЬКИЙ, ВУЛ. П. СКОРОПАДСЬКОГО 17"
1350739,Jaque Mate y Camarones (Libre) ,2026-02-22,10,5,Cancun
1350740,Krajská soutěž Libereckého kraje (západ) Finále ''A'' ,2026-02-22,40,30,Liberecký kraj
1350742,Chess Land змагання серед закладів позашкільної освіти ЛМТГ,2025-05-24,5,3,"м. Львів, вул. Вахнянина, 29"
1350743,"Отборочный турнир на КМС г.Астана, 22 февраля, BM-CHESS  ",2026-02-22,10,2,Астана
1350745,"Открытие. Уровень 2, подгруппа 3 ",2025-01-25,10,5,г. Тверь
1350747,2025 – 2026 ÖĞRETİM YILI OKULLAR ARASI MAHALLİ AFYONKARAHİSAR GENÇLER ST GENÇLER GENEL,2026-02-12,45,30,AFYON SPOR KOMPLEKSİ
1350748,CAPE TEAM 2026 ,2026-02-10,,0,
1350749,2025 – 2026 ÖĞRETİM YILI OKULLAR ARASI MAHALLİ AFYONKARAHİSAR GENÇLER ST GENÇLER KIZLAR,2026-02-12,45,30,AFYON SPOR KOMPLEKSİ
1350750,KEJOHANAN CATUR MSSD SEREMBAN 2 KATEGORI P15 ,2026-02-09,30,2,SMK BUKIT MEWAH
1350752,TORNEIO DE XADREZ SONANGOL 50 ANOS-FEMININO 2026 ,2026-02-13,60,30,SEDE SONANGOL EP
466244,Ahvaz Media Blitz Cup Bahman 1404 ,2026-02-18,5,0,خانه شطرنج اهواز
1350754,Budapest XXII kerületi Diákolimpia Alsósok Lány III. kcs.,2026-02-10,10,0,Klauzál Ház (XXII. Nagytétényi út 31-33.)
1350755,ALL KERALA OPEN CHESS 2026 UNAS K A 9895173241,2026-02-22,,0,
1350757,Druhé úterý A - únor 2026 ,2026-02-10,2,0,Brno
1350758,Druhé úterý B - únor 2026 ,2026-02-10,2,0,Brno
1350759,Budapest XXII kerületi Diákolimpia Középiskolasok Fiú V. kcs.,2026-02-10,10,0,Klauzál Ház (XXII. Nagytétényi út 31-33.)
1350760,2026-День Защитников Отечества-B ,2026-02-15,10,5,Уссурийск
1350761,Budapest XXII kerületi Diákolimpia Alsósok Lány I. kcs.,2026-02-10,10,0,Klauzál Ház (XXII. Nagytétényi út 31-33.)
1350763,ALL KERALA OPEN CHESS  U-15 UNAS K A 9895173241,2026-02-22,,0,
1350764,TORNEIO DE XADREZ SONANGOL 50 ANOS-PARA TRABALHADORES 2026 ,2026-02-13,10,3,SEDE SONANGOL EP
1350765,"Львів, турнір з нормою виконання 4 розряду, 15 лютого, Виговського 5Б ",2026-02-15,10,5,Львів
1350766,I Torneo Blitz Master Chess jugando entre maestros 2026 Nuevo Chimbote,2026-02-11,3,0,"Avenida Argentina Mz C2 Lote 6, 2do piso - Nuevo Chimbote"
1350767,Budapest XXII kerületi Diákolimpia Alsósok Lány II. kcs.,2026-02-10,10,0,Klauzál Ház (XXII. Nagytétényi út 31-33.)
1350768,KEJOHANAN CATUR MSSD SEREMBAN 2 KATEGORI P18 ,2026-02-09,30,2,SMK BUKIT MEWAH
1350769,Budapest XXII kerületi Diákolimpia Alsósok Fiú I. kcs.,2026-02-10,10,0,Klauzál Ház (XXII. Nagytétényi út 31-33.)
1350770,"KEJOHANAN CATUR PEMBANGUNAN SM DAERAH TEMERLOH 2026, PIALA PN ZURAIDAH BINTI AWALUDIN (PENGETUA) SMK KERDAU",2026-02-11,20,0,DEWAN PEPERIKSAAN SMK KERDAU
1350771,Budapest XXII kerületi Diákolimpia Alsósok Fiú II. kcs.,2026-02-10,10,0,Klauzál Ház (XXII. Nagytétényi út 31-33.)
1350772,Budapest XXII kerületi Diákolimpia Felsősök Fiú IV. kcs.,2026-02-10,10,0,Klauzál Ház (XXII. Nagytétényi út 31-33.)
1350773,Budapest XXII kerületi Diákolimpia Felsősök Fiú III. kcs.,2026-02-10,10,0,Klauzál Ház (XXII. Nagytétényi út 31-33.)
1350774,ALL KERALA OPEN CHESS U-10 UNAS K A 9895173241,2026-02-10,,0,
1350775,3-կարգի որակավորման մրցաշար-Արմավիր ,2026-02-11,60,30,
1350776,PEMILIHAN KEM PEMBANGUNAN CATUR SK WAWASAN 2026 (LELAKI) ,2026-02-14,10,0,PARIT BUNTAR
1350777,Budapest XXII kerületi Diákolimpia Középiskolasok Fiú VI. kcs.,2026-02-10,10,0,Klauzál Ház (XXII. Nagytétényi út 31-33.)
1350778,"OLIMPIADA NACIONAL CONADE 2026, CHIAPAS. SUB 12 AÑOS FEMENIL",2026-02-20,90,30,"FACULTAD DE HUMANIDADES, UNICACH, TUXTLA GUTIERREZ, CHIAPAS."
465727,Smart Chess Academy 3rd International Open FIDE RAPID Rating Chess Tournament ,2026-03-01,10,5,"Karpaga Mahal, Vennaimalai, Kadhapparai (po), Karur-639006"
1350781,"OLIMPIADA NACIONAL CONADE 2026, CHIAPAS. SUB 12 AÑOS VARONIL",2026-02-20,90,30,"FACULTAD DE HUMANIDADES, UNICACH, TUXTLA GUTIERREZ, CHIAPAS."
1350782,"OLIMPIADA NACIONAL CONADE 2026, CHIAPAS. 13-16 AÑOS FEMENIL",2026-02-20,90,30,"FACULTAD DE HUMANIDADES, UNICACH, TUXTLA GUTIERREZ, CHIAPAS."
1350783,"OLIMPIADA NACIONAL CONADE 2026, CHIAPAS. 13-16 AÑOS VARONIL",2026-02-20,90,30,"FACULTAD DE HUMANIDADES, UNICACH, TUXTLA GUTIERREZ, CHIAPAS."
1350784,"OLIMPIADA NACIONAL CONADE 2026, CHIAPAS. 17-20 AÑOS FEMENIL",2026-02-20,90,30,"FACULTAD DE HUMANIDADES, UNICACH, TUXTLA GUTIERREZ, CHIAPAS."
1350785,"OLIMPIADA NACIONAL CONADE 2026, CHIAPAS. 17-20 AÑOS VARONIL",2026-02-20,90,30,"FACULTAD DE HUMANIDADES, UNICACH, TUXTLA GUTIERREZ, CHIAPAS."
1350786,"Шашки.6 Спартакиада ветеранов Республиканской общественной организации ветеранов (инвалидов) ""Союз ветеранов Республики Татарстан""",2026-02-11,7,0,"г. Казань, Союз ветеранов РТ"
1350787,2026-День Защитников Отечества-C ,2026-02-15,10,5,Уссурийск
1350788,Nagpur District Open Selection Chess Championship 2026 Date 15th February 2026,2026-02-15,10,5,"GH Raisoni College ,6th Floor, Moot Court Hall, Riaan Tower, Mangalwari, Nagpur
"
1350789,"TURNAMEN BEREGU ""LAUNCHING BALAD CATUR BUMI SULTAN (BCBS)"" ",2026-02-14,15,5,Gedung Bumi Sultan Jonggol
1350790,Juegos Deportivos  Escolares de la Educación Básica 2025 - 2026 Varonil ,2026-02-10,10,5,
1350791,Nagpur District Women Selection Chess Championship 2026 Date 15th February 2026,2026-02-15,10,5,"GH Raisoni College ,6th Floor, Moot Court Hall, Riaan Tower, Mangalwari, Nagpur
"
1350792,Juegos Deportivos  Escolares de la Educación Básica 2025 - 2026 Femenil ,2026-02-10,10,5,
1350793,IRCF Weekly Blitz Tournament 22 Bahman به میزبانی پیشگام سلامت پایدار ,2026-02-11,3,0,Tehran
1350794,ФОК 23-02-2026 ,2026-02-23,10,5,г.Богородск
1350795,Kashan Rapid Championship - February 2026 مسابقات قهرمانی رپید شهرستان کاشان -گرامیداشت دهه فجر-بهمن 1404,2026-02-13,10,5,Shahid Naser Fekri Stadiom (Chehel Jarib)- Hall of Kashan Chess Association
1350796,Турнир четырех коней ,2026-02-17,3,2,"Дубна, Московская область"
1350798,TÜRKİYE KUPASI SATRANÇ KONYA İL   BİRİNCİLİĞİ TURNUVASI AÇIK,2026-02-11,45,30,SATRANÇ İL TEMSİLCİLİĞİ
1350800,Jaque Mate y Camarones (Sub-12) ,2026-02-22,10,5,Cancun
1350803,JCC ChessPowerHouse Feb Rapid - Grade 0 - 2 ,2026-02-15,20,2,King David Linksfield
1350804,Provincial Prebenjamin Sub8 Segovia ,2026-02-08,,0,
1350805,"NCR Open Cash Prize Chess Tournament on 15th February 2026, Sunday (For any correction kindly contact FA Sankalp Arora- 7465077129)",2026-02-15,15,10,"Vidya Bal Bhawan Public School, Vasundhara, Ghaziabad"
1350806,Ajedrez entre Amigos I Amateur y Sub-1600 de nau64,2026-02-13,25,10,Bv España 2586 / Montevideo / Uruguay
1350807,George Trials 2 2026 Under 7 Boys,2026-02-14,55,5,George
1350808,MAA MANIK MEMORIAL OPEN CLASSICAL CHESS TOURNAMENT 2026 ,2026-03-21,45,16,
1350809,NXL - III Circuito de Xadrez Ibn Ammar 2026 - 1º Torneio - 28 Março ,2026-03-28,10,5,"Pavilhão Desportivo Municipal Jacinto Correia, Lagoa"
1350811,Šachisté na zámku aneb Šachový tábor Trhanov 2026  – seznam účastníků,2026-08-15,2,0,Trhanov
1350812,Jaque Mate y Camarones (Sub-16) ,2026-02-22,10,5,Cancun
1350813,علوم پزشکی آقایان ,2024-10-17,10,0,سبزوار
1350814,علوم پزشکی بانوان ,2024-10-17,10,0,سبزوار
1350816,2025–2026 ÖĞRETİM YILI OKULLAR ARASI MAHALLİ GAZİANTEP GENÇLER SATRANÇ TURNUVASI GENÇLER KIZLAR KATEGORİSİ,2026-02-11,45,30,ŞEHİTKAMİL BELEDİYESİ ATATÜRK KÜLTÜR VE SPOR MERKEZİ
1350815,Provincial Benjamin Sub10 Segovia ,2026-02-07,,0,
1350817,GRAN-PRIX ŠK VRAČAR ,2026-02-20,3,2,Beograd
1350818,Torneo IRT Clásico Fast Standar sub 2000 La Cascada 2026 ,2026-02-14,45,0,CC La Cascada Carrizal Edo Miranta
1350819,Torneo IRT Blitz La Cascada 2026 ,2026-02-14,3,0,CC La Cascada Carrizal Edo Miranta
1350820,Torneo Infantiles La Cascada 2026 ,2026-02-14,30,0,CC La Cascada Carrizal Edo Miranta
1350821,2º Torneio 3ºB Manuela Fonseca 2025 2026 ,2026-02-10,,0,Barreiro
1350822,Vilniaus šachmatų klubo žaibo turnyras 2026-02-10 ,2026-02-10,3,2,"Užupio kavinė, Užupio g. 2, Vilnius"
466458,Sri Lanka National Majors Chess Championship 2026 Open - Northern Province,2026-02-14,90,0,"Kokuvil Hindu Primary School, Jaffna"
1351006,"KAISSA WINTER CUP U18 (г.Алматы, ЦШИ ""КАИССА"", 15.02.2026г) с обсчетом рейтинга FIDE",2026-02-15,10,5,Almaty
1351009,2026 CTU Danao Intramural Meet - Standard Chess (Men) ,2026-02-11,70,0,CTU Danao
1351010,2026 CTU Danao Intramural Meet- Standard Chess (Women) ,2026-02-11,80,0,
1351008,Selectivo Secundaria Femenil Zona 53 ,2026-02-11,10,5,Liceo Hispano Americano
1351007,St. Joseph's Convent Secondary School Rapid Chess Team Tournament Qualifier - February 2026,2026-02-11,10,0,"St. Joseph's Convent Secondary School, Castries, St. Lucia"
1351013,JUEGOS ESCOLARES INTER-PRIMARIAS RAMA FEMENIL ETAPA SECTOR 4 Y 12 AJEDREZ COCOYOC,2026-02-11,10,5,"Explanada Primaria ""Carlos Perez Guerrero"" Cocoyoc Mor."
1351014, ICAR South Zone Sports Meet 2026-Women Chess Championship  ,2026-02-11,,0,"South Central Railway Sports Ground, Pavilion"
1351000,День всех влюбленных в шахматы ДОШКОЛЬНИК ,2026-02-14,10,5,
1351001,PALAKKAD DIST. SENIOR OPEN CHESS TMT 2026 ,2026-02-14,15,5,PATTAMBI
1351015,ICAR South Zone Sports Meet 2026-Men's Chess Championship ,2026-02-11,,0,"South Central Railway Sports Ground, Pavilion"
1351002,U14-15 ,2026-02-11,11,0,
1351016,Selectivo Secundaria Varonil Zona 53 ,2026-02-11,10,5,Liceo Hispano Americano
1351003,День всех влюбленных в шахматы СЕМЕЙНЫЙ ,2026-02-15,10,5,Оренбург
1351012,JUEGOS ESCOLARES INTER-PRIMARIAS RAMA VARONIL ETAPA SECTOR 4 Y 12 AJEDREZ COCOYOC,2026-02-11,10,5,"Explanada Primaria ""Carlos Perez Guerrero"" Cocoyoc Mor."
466466,Sri Lanka National Majors Chess Championship 2026 Women's - Northern Province,2026-02-14,90,0,"Kokuvil Hindu Primary School, Jaffna"
1351017,SCF Hong Bao Blitz 2026 ,2026-03-06,3,2,Singapore Chess Federation
1351018,SCF Hong Bao Rapid 2026 ,2026-03-07,15,10,Singapore Chess Federation
1351019,Torneo Regional de Ajedrez Region IV Pimaria Equipo Mixto ,2026-02-04,30,0,CEDES 30 Calle Mar de Tasmania S/N Prados del Sur Culiacan Sinaloa
1351020,Blitz in CShK Ulpan february 1 ,2026-02-11,5,3,Астана
1351021,Campeonato Regional Metropolitano Superior Femenino 2026 Informes: 962249739. ,2026-02-12,60,30,Casa de la Juventud de Jesús María 
466110,Qom Standard Championship 1404 (Fajr Cup) ,2026-02-11,60,0,Shahid Heydarian Sport Complex
1351023,SUKOM SMITQH JERAM ,2026-02-10,30,0,SEKOLAH MENENGAH ISLAM HIRA JERAM
1351025,KÜTAHYA YILDIZLAR OKUL SPORLARI KIZLAR İL BİRİNCİLİĞİ ,2026-02-11,45,30,KÜTAHYA GSİM
1351024,KÜTAHYA OKUL SPORLARI  YILDIZLAR GENEL İL BİRİNCİLİĞİ ,2026-02-11,45,30,KÜTAHYA GSİM
1351026,SJKC Keow Kuang Closed Chess Tournament 2026 (Girls) ,2026-02-11,5,0,Science Lab
1351027,Классика Волонтер 2025 ,1926-02-14,90,0,Усть-Каменогорск
1351028,Al Rifaa Primary School for Girls ,2026-02-11,10,2,
1351029,KARAMAN OKULLAR ARASI KÜÇÜKLER SATRANÇ TURNUVASI AÇIK KATEGORİ,2026-02-11,45,30,Yeni Karaman Stadyumu Satranç Salonu
1351031,Vilniaus šachmatų klubo žaibo turnyras 2026-02-17 Valstybės atkūrimo diena,2026-02-17,3,2,"Užupio kavinė, Užupio g. 2, Vilnius"
1351032,KARAMAN OKULLAR ARASI KÜÇÜKLER SATRANÇ TURNUVASI KADINLAR KATEGORİSİ,2026-02-11,45,30,Yeni Karaman Stadyumu Satranç Salonu
1351033,KARAMAN OKULLAR ARASI YILDIZLAR SATRANÇ TURNUVASI KADINLAR KATEGORİ,2026-02-11,45,30,Yeni Karaman Stadyumu Satranç Salonu
1351034,RCU Inter-Colligiate Men's Team Championsip 2025 (Nipani) ,2026-02-11,15,5,
1351035,"Рапид в ЦШК ""ASTANA'' 14.02 в 15:00 Жирентаева 5 ",2026-02-14,10,2,
1351036,OPTCL Cup 2026 ,2026-02-11,15,0,"OPTCL ,Sahidnagar"
1351037,KEJOHANAN CATUR MSS BAHAGIAN KUCHING KATEGORI PEREMPUAN 18TKB 2026 ,2026-02-12,10,3,DEWAN KENYALANG MRSM
1351038,RCU Women's Inter-Colligiate Chess Tournament 2025 ,2026-02-11,15,5,
1351039,GIẢI CỜ TƯỚNG TẤT NIÊN CÂU LẠC BỘ TRUNG VĂN THÁNG 2 NĂM 2026  ,2026-02-11,,0,
1351041,2025–2026 ÖĞRETİM YILI OKULLAR ARASI MAHALLİ İSTANBUL 1. BÖLGE SATRANÇ TURNUVASI KÜÇÜKLER AÇIK,2026-02-11,45,30,SULTANBEYLİ BELEDİYESİ SPOR SALONU
1351042,2025–2026 ÖĞRETİM YILI OKULLAR ARASI MAHALLİ İSTANBUL 1. BÖLGE SATRANÇ TURNUVASI KÜÇÜKLER KIZLAR,2026-02-11,45,30,SULTANBEYLİ BELEDİYESİ SPOR SALONU
1351043,2025–2026 ÖĞRETİM YILI OKULLAR ARASI MAHALLİ İSTANBUL 1. BÖLGE SATRANÇ TURNUVASI YILDIZLAR AÇIK,2026-02-11,45,30,SULTANBEYLİ BELEDİYESİ SPOR SALONU
1351045,2025–2026 ÖĞRETİM YILI OKULLAR ARASI MAHALLİ İSTANBUL 1. BÖLGE SATRANÇ TURNUVASI YILDIZLAR KIZLAR,2026-02-11,45,30,SULTANBEYLİ BELEDİYESİ SPOR SALONU
1351046,2025–2026 ÖĞRETİM YILI OKULLAR ARASI MAHALLİ İSTANBUL 1. BÖLGE SATRANÇ TURNUVASI GENÇLER AÇIK,2026-02-11,45,30,SULTANBEYLİ BELEDİYESİ SPOR SALONU
1351047,Zagorje ob Savi 10+5 ,2026-02-10,,0,Zagorje ob Savi
1351048,2025–2026 ÖĞRETİM YILI OKULLAR ARASI MAHALLİ İSTANBUL 1. BÖLGE SATRANÇ TURNUVASI GENÇLER KIZLAR,2026-02-11,45,30,SULTANBEYLİ BELEDİYESİ SPOR SALONU
1351050,Seleksi Cabor Catur FIX ,2026-02-11,,0,
466887,Samarkand February Winter 2026 ,2026-02-16,3,0,Samarkand
1351052,Piala KORWIL III Open ,2026-02-15,10,3,SMP N 1 Bobotsari
1351053,Torneo Etapa De Región Centro 2025-2026 JDNEEB Secundarias Individual Femenil ,2026-02-11,30,0,Escuela Normal de Especialización del Estado de Sinaloa Osa Menor S/N Cuauhtemoc
1351054,Piala KORWIL III Kategori SD & MI ,2026-02-15,10,3,SMP N 1 Bobotsari
1351055,Piala KORWIL III Kategori SMP & MTs ,2026-02-15,10,3,SMP N 1 Bobotsari
1351056,Torneo Etapa De Región Centro 2025-2026 JDNEEB Secundarias Individual Varonil ,2026-02-11,30,0,Escuela Normal de Especialización del Estado de Sinaloa Osa Menor S/N Cuauhtemoc
1351058,Квалификационный турнир - А ,2026-02-10,60,30,
1351059,Квалификационный турнир - В ,2026-02-10,60,30,Нижневартовск
1351060,Квалификационный турнир - С ,2026-02-10,60,30,Нижневартовск
1351061,Torneo Etapa De Región Centro 2025-2026 JDNEEB Secundarias  ,2026-02-11,30,0,Escuela Normal de Especialización del Estado de Sinaloa Osa Menor S/N Cuauhtemoc
1351062,Белый месяц Турнир А ,2026-02-14,3,2,Улан-Удэ
1351063,Белый месяц Турнир Б ,2026-02-14,3,2,Улан-Удэ
1351066,Чемпионат города Оренбурга 2026 года. ,2026-02-21,45,30,Оренбург
1351067,Первая лига чемпионата города Оренбурга. ,2026-02-21,30,30,Оренбург
1351068,"Этап Кубка России по шахматам среди мужчин «Мемориал Л. С. Сандахчиева» (№ КП НСО 02-0932, № ЕКП 2088540020046514)",2026-02-23,60,0,"Новосибирская область, р.п. Кольцово"
1351069,S.T JOSEPHAS CHESS TOUNAMENT KHALAD FOR CLASS 5 TH TO 8 TH ,2026-02-03,,0,
1351070,JCC ChessPowerHouse Feb Rapid - Grade 3 - 4 ,2026-02-15,20,2,King David Linksfield
1351071,Cupa Dr. Lupusoru 2026 ,2026-03-28,25,12,"Pensiunea Margo, Localitatea Lilieci, comuna Hemeiusi, jud Bacau"
1351072,MRDA Boys Chess Tournament ,2026-02-11,,0,
1351073,MRDA Girls Chess Tournament 11.02.2026 ,2026-02-11,,0,
1351075,1. GEMLİK SATRANÇ TURNUVASI 14 YAŞ HIZLI,2026-02-10,20,10,ÖZDİLEK CEVDEN AYNUR MAYRUK KIZ İMAM HATIP LISESI
1351076,1. GEMLİK SATRANÇ TURNUVASI 18 YAŞ HIZLI,2026-02-10,20,10,ÖZDİLEK CEVDEN AYNUR MAYRUK KIZ İMAM HATIP LISESI
1351074,KARAMAN OKULLAR ARASI YILDIZLAR SATRANÇ TURNUVASI AÇIK KATEGORİ,2026-02-11,45,30,Yeni Karaman Stadyumu Satranç Salonu
1351077,2025-2026 OKULLARARASI ESKİŞEHİR SATRANÇ YARIŞMALARI YILDIZLAR GENEL - 2013/2012/01.01.2011 - 12-13 YAŞ,2026-02-11,45,30,ESKİŞEHİR PROF.DR.FETHİ HEPER STADYUMU SATRANÇ SALONU
1351078,ΕΣΩΤΕΡΙΚΟ ΠΡΩΤΑΘΛΗΜΑ ΝΕΩΝ Α.Σ. ΤΚΝ «ΦΟΙΝΙΞ» 2026 Α ΟΜΙΛΟΣ ,2026-02-14,30,0,"Στρ. Μακρυγιάννη 79, Άγιος Δημήτριος "
1351079,2025-2026 OKULLARARASI ESKİŞEHİR SATRANÇ YARIŞMALARI YILDIZLAR KIZLAR - 2013/2012/01.01.2011 - 12-13 YAŞ,2026-02-11,45,30,ESKİŞEHİR PROF.DR.FETHİ HEPER STADYUMU SATRANÇ SALONU
1351081,"Турнир А, больше 1300 ",2026-02-14,30,30,"Киров, Динамовский проезд 10"
1351082,MAHALLİ OKULLAR ARASI MAHALLİ BATMAN GENÇLER SATRANÇ TURNUVASI GENÇLER AÇIK,2026-02-11,45,30,19 MAYIS SPOR SALONU
1351083,MAHALLİ OKULLAR ARASI MAHALLİ BATMAN GENÇLER SATRANÇ TURNUVASI GENÇLER KIZLAR,2026-02-13,45,30,19 MAYIS SPOR SALONU
466145,Knights of Intelligence International 2026 ,2026-02-12,25,0,Kirkuk -IRQ
1351086,OMGAD Community Chess Tournament ,2026-02-11,3,2,ADNEC
1351087,KEJOHANAN CATUR MSS DAERAH BAGAN DATUK TAHUN 2026 PEREMPUAN 18 TAHUN,2026-02-12,25,0,SM SAINS TELUK INTAN
1351088,NOGIG TEAM EVENT ,2026-02-11,30,10,ABUJA
1351085,KEJOHANAN CATUR MSS DAERAH BAGAN DATUK TAHUN 2026 LELAKI 18 TAHUN,2026-02-12,25,0,SM SAINS TELUK INTAN
1351089,Academy Cup 2026 ,2026-02-13,3,0,"Shevchenko 34, Yerevan, Armenia"
1351090,2nd HAGAR +IRAQI GOLDEN CHESS TOURNAMENT (131) ,2026-02-11,5,3,BAGHDAD
1351091,"Февральский Кубок по рапиду в ТРЦ Щёлковский 15 февраля 2026 года Турнир А (2015 г.р. и моложе, ФШР 1000-1100)",2026-02-15,10,5,"г. Москва, Щёлковское шоссе, вл.75"
1351092,"Февральский Кубок по рапиду в ТРЦ Щёлковский 15 февраля 2026 года Турнир Б (2011 г.р. и моложе, ФШР 1000-1500)",2026-02-15,10,5,"г. Москва, Щёлковское шоссе, вл.75"
1351093,"Февральский Кубок по рапиду в ТРЦ Щёлковский 15 февраля 2026 года Турнир В (OPEN, ФШР 1000-1999)",2026-02-15,10,5,"г. Москва, Щёлковское шоссе, вл.75"
1351094,Sri Lanka National Major Division Chess Championships 2026 Open  - UVA Province,2026-02-13,90,30,Viharamahadevi Girls School - Badulla
1351095,Sri Lanka National Major Division Chess Championships 2026 Women's  - UVA Province,2026-02-13,90,30,Viharamahadevi Girls School - Badulla
1351096,10th Future masters cup 2026 - Group A ,2026-03-21,60,30,"Future Grandmaster chess Club 257 Bach Mai, Hanoi"
1351097,10th Future masters cup 2026 - Group B ,2026-03-21,50,10,"Future Grandmaster chess Club 257 Bach Mai, Hanoi"
1351098,"Արարատի մարզի պատանիների առաջնություն,մինչև 10 տարեկան տղաներ, 2026 ",2026-02-18,90,0,Մասիս քաղաքի երաժշտական դպրոց
1351099,Schulschach Bezirksfinale Hann. WK ROH ,2026-02-11,,0,Wagenfeld
1351102,"Արարատի մարզի պատանիների առաջնություն, 14 տարեկան տղաներ,2026 ",2026-02-18,90,0,Մասիս քաղաքի երաժշտական դպրոց
1351103,Городской турнир ветеранов №169 (11-02-2026) ,2026-02-11,10,5,Ростов-на-Дону
1351104," Квалификационный турнир ""Шахматный марафон"" 5 этап 2 лига (16-00) ",2026-02-10,60,10,г. Ессентуки
1351105," Квалификационный турнир ""Шахматный марафон"" 5 этап 3 лига (16-00) ",2026-02-10,60,10,г. Ессентуки
1351106," Квалификационный турнир ""Шахматный марафон"" 5 этап 4 лига (16-00) ",2026-02-10,60,10,г. Ессентуки
1351107," Квалификационный турнир ""Шахматный марафон"" 5 этап 1 лига А ",2026-02-10,60,10,г. Ессентуки
1351108," Квалификационный турнир ""Шахматный марафон"" 5 этап 1 лига В ",2026-02-10,60,10,г. Ессентуки
1351109," Квалификационный турнир ""Шахматный марафон"" 5 этап 2 лига А ",2026-02-10,60,10,г. Ессентуки
1351110," Квалификационный турнир ""Шахматный марафон"" 5 этап 2 лига В ",2026-02-10,60,10,г. Ессентуки
1351111," Квалификационный турнир ""Шахматный марафон"" 5 этап 3 лига (16-00) ",2026-02-10,60,10,г. Ессентуки
1351112," Квалификационный турнир ""Шахматный марафон"" 5 этап 4 лига (16-00) ",2026-02-10,60,10,г. Ессентуки
1351114,Квалификационный турнир высшая лига В ,2026-02-10,60,10,г. Ессентуки
1351115,Турнир Б (меньше 1300) ,2026-02-14,30,30,"Киров, Динамовский проезд 10"
1351113," Квалификационный турнир ""Шахматный марафон"" 5 этап, высшая лига А ",2026-02-10,60,10,г. Ессентуки
1351116,Zemunac 004 - RAPID   sreda 18.02. u 17h ,2026-02-18,10,5,
1351119,GIRLS RGPV NODAL CHESS TOURNAMENT  2025-26 ,2026-02-11,,0,
1351121,"Արարատի մարզի պատանիների առաջնություն,մինչև 8 տարեկան տղաներ,2026 ",2026-02-18,90,0,Մասիս քաղաքի երաժշտական դպրոց
1351122,4-րդ կարգի որակավորման մրց․ մինչև 8տ․/ 1-ին խումբ/ ՇՏ ,2026-02-18,60,0,"ք․ Երևան, Խանջյան 50"
1351123,4-րդ կարգի որակավորման մրց․ 2017 և բարձր/ 2-րդ խումբ/ ՇՏ ,2026-02-18,60,0,"ք․ Երևան, Խանջյան 50"
1351124,BOYS RGPV NODAL LEVEL CHESS TOURNAMENT 2025 -26 ,2026-02-11,15,10,
1351127,Btk ES Inter School Chess Championship Girls ,2026-02-09,15,0,BTK
1351126,Btk ES Inter School Chess Championship  Boys 2026 ,2026-02-10,15,0,
1351128,TORNEO FORMATIVO CLUB DE ADASUR SUB 11  INSCRIPCIONES AL 977104675 Y  972775444,2026-02-22,10,3,JIRON DANIELL GARCES 592 PAMPLONA BAJA SAN JUAN DE MIRAFLORES
1351131,Универсиада Тамбовской области 2025-2026 (быстрые шахматы) ,2026-02-11,15,5,Тамбов
1351132,"Турнир по ""Пешечному бою"" от клуба ""BazaChess"" в школе 1290 (ШК2)  ",2026-02-11,5,3,г. Москва
1351133,Zemunac 003 - BLIC rejting  subota 14.02. u 18h ,2026-02-14,3,2,
1351135,The 2nd Iran Chess Championship - Fardaye Roshan (A) ,2026-02-11,40,10,Mazandaran
1351136,1st Mahashivratri Rapid under 09 open   Chess Championship 2026 Baijnath ,2026-02-14,15,10,
1351502,TORNEO DE AFILIACIÓN 2026-PIAMONTE-PRIMARIA INFERIOR ,2026-02-14,10,0,Colegio Piamonte
1351138,"Монгол Улсын аварга, шатрын спортын мастер, Н.Төрбат агсны  нэрэмжит ""Цодгор хүү"" 2026 Улсын уралдаан 5 хүртэл эрэгтэй ангилал ",2026-02-13,1,0,"Улаанбаатар хот, Монголын хүүхдийн ордон "
1351139,"Шахматный турнир среди учащихся «Элистинское лето - 2026». Группа ""С"". ",2026-06-15,60,10,"Элиста, ""РСШ по шахматам"""
1351140,1st Mahashivratri Rapid under 19 open   Chess Championship 2026 Baijnath ,2026-02-14,15,10,MAHARAJA PALACE
1351141,"Шахматное соревнование ""ЗИМНЯЯ ПЕШКА"" - 1 лига ",2026-02-14,60,10,"РМЭ, п. Советский, ул. Свердлова, 29В"
1351142,Алые паруса - 2026 ,2026-02-11,15,0,"РФ, Ульяновская область, Чердаклинский район"
1351143,TURNAMEN CATUR INTERN PPJM 2026  - Beregu Gedung Jagorawi Lt.2 Plaza Tol TMII,2026-02-15,15,0,Travoy Hub Gedung Jagorawi Lt.2 Plaza Tol TMII Jakarta
1351144,1st Mahashivratri Rapid under 11 open   Chess Championship 2026 Baijnath ,2026-02-14,15,10,
1351145,Feb 15th Scholastic Chess Juniors (2pm-5pm) ,2026-02-15,15,0,Kennedy Town Community Complex
1351146,49. Offene Reinfelder Stadtmeisterschaft ,2020-02-11,30,0,Reinfeld
1351148,"Шахматное соревнование ""ЗИМНЯЯ ПЕШКА"" - 2 лига ",2026-02-14,60,10,"РМЭ, п. Советский, ул. Свердлова, 29В"
1351149,Turnamen Catur INTERN PPJM 2026 - Perorangan Gedung Jagorawi Lt 2 Plaza Tol TMII Jakarta Timur,2026-02-15,10,0,Travoy HUB - Gedung Jagorawi Lt.2 Plaza Tol TMII Jakarta Timur
1351150,"Монгол Улсын аварга, шатрын спортын мастер, Н.Төрбат агсны  нэрэмжит ""Цодгор хүү"" 2026 Улсын уралдаан 5 хүртэл эмэгтэй ангилал ",2026-02-13,1,0,"Улаанбаатар хот, Монголы хүүхдийн ордон "
1351152,Langroud Rapid Chess  Bahman 1404 ,2026-02-15,8,3,
1351151,Турнир Академиков ,2026-02-13,30,30,г. Королев
465603,| FEB 22 | ♜♜ World Thinking Day Rapid Chess Tournament ♜♜ ,2026-02-22,10,2,The B1 Mall
466550, Tournoi d'echecs de l'aid ,2026-03-23,40,30,Gabés
465511,| FEB 22 | ♜♜ World Thinking Day Blitz Chess Tournament ♜♜ ,2026-02-22,3,2,The B1 Mall
1351157,"Монгол Улсын аварга, шатрын спортын мастер, Н.Төрбат агсны  нэрэмжит ""Цодгор хүү"" 2026 Улсын уралдаан 7 нас эрэгтэй ангилал ",2026-02-12,1,0,"Улаанбаатар хот, Монголы хүүхдийн ордон "
1351156,"World Chess Fiesta, Junior-U19 (Saturday,14 February 2026) @ Premier Chess Academy, Trivandrum",2026-02-14,15,5," Premier Chess Academy,3rd Floor, Dianby World , Vazhuthacaud , TVM"
1351158,IV Campeonato Ajedrez para mayores de 60 años San Sebastián de los Reyes ,2026-03-07,10,0,
1351159,"Монгол Улсын аварга, шатрын спортын мастер, Н.Төрбат агсны  нэрэмжит ""Цодгор хүү"" 2026 Улсын уралдаан 7 нас эмэгтэй ангилал ",2026-02-12,1,0,"Улаанбаатар хот, Монголы хүүхдийн ордон "
1351161,"BHAVAN'S NEWSPRINT VIDYALAYA, VELLOOR  CHESS TOURNAMENT UNDER 14",2026-02-10,15,5,VELLOOR
1351160,Feb 15th Scholastic Chess Triple 10 (10.00-12.15) ,2026-02-15,10,0,Kennedy Town Community Complex - https://tel.directory.gov.hk/0253008143_ENG.htm
1351162,Friðrikssyrpa TR III  ,2026-02-13,30,30,Faxafen 12
1351163,Квалификационный турнир г.о. Сызрань Кубок ДШК Дебют ,2026-02-10,3,2,г. Сызрань
1351164,Полуфинал 1-го этапа Кубка Дубны по шахматам ,2026-02-16,10,5,"Московская обл., г. Дубна"
1351165,"Монгол Улсын аварга, шатрын спортын мастер, Н.Төрбат агсны  нэрэмжит ""Цодгор хүү"" 2026 Улсын уралдаан 9 нас эмэгтэй ангилал ",2026-02-13,1,0,"Улаанбаатар хот, Монголы хүүхдийн ордон "
1351166,"Maharashtra Open Chess Tournament for the Visually Challenged, Chandrapur 2026 ",2026-02-13,45,15,"Jain Bhavan, Chandrapur"
1351168,2026年迎新年国际象棋联赛五、六、七级组 ,2026-02-05,,0,平顶山市鑫奥棋院
466705,"Bajramski šahovski festival ""Ina dizjan inženjering"" - RAPID Novi Pazar, 04.04.2026.",2026-04-04,10,5,"Hotel Atlas, Novi Pazar"
466706,"Bajramski šahovski festival ""Ina dizjan inženjering"" - BLITZ Novi Pazar, 05.04.2026.",2026-04-05,3,2,"Hotel Atlas, Novi Pazar"
1351171,Կորյուն Հովհաննիսյանի անվան շախմատի 14-րդ հուշամրցաշար.Վարդենիկ (Մ10) եզրափակիչ ,2026-02-07,,0,Վարդենիկ
472486,"IRT Sub. 2400 ""Copa Ciudad de Corrientes"" 7ma Edicion. $700.000 en Premios ",2026-04-25,60,30,Bolivar Nº1836 . Corrientes Capital
1351175,"Монгол Улсын аварга, шатрын спортын мастер, Н.Төрбат агсны  нэрэмжит ""Цодгор хүү"" 2026 Улсын уралдаан 9 нас эрэгтэй ангилал ",2026-02-12,1,0,"Улаанбаатар хот, Монголы хүүхдийн ордон "
1351177,Kreuzberger Schachsommer - Werner-Ott-Open 2026 ,2026-08-01,40,15,Berlin
1351179,Turnamen Kayawu Chess ,2026-02-11,,0,Kediaman Kepala Lingkungan 5 Kayawu
1351180,Schulschachturnier BORG Linz ,2026-02-13,15,0,BORG Linz
1351181,Турнир Псковской области по шахматам среди команд школ-интернатов 2026 ,2026-02-13,10,5,"Псковская область, г. Опочка, улица Коммунальная, дом 4 «А»"
1351183,Nepalgunj Mayour Cup 3rd Rating Chess Tournament-2026 ,2025-02-14,60,30,"Bheri Technical School, Nepalgunj, Banke"
1351182,Klubbturnering Rapid 2026 ,2026-03-04,15,5,Skara
1351184,"Монгол Улсын аварга, шатрын спортын мастер, Н.Төрбат агсны  нэрэмжит ""Цодгор хүү"" 2026 Улсын уралдаан 11 нас эрэгтэй ангилал ",2026-02-13,1,0,"Улаанбаатар хот, Монголы хүүхдийн ордон "
1351188,I Torneio Recreativo - UEPB - 2026 ,2026-02-28,10,5,ESPAÇO AQUÁRIO - CCT - UEPB CAMPUS 1
1351189,LOWER WEST COAST SCHOOLS PRESTIGE  INDIVIDUALS CHAMPIONSHIPS 2026 U09,2026-02-14,25,5,Swartland Primary School Malmesbury
1351190,LOWER WEST COAST SCHOOLS PRESTIGE  INDIVIDUALS CHAMPIONSHIPS 2026 U09F,2026-02-14,25,5,Swartland Primary School Malmesbury
1351191,مسابقات دختران متوسطه دوم استان فارس 21 بهمن 1404 ,2026-02-10,20,0,Shiraz
1351192,LOWER WEST COAST SCHOOLS PRESTIGE  INDIVIDUALS CHAMPIONSHIPS 2026 U11,2026-02-14,25,5,Swartland Primary School Malmesbury
1351193,LOWER WEST COAST SCHOOLS PRESTIGE  INDIVIDUALS CHAMPIONSHIPS 2026 U11F,2026-02-14,25,5,Swartland Primary School Malmesbury
1351195,"Монгол Улсын аварга, шатрын спортын мастер, Н.Төрбат агсны  нэрэмжит ""Цодгор хүү"" 2026 Улсын уралдаан 11 нас эмэгтэй ангилал ",2026-02-13,1,0,"Улаанбаатар хот, Монголы хүүхдийн ордон "
1351196,"WENAS INVITATION - SERIES 1, FEBRUARY 2026 ",2026-02-11,15,5,
1351198,LOWER WEST COAST SCHOOLS PRESTIGE  INDIVIDUALS CHAMPIONSHIPS 2026 U13F,2026-02-14,25,5,Swartland Primary School Malmesbury
1351199,LOWER WEST COAST SCHOOLS PRESTIGE  INDIVIDUALS CHAMPIONSHIPS 2026 U15,2026-02-14,25,5,Swartland Primary School Malmesbury
1351200,LOWER WEST COAST SCHOOLS PRESTIGE  INDIVIDUALS CHAMPIONSHIPS 2026 U15F,2026-02-14,25,5,Swartland Primary School Malmesbury
1351201,LOWER WEST COAST SCHOOLS PRESTIGE  INDIVIDUALS CHAMPIONSHIPS 2026 U18,2026-02-14,25,5,Swartland Primary School Malmesbury
1351202,LOWER WEST COAST SCHOOLS PRESTIGE  INDIVIDUALS CHAMPIONSHIPS 2026 U18F,2026-02-14,25,5,Swartland Primary School Malmesbury
1351203,LOWER WEST COAST SCHOOLS PRESTIGE  INDIVIDUALS CHAMPIONSHIPS 2026 U20,2026-02-14,25,5,Swartland Primary School Malmesbury
1351205,Maestro Rapid Tournament 12th Feb 2026 ,2026-02-11,25,10,Maestro Chess Academy Attapur
1351207,بطولة نادي روح الشطرنج الاسبوعية ( تبوك 2026) ,2026-02-13,10,5,Tabuk
1351208,SKY CHESS ACADEMY FREINDLY BLITZ TOURNAMENT ,2026-02-11,,0,
1351209,"КТ го Самара по шахматам, быстрым шахматам, блицу и шахматной композиции в 2026  году. Турнир, посвящённый памяти воинов-интернационалистов",2026-02-14,15,0,"г. Самара, МБУ ДО г.о. Самара ""СШ ""Ладья"""
1351210,ЛОШФ_Кваліфікаційний турнір з нормою 2-го розряду 13-15.02.2026 ,2026-02-13,35,30,Львів
1351211,ЛОШФ_Кваліфікаційний турнір з нормою 1-го розряду 13-15.02.2026 ,2026-02-13,35,30,Львів
1351212,Kejohanan Catur Piala Ketua Polis Negara 2026 - Rapid Terbuka,2026-02-12,5,0,"Level 105, Exchange 106 Tower"
1351213,Krajská soutěž Libereckého kraje (západ) Finále ''B'' ,2026-02-22,40,30,Liberecký kraj
1351214,OdN 2026 Catégorie A ,2026-06-15,0,30,
1351216,Blitz in CShK Ulpan february 2 ,2026-02-11,5,3,Астана
1351217,U12 2014 2015 - 9° Campionato Provinciale U18 Varese ,2026-02-15,30,0,"Lonate Ceppino, ITA"
1351219,RCU Inter-Colligiate Men's Individual Selection Trials 2025 ,2026-02-11,10,5,
1351218,[K7XQ] K7 XIANGQI TRAINING (11.02.2026) ,2026-02-11,3,2,K7 MELAKA
1351220,Ավանի 4-րդ կարգի որակավորման մրցաշար - Ա խումբ ,2026-02-11,60,0,Երևան
1351222,RCU Inter-Colligiate Women's Individual Selection Trials 2025 ,2026-02-11,10,5,
1351224,"""Белая ладья"" муниципальный этап ГО ""Котлас"" 2026 ",2026-02-14,10,5,Котлас
1351225,Campeonato Regional Metropolitano Superior Absoluto 2026 - Rapido ,2026-02-15,10,2,"Casa de la Juventud de Jesús María, Av Horacio Urteaga cuadra 10"
1351227,Campeonato Regional Metropolitano Superior Femenino 2026 - Rapido ,2026-02-15,10,2,"Casa de la Juventud de Jesús María, Av Horacio Urteaga cuadra 10"
1351228,Блиц турнир до 1600  ,2026-01-28,5,3,"Якутск, шахматный клуб ""Комбинация"""
1351229,Campeonato Regional Metropolitano Superior Absoluto 2026 - Blitz ,2026-02-14,3,2,"Casa de la Juventud de Jesús María, Av Horacio Urteaga cuadra 10"
1351233,Plazma SIM -  izlučno natjecanje za grad Zagreb - Špansko U15 ,2026-02-10,10,5,Ivana kukuljevića 9 
1351234,"Отбор к турниру КМС в (Астана, 21,22,28 февраля и 1 марта в 10.00) ",2026-02-21,45,30,"БЦ ""Monblan"", ул.Кенесары, 8"
1351235,IV. Izlučno natjecanje Špansko ,2026-02-10,10,5,Ivana kukuljevića 9 
1351236,Plazma SIM -  izlučno natjecanje za grad Zagreb Špansko ,2026-02-10,10,5,Ivana kukuljevića 9 
466237,Rapid Rated tournament (23) Iran Shahriar 1404 ,2026-02-12,10,0,https://balad.ir/location?latitude=35.691227&l
469377,I IRT CLASICO SUB 1800 CABFIS KASPAROV PIURA 2026,2026-03-07,30,0,A1 lote 25 Miraflores Country Club sétima etapa – Castilla – Piura.
1351242,مسابقه رپیدهفتگی23بهمن1404هیأت شطرنج شهرستان فومن شروع مسابقه ساعت3/30دقیقه عصرپنجشنبه23بهمن,2026-02-11,,0,
1351243,Rolling Chess Kayawu ,2026-02-11,,0,Kediaman Kepala Lingkungan 5 Kayawu
1351244,"Товарищеская встреча между детским клубом  ""Радуга"" г. Ачинск и  ""Спортивной школы"" г. Назарово (юноши).",2026-02-14,5,3,Ачинск
1351245,"""Žaibo"" turnyras ",2026-02-11,3,2,Biržai
1351247,"Budapesti női csapatbajnokság, A-csoport – 1960-61 ",1960-11-12,,0,Budapest
1351248,Личное первенство г. Железногорска по шахматам среди юношей 2011-2012 г.р.  ,2026-02-05,60,30,"Железногорск, ул. Ленина, 65"
1351249,"Budapesti női csapatbajnokság, B-csoport – 1960-61 ",1960-11-12,,0,Budapest
1351250,"Турнир на 1 разряд (Астана, 21,22,28 февраля и 1 марта в 16.00) ",2026-02-21,30,30,"БЦ ""Monblan"", ул.Кенесары, 8"
1351251,Plazma SIM -  izlučno natjecanje za grad Zagrebh Stenjevec U15 ,2026-02-15,10,5,MO Stenjevec Samoborska cesta 63 Zagreb
1351253,Kärntner Senioren Mannschaftsmeisterschaft 2026 ,2026-02-19,90,30,"Felkirchen, Ruden, Villach, Spittal, St. Veit"
1351254,I TORNEO JUVENIL FORMATIVO CABFIS & KASPAROV PIURA 2026 - SUB 09,2026-03-07,30,0,A1 lote 25 Miraflores Country Club sétima etapa – Castilla – Piura.
1351255,"Товарищеская встреча между детским клубом  ""Радуга"" г. Ачинск и  ""Спортивной школы"" г. Назарово (девушки).",2026-02-14,5,3,Ачинск
1351257,I TORNEO JUVENIL FORMATIVO CABFIS & KASPAROV PIURA 2026 - SUB 11,2026-03-07,30,0,A1 lote 25 Miraflores Country Club sétima etapa – Castilla – Piura.
1351256,"турнир ""Smart club""  ",2026-02-15,10,5,Ростов-на-Дону
1351258,Plazma SIM -  izlučno natjecanje za grad Zagreb Stenjevec U11 ,2026-02-15,10,5,MO Stenjevec Samoborska cesta 63 Zagreb
1351259,I TORNEO JUVENIL FORMATIVO CABFIS & KASPAROV PIURA 2026 - SUB 13,2026-03-07,30,0,A1 lote 25 Miraflores Country Club sétima etapa – Castilla – Piura.
1351260,"БЛИЦ. ""МИР ШАХМАТ 12 ЛЕТ"" 14.02.2026 ",2026-02-14,3,2,Almaty
1351261,Šiaulių maratonas Nr. 6  2026 ,2026-02-11,5,3,Šiauliai
1351262,Ավանի 4-րդ կարգի որակավորման մրցաշար - Բ խումբ ,2026-02-11,60,0,Երևան
1351263,"Товарищеская встреча между детским клубом  ""Радуга"" г. Ачинск и  ""Спортивной школы"" г. Назарово (дети 2015 г.р. и младше).",2026-02-14,5,3,Ачинск
1351264,Кубок СПК по шахматам C ,2026-02-07,15,10,
1351265,Кубок СПК по шахматам B ,2026-02-07,15,10,
1351266,Кубок СПК по шахматам A ,2026-02-07,15,10,
1351268,Pefa Ikerege cdc community chess tournament february 2026 Open ,2026-02-11,60,0,
1351269,Кубок СПК по шахматам C ,2026-02-07,15,10,
1351270,I Parada - Circuito de Ajedrez Caña y Café 2026 -  Torneo Sub-8 · Copa Colegio Mariano de Jesus 100 Años Buga,2026-02-15,15,0,"Calle 5ta, Cra 4ta esq Buga  Valle el Cauca"
1351272,"РАПИД. ""МИР ШАХМАТ 12 ЛЕТ"" 15.02.2026 ",2026-02-15,10,3,Almaty
1351273,I Parada - Circuito de Ajedrez Caña y Café 2026 -  Torneo Sub-12 · Copa Colegio Mariano de Jesus 100 Años Buga,2026-02-15,15,0,"Calle 5ta, Cra 4ta esq Buga  Valle el Cauca"
1351271,I Parada - Circuito de Ajedrez Caña y Café 2026 -  Torneo Sub-10 · Copa Colegio Mariano de Jesus 100 Años Buga,2026-02-15,15,0,"Calle 5ta, Cra 4ta esq Buga  Valle el Cauca"
1351274,I Parada - Circuito de Ajedrez Caña y Café 2026 -  Torneo Sub-14 · Copa Colegio Mariano de Jesus 100 Años Buga,2026-02-15,15,0,"Calle 5ta, Cra 4ta esq Buga  Valle el Cauca"
1351275,Pefa Ikerege cdc community chess tournament february 2026 girls ,2026-02-11,60,0,
1351276,I Parada - Circuito de Ajedrez Caña y Café 2026 -  Torneo Sub-16 · Copa Colegio Mariano de Jesus 100 Años Buga,2026-02-15,15,0,"Calle 5ta, Cra 4ta esq Buga  Valle el Cauca"
467400,I Parada - Circuito de Ajedrez Caña y Café 2026 -   IRT · Copa Colegio Mariano de Jesus 100 Años Buga,2026-02-15,15,0,"Calle 5ta, Cra 4ta esq Buga  Valle el Cauca"
1351278,3rd KANYAKUMARI DISTRICT ALL DIFFERENTLY ABLED AND 2nd VETERAN  CHESS TOURNAMNET 2026 - HEARING IMPAIRED,2026-02-15,,0,"Carmel Higher Secondary School, Nagercoil"
1351279,N.I.O.C Chess Championships For Male Employees(for enabled) ,2026-02-11,20,0,Shiraz
1351280,1/4 Кубка Сената Акмолинской области ,2026-05-23,10,5,Кокшетау
1351282,первенство финуниверситета группа 1 ,2026-01-26,3,2,Курск
1351283,"КЛАССИКА. ""МИР ШАХМАТ 12 ЛЕТ"" 16.02.2026-22.02.2026 | 600 000 ПРИЗОВОЙ ФОНД",2026-02-16,30,30,Almaty
1351296,15 Torneio Torneio Interno S.M.Porto ,2025-10-08,10,3,São Martinho do Porto
1351286,первенство финуниверситета группа 2 ,2026-01-26,3,2,Курск
1351287,II TORNEO DE ENTRENAMIENTO - SUB 08 LAMBAYEQUE,2026-02-11,3,2,Complejo Deportivo San Juan Masias
1351288,PEMILIHAN KEM PEMBANGUNAN CATUR SK WAWASAN 2026 (WANITA) ,2026-02-14,10,0,"Parit Buntar, Perak"
1351290,SRCA U09 RAPID PLAY CHESS TOURNAMENT 15 MAR 26 ,2026-03-15,25,5,"BINGE CENTRAL, CANDOR TECHSPACE NOIDA, SECTOR-62 UP"
1351291,SRCA U11 RAPID PLAY & BLITZ BATTLE CHESS TOURNAMENT 15 MAR 26 ,2026-03-15,25,5,"BINGE CENTRAL, CANDOR TECHSPACE NOIDA, SECTOR-62 UP"
1351292,SRCA U13 RAPID PLAY & BLITZ BATTLE CHESS TOURNAMENT 15 MAR 26 ,2026-03-15,25,5,"BINGE CENTRAL, CANDOR TECHSPACE NOIDA, SECTOR-62 UP"
1351289,SRCA OPEN RAPID PLAY CHESS TOURNAMENT 15 MAR 26 ,2026-03-15,25,5,"BINGE CENTRAL, CANDOR TECHSPACE NOIDA, SECTOR-62 UP"
1351294,Чемпіонат міста з шахів до 10 років ,2026-02-11,35,30,м.Кривий Ріг
1351293,Снежный дебют 2 лига ,2026-02-01,10,5,г.Москва
1351295,Снежный дебют 3 лига ,2026-02-01,10,5,Москва
1351297,Liga mládeže Spiša 5. turnaj Smižany 2025/26 GPX ,2026-03-05,12,3,Smižany
1351299,Liga mládeže Spiša 5. turnaj Smižany 2025/26 GPX+ ,2026-03-05,12,3,Smižany
1351301,2-րդ կարգի որակավորման մրցաշար - Կապան․ ,2026-02-12,60,30,Կապան
1351302,Torneo de Ajedrez Amistoso X equipos  ,2026-02-11,20,0,"Secundaria Tecnica 28 Huehuetan, Chiapas"
466224,"IRT Rápido III Aniversario “Chess Brothers"" ",2026-02-21,10,5,Santa Ana de Coro - Estado Falcón
1351304,Campeonato Paraibano de Xadrez Escolar 2026 - Sub 15 - João Pessoa (PB) ,2026-03-14,10,5,Associação dos Servidores do IFPB - Bessa - João Pessoa
1351305,"Kadetski Rapid turnir ""Aljehin 2026 Zrenjanin"" V - VIII razred i srednjoskolci ",2026-02-28,10,3,"Zrenjanin , Pere Dobrinovićab 31a , sala ""Kristal Glamur"""
1351306,Campeonato Paraibano de Xadrez Universirário 2026 - João Pessoa (PB) ,2026-03-14,10,5,Associação dos Servidores do IFPB - Bessa - João Pessoa
1351310,"Блицтурнир ПМК ""Шахматный"" 11.02.2026, посвященный Дню российской науки",2026-02-11,5,3,Санкт-Петербург
1351503,TORNEO DE AFILIACIÓN 2026-PIAMONTE-PRIMARIA SUPERIOR ,2026-02-14,10,0,Colegio Piamonte
1351314,"""Школьный Олимп"" - Первые шаги (1000 - 0 ) 2016 г.р. и моложе, Г.о.Подольск ",2026-03-08,10,5,Подольск
1351315,1/8 Кубка Сената среди раб.силовых ведомств Акмолинской области ,2026-02-26,10,5,Кокшетау
1351311,"""School Olympus"" 6 Stage Group ""A"" ( 1400+) for boys and girls under 19 years ol ",2026-03-08,10,5,Подольск
1351316,11th Memorial chess tournament Fadil Nimani ,2026-06-06,10,5,"OOU ""7 Marsi""s.Opae"
1351312,"""Школьный Олимп"". Группа ""Б"" (1399 - 1151) - 6 этап серии по быстрым шахматам ЮД ",2026-03-08,10,5,Подольск
1351317,"Kadetski Rapid turnir ""Aljehin 2026 Zrenjanin"" II - IV razred  ",2026-02-28,10,3,"Zrenjanin , Pere Dobrinovićab 31a , sala ""Kristal Glamur"""
1351313,"""Школьный Олимп"". Группа ""В"" (1150 - 0) - 6 этап серии по быстрым шахматам ЮД 19 ",2026-03-08,10,5,Подольск
1351319,"Февральский Гран-При idChess 2026 (турнир №4), 5000 руб. ШШ ""Этюд"", Москва, ул. Римского-Корсакова, 10, 8-499-903-68-21",2026-02-11,5,3,"Москва, метро Отрадное, ул. Римского-Корсакова, 10"
464910,RUDAR XXXI- GM ROUND ROBIN ,2026-03-21,90,0,Pozarevac - Hotel Dunav
1351321,II. Festival de Ajedrez IRT. Clasico Estrategias de Rey ,2026-02-21,60,0,"CENTRO COMERCIAL PLAZA ATLANTICO, AL LADO DE LA URBANIZACION LOMAS DEL CARONI"
464911,RUDAR L - IM ROUND ROBIN ,2026-03-21,90,0,Pozarevac - Hotel Dunav
464912,RUDAR XXXVA - FM ROUND ROBIN ,2026-03-21,60,0,Pozarevac - Hotel Dunav
1351334,1er Blitz  de la Asociación Santafesina de Ajedrez Febrero 2026  ,2026-02-14,5,2,Salón de Deportes de la municipalidad de Santo Tomé. Libertad 1073 - Santo Tomé
1351333,"Февральский Гран-При idChess 2026 (турнир №7), 5000 руб. ШШ ""Этюд"", Москва, ул. Римского-Корсакова, 10, 8-499-903-68-21",2026-02-18,5,3,"Москва, метро Отрадное, ул. Римского-Корсакова, 10"
1351332,CUPA DE IARNA DEVA TURNEU B Neomologat ,2026-02-14,10,5,RESTAURANT PRESIDENT
1351329,"Турнир по блицу, посвящённый Дню Защитника Отечества ",2026-02-13,3,2,"МО, г. Балашиха"
1351330,"Kadetski Rapid turnir ""Aljehin 2026 Zrenjanin"" predskolci i I razred ",2026-02-28,10,3,"Zrenjanin, Pere Dobrinovićab 31a, sala ""Kristal Glamur"""
1351331,"Февральский Гран-При idChess 2026 (турнир №5), 5000 руб. ШШ ""Этюд"", Москва, ул. Римского-Корсакова, 10, 8-499-903-68-21",2026-02-13,3,2,"Москва, метро Отрадное, ул. Римского-Корсакова, 10"
464915,RUDAR XXXVIA - FM ROUND ROBIN ,2026-03-29,60,0,Pozarevac - Hotel Dunav
1351345,"Февральский Гран-При idChess 2026 (турнир №10), 5000 руб. ШШ ""Этюд"", Москва, ул. Римского-Корсакова, 10, 8-499-903-68-21",2026-02-27,3,2,"Москва, метро Отрадное, ул. Римского-Корсакова, 10"
464913,RUDAR XXXII- GM ROUND ROBIN ,2026-03-29,90,0,Pozarevac - Hotel Dunav
464914,RUDAR LI - IM ROUND ROBIN ,2026-03-29,90,0,Pozarevac - Hotel Dunav
1351346,Osnovnošolsko področno ekipno Novo mesto - učenke ,2026-02-11,10,5,"OŠ Toneta Pavčka, MIrna Peč"
1351347,Osnovnošolsko področno ekipno Novo mesto - učenci ,2026-02-11,10,5,"OŠ Toneta Pavčka, MIrna Peč"
1351348,JUEGOS DEPORTIVOS ESCOLARES COORDINACION 54L FEMENIL INDIVIDUAL,2026-02-10,20,5,COORDINACION SNTE ACAYUCAN
1351351,"Aadi Academy Inter School Chess Competition (Session B) Grade 2, 3 & 4",2026-02-28,15,3,"Aadi Academy, Bhatia Wadi, Borivali (West), Mumbai - 400092"
1351352,"Aadi Academy Inter School Chess Competition (Session A) Junior, Senior KG & Grade I",2026-02-28,15,3,
1351350,2025-2026 ÖĞRETİM YILI OKULLAR ARASI MAHALLİ  MALATYA KÜÇÜKLER SATRANÇ TURNUVASI KÜÇÜKLER AÇIK KATEGORİ,2026-02-12,45,30,GSİM SATRANÇ MERKEZİ
1351353,2025-2026 ÖĞRETİM YILI OKULLAR ARASI MAHALLİ MALATYA KÜÇÜKLER SATRANÇ TURNUVASI KÜÇÜKLER KIZLAR KATEGORİSİ,2026-02-12,45,30,GSİM SATRANÇ MERKEZİ
466078,Generacion Z 2026 - Rapid - Super 8 - Club Argentino de Ajedrez ,2026-02-20,8,0,"Paraguay 1858, CABA"
1351355,1er fecha Prix Piquense de Ajedrez Asociación Italiana ,2026-02-10,,0,
466079,Generacion Z 2026 - Blitz - Club Argentino de Ajedrez - 12 Monos ,2026-02-21,3,0,"Paraguay 1858, CABA"
1351358,MADTSA MALIDA COMPETITION 2026 CATUR PUTRI. ,2026-02-14,10,3,
1351359,2o.Torneo Verano  Club Solis de Pando,2026-02-09,7,2,Pando
466782,Herbst-Open Würselen 2026 ,2026-10-16,40,30,Würselen
1351360,"OPEN TΟΥΡΝΟΥΑ ΣΚΑΚΙ U1800 by A.C.C. . ΕΝΑΡΞΗ ΤΕΤΑΡΤΗ 25/02 , ΩΡΑ 18Η00 Χρόνος σκέψης 1h30 + 30'' ανά κίνηση",2026-02-25,90,0,"Karpathou 8, PETROUPOLI"
1351361,Bojanala Closed Chess Championships 2026 - U20 ,2026-02-13,30,30,Rustenburg
1351362,Bojanala Closed Chess Championships 2026 - U18 ,2026-02-13,30,30,Rustenburg
467554,Bojanala Closed Chess Championships 2026 - U16 ,2026-02-13,30,30,Rustenburg
1351364,Bojanala Closed Chess Championships 2026 - U14 ,2026-02-13,30,30,Rustenburg
1351365,Bojanala Closed Chess Championships 2026 - U12 ,2026-02-13,30,30,Rustenburg
1351366,Bojanala Closed Chess Championships 2026 - U10 ,2026-02-13,30,30,Rustenburg
1351367,Bojanala Closed Chess Championships 2026 - U8 ,2026-02-13,30,30,Rustenburg
1351368,Bojanala Closed Chess Championships 2026 - Ladies ,2026-02-13,30,30,Rustenburg
1351372,Domnov ciklus 10 + 5 / 3. turnir ,2026-02-12,10,5,Lucija
1351369,Bojanala Closed Chess Championships 2026 - Open ,2026-02-13,30,30,Rustenburg
1351371,Bojanala Closed Chess Championships 2026 - Parents ,2026-02-13,30,30,Rustenburg
1351373,43  Juegos Deportivos en Edad Escolar Huesca Individual INICIACION  ,2026-02-15,7,3,"BARBASTRO (Pabellón Angel Orus, C/Obispo Abad y Lasierra)"
1351377,43  Juegos Deportivos en Edad Escolar Huesca Individual BENJAMIN ,2026-02-15,10,3,"BARBASTRO (Pabellón Angel Orus, C/Obispo Abad y Lasierra)"
1351379,43  Juegos Deportivos en Edad Escolar Huesca Individual ALEVIN ,2026-02-15,10,3,"BARBASTRO (Pabellón Angel Orus, C/Obispo Abad y Lasierra)"
1351380,"Балашихинская школьная лига, группа  группы АБ 1-6 места 12 фев 2026 ",2026-02-12,10,5,"МО, г. Балашиха"
1351382,43  Juegos Deportivos en Edad Escolar Huesca Individual CADETE - JUVENIL ,2026-02-15,12,3,"BARBASTRO (Pabellón Angel Orus, C/Obispo Abad y Lasierra)"
1351381,43  Juegos Deportivos en Edad Escolar Huesca Individual INFANTIL ,2026-02-15,12,3,"BARBASTRO (Pabellón Angel Orus, C/Obispo Abad y Lasierra)"
1351383,JUEGOS  ESCOLARES   NIVEL SECUNDARIA  2025-2026 ETAPA REGIONAL REGION 1 CATEGORIA MIXTA,2026-02-17,15,30,"LOS MOCHIS,SIN. COLEGIO NUEVA SENDA"
1351390,Men's Teacher Cup ,2026-02-12,10,2,"Ahvaz, Paeez Chess School"
1351385,Mladinsko državno prvenstvo v standardnem šahu - Deklice do 8 let ,2026-02-18,,0,Ljubljana
1351389,AVION chess challenge 25.04.2026 (GPX mládeže) ,2026-04-25,7,0,AVION Shopping Park Bratislava
1351388,1th Astara Weekly Standard Tournament اولین دوره مسابقات استاندارد هفتگی آستارا,2025-11-26,45,30,
1351384,IV BLITZ VERANO 2026 -CATAMARCA AJEDREZ- $110.000 EN PREMIOS ,2026-02-10,3,2,
1351394,22o RR Prep ,2026-02-05,10,5,
435044,WWRR B group ,2026-02-14,90,30,Wachtebeke
1351392,2025-2026 Öğretim Yılı Okullar Arası Mahalli Isparta Satranç Turnuvası Gençler Genel,2026-02-12,45,30,Isparta GSİM Satranç Salonu
1351396,Rallye Bludenz 2026 - JUGEND (Runden 3-5 Turnierschach Elowertung) ,2026-01-18,10,10,"Mittelschule Bludenz, Schillerstraße 6"
1351395,16o RR Prep ,2026-02-05,10,5,
1351400,2025-2026 EĞİTİM ÖĞRETİM YILI OKULLAR ARASI NEVŞEHİR MAHALLİ SATRANÇ YARIŞMALARI YILDIZLAR KIZLAR,2026-02-12,45,30,NEVŞEHİR GENÇLİK MERKEZİ
1351402,2025-2026 EĞİTİM ÖĞRETİM YILI OKULLAR ARASI NEVŞEHİR MAHALLİ SATRANÇ YARIŞMALARI YILDIZLAR GENEL,2026-02-12,45,30,NEVŞEHİR GENÇLİK MERKEZİ
1351401,Tukuma novada atklātā čempionāta ātrajā šahā - 2026 I posms 07.03.2026 ,2026-03-07,8,0,74 Kuldigas street Tukums
1351403,2025-2026 EĞİTİM ÖĞRETİM YILI OKULLAR ARASI NEVŞEHİR MAHALLİ SATRANÇ YARIŞMALARI GENÇLER KIZLAR,2026-02-12,45,30,NEVŞEHİR GENÇLİK MERKEZİ
1351404,2025-2026 EĞİTİM ÖĞRETİM YILI OKULLAR ARASI NEVŞEHİR MAHALLİ SATRANÇ YARIŞMALARI GENÇLER GENEL,2026-02-12,45,30,NEVŞEHİR GENÇLİK MERKEZİ
1351407,▄▀▄▀▄▀▄▀▄▀▄▀▄▀Open blitz 15-02-2026 by A.C.C. ώρα έναρξης 18h30▄▀▄▀▄▀▄▀▄▀▄▀▄▀▄ ΠΑΡΑΒΟΛΟ : 5 ΕΥΡΩ,2026-02-15,5,0,"Καρπάθου 8, ΠΕΤΡΟΥΠΟΛΗ"
1351405,JUEGOS DEPORTIVOS ESCOLARES COORDINACION 54L EQUIPO MIXTO,2026-02-10,20,5,COORDINACION SNTE ACAYUCAN
1351406,День Защитника Отечества ,2026-02-21,10,5,Шахунья
1351408,"Turnaj rodinných dvojíc a párov - 14.02.2026, Humenné ",2026-02-14,12,3,šachová kaviareň Check#Mate! Tolstého 102/3 Humenné
1351409,Кубок города Липецка по шахматам (1 этап) - турнир Б ,2026-02-11,1,30,"Г. Липецк, ул. Неделина, д.20."
1351410,IManisa_2025_26_Okul_Sp_Yildizlar_Genel_Satranc_Turnuvasi ,2026-02-12,45,30,MANİSA 19 MAYIS STADYUMU GEDİZ SATRANÇ SALONU
1351411,Manisa_2025_26_Okul_Sp_Yildizlar_Kizlar_Satranc_Turnuvasi ,2026-02-12,45,30,MANİSA 19 MAYIS STADYUMU GEDİZ SATRANÇ SALONU
1351414,Torneo blitz CyA Chess 11 de febrero 2026 3+2 ,2025-10-01,3,2,Salón camara y asociados
1351413,SRIJEDOM U BRESTOVCU 124 ,2026-02-11,10,5,POŽEŠKA 45 BRESTOVAC
1351416,Tehran Pishgam Novin Fajr Standard Bahman 1404 ,2026-02-10,60,0,TEHRAN
1351417,Campeonato de Ajedrez por Equipos TRIFUERZA 2026 - CATEGORÍA ABIERTA,2026-02-21,10,0,"Universidad de Los Andes (UNANDES), Av. Los Leones 10, Ciudad de La Paz"
1351418,MADTSA MALIDA COMPETITION 2026 CATUR PUTRA ,2026-02-14,10,3,MTS MALIDA MLONGGO
461008,2026 Team Championship of ESSTH-HALK -POA Group  A.-Rounds 1-5 ,2026-01-18,40,30,Thessaloniki & Chalkidiki
1351420,Campeonato de Ajedrez por Equipos TRIFUERZA 2026 - CATEGORÍA PROMOCIONAL SUB14,2026-02-21,10,0,"Universidad de Los Andes (UNANDES), Av. Los Leones 10, Ciudad de La Paz"
1351421,Polar Gambit 2026 rapid ,2026-02-22,10,5,Murmansk
1351422,"Чемпіонат Харківської області з шахів серед юнаків та дівчат до 14 років,класика ",2026-02-14,45,15,
1351423,Polar Gambit 2026 blitz ,2026-02-21,3,2,Murmansk
1351424,2025–2026 ÖĞRETİM YILI OKULLARARASI MAHALLİ UZUNKÖPRÜ 3.BÖLGE MİNİKLER B KIZLAR KATEGORİSİ,2026-02-12,45,30,Uzunköprü Oğuz Arda Sel Gençlik Merkezi
1351425,2025–2026 ÖĞRETİM YILI OKULLARARASI MAHALLİ UZUNKÖPRÜ 3.BÖLGE MİNİKLER B GENEL KATEGORİSİ,2026-02-12,45,30,Uzunköprü Oğuz Arda Sel Gençlik Merkezi
1351426,2025-2026 Öğretim Yılı Okullar Arası Mahalli Isparta Satranç Turnuvası Gençler Kız,2026-02-12,45,30,Isparta GSİM Satranç Salonu
1351427,2025–2026 ÖĞRETİM YILI OKULLARARASI MAHALLİ UZUNKÖPRÜ 3.BÖLGE MİNİKLER A KIZLAR KATEGORİSİ,2026-02-12,45,30,Uzunköprü Oğuz Arda Sel Gençlik Merkezi
1351429,2025–2026 ÖĞRETİM YILI OKULLARARASI MAHALLİ UZUNKÖPRÜ 3.BÖLGE KÜÇÜKLER KIZLAR KATEGORİSİ,2026-02-12,45,30,Uzunköprü Oğuz Arda Sel Gençlik Merkezi
1351428,2025–2026 ÖĞRETİM YILI OKULLARARASI MAHALLİ UZUNKÖPRÜ 3.BÖLGE MİNİKLER A GENEL KATEGORİSİ,2026-02-12,45,30,Uzunköprü Oğuz Arda Sel Gençlik Merkezi
1351430,2025–2026 ÖĞRETİM YILI OKULLARARASI MAHALLİ UZUNKÖPRÜ 3.BÖLGE KÜÇÜKLER GENEL KATEGORİSİ,2026-02-12,45,30,Uzunköprü Oğuz Arda Sel Gençlik Merkezi
1351431,2025–2026 ÖĞRETİM YILI OKULLARARASI MAHALLİ UZUNKÖPRÜ 3.BÖLGE YILDIZLAR KIZLAR KATEGORİSİ,2026-02-12,45,30,Uzunköprü Oğuz Arda Sel Gençlik Merkezi
1351432,2025–2026 ÖĞRETİM YILI OKULLARARASI MAHALLİ UZUNKÖPRÜ 3.BÖLGE YILDIZLAR GENEL KATEGORİSİ,2026-02-12,45,30,Uzunköprü Oğuz Arda Sel Gençlik Merkezi
1351433,2025–2026 ÖĞRETİM YILI OKULLARARASI MAHALLİ UZUNKÖPRÜ 3.BÖLGE GENÇLER GENEL KATEGORİSİ,2026-02-12,45,30,Uzunköprü Oğuz Arda Sel Gençlik Merkezi
1351434,"ШШК ""Октябрьский"" 11.02.2026 ",2026-02-11,8,2,Москва
1351435,Torneio Pequenina CXPAR ,2025-11-11,,0,
1351436,Broadland Junior Chess Tournament 2026 Under 15 & Under 18 Combined ,2026-02-14,10,10,Sprowston
1351504,TORNEO DE AFILIACIÓN 2026-PIAMONTE-SECUNDARIA ,2026-02-14,10,0,Colegio Piamonte
1351508,POPDA KULONPROGO 2026 PUTRI,2026-02-12,,0,
1351444,"【☆】★【☆】Open Rapid 14-02-2026 by A.C.C., ΩΡΑ ΕΝΑΡΞΗΣ 18h00【☆】★【☆】 ΠΑΡΑΒΟΛΟ : 5 ΕΥΡΩ",2026-02-14,10,0,"Καρπάθου 8, ΠΕΤΡΟΥΠΟΛΗ"
1351443,"Cupa ,, Ep. Dr. Alexandru Rusuˮ - Ediția a VIII- a, Baia Mare  - 14 februarie 2026 - U6 / U8",2026-02-14,,0,
1351437,Broadland Junior Chess Tournament 2026 Under 12 ,2026-02-14,10,10,Sprowston
1351439,MSR druzstiev stredne skoly 2026 ,2026-03-26,10,2,Ružomberok
1351441,MSR druzstiev ZS 2026 rocnik 1 az 4 ,2026-03-26,10,2,Ružomberok
1351442,"IC Grades 3,4,5 Chess Tournament  ",2026-02-12,10,3,IC Ras Beirut
1351440,MSR druzstiev ZS 2026 starsi ziaci ,2026-03-26,10,2,Ružomberok
1351438,هشتمین دوره مسابقه شطرنج هفتگی هیات شطرنج شهرستان مسجدسلیمان ,2026-02-12,10,5,MIS
1351445,"Cupa ,, Ep. Dr. Alexandru Rusuˮ - Ediția a VIII- a, Baia Mare  - 14 februarie 2026 - U10 / U15 ",2026-02-14,,0,
1351446,Področno ekipno tekmovanje OŠ Podravja - učenke ,2026-02-11,10,5,Ptuj
1351452,Janus Open III ,2027-01-08,10,5,Eiði
1351448,Področno ekipno tekmovanje OŠ Podravja - učenci ,2026-02-11,10,5,Ptuj
1351449,2025-2026 Öğretim Yılı Okullar Arası Mahalli Isparta Satranç Turnuvası Yıldızlar Kız,2026-02-12,45,30,Isparta GSİM Satranç Salonu
1351450,"Cupa ,, Ep. Dr. Alexandru Rusuˮ - Ediția a VIII- a, Baia Mare  - 14 februarie 2026 - INCEPATORI",2026-02-14,,0,
1351451,"3. Memorijalni šahovski turnir ""Mirsad Dizdarević"" Doboj Istok ",2026-02-14,10,5,Doboj Istok
1351453,Wiener Schachschülerliga 2025/2026 - Volksschule Hoffnungsrunde,2026-02-24,12,0,"Haus des Schachsports, 1020 Wien, Marathonweg 14"
1351459,Club Argentino de Ajedrez 1° Torneo RÁPIDO AMATEUR TORNEO A SUB-1900 MIERCOLES 11 DE FEBRERO,2026-02-11,10,2,Club Argentino de Ajedrez- Paraguay 1858 - CABA
1351456,Prvenstvo Šahovskog kluba Vrustun 1252. u standardnom šahu za 2026. godinu ,2026-02-09,60,0,Vurnovec
1351460,Club Argentino de Ajedrez 1° Torneo RÁPIDO AMATEUR TORNEO B SUB-1500 MIERCOLES 11 DE FEBRERO,2026-02-11,10,2,Club Argentino de Ajedrez- Paraguay 1858 - CABA
473503,VIII Abierto Club de Ajedrez UCU ,2026-04-18,3,2,UCU Sede Central / Espacio Bildung (Cornelio Cantera 2731)
1351464,CTL Provincial Absoluto Salamanca 2026 ,2026-02-28,90,30,"Centro Gallego de Salamanca (Calle Arriba, número 6)"
1351465,Budapest XXII kerületi Diákolimpia Alsós Fiú Csapat I-II. kcs.,2026-02-11,10,0,Klauzál Ház (XXII. Nagytétényi út 31-33.)
1351466,Budapest XXII kerületi Diákolimpia Alsós Lány Csapat I-II. kcs.,2026-02-11,10,0,Klauzál Ház (XXII. Nagytétényi út 31-33.)
1351467,Budapest XXII kerületi Diákolimpia Felsős Fiú Csapat III-IV. kcs.,2026-02-11,10,0,Klauzál Ház (XXII. Nagytétényi út 31-33.)
1351468,Budapest XXII kerületi Diákolimpia Felsős Lány Csapat III-IV. kcs.,2026-02-11,10,0,Klauzál Ház (XXII. Nagytétényi út 31-33.)
1351469,Budapest XXII kerületi Diákolimpia Középiskolás Fiú Csapat V-VI. kcs.,2026-02-11,10,0,Klauzál Ház (XXII. Nagytétényi út 31-33.)
1351470,"II OPEN ""Festa do Queijo de OLIVEIRA DO HOSPITAL"" (8 Março) ",2026-03-08,10,5,Biblioteca escolar - Oliveira do Hospital
1351472,Kejohanan Catur Piala YDP MPD 2026 - Kategori Terbuka ,2026-02-17,25,0,Dewan Majlis Perbandaran Dungun
1351471,Torneo Ajedrez Infantil IKEA Prebenjamín San Sebastian de los Reyes 2026 ,2026-02-21,10,0,"Restaurante IKEA. Parque Comercial Megapark, Plaza Comercio, 1. 28700 Sanse"
1351473,Рапид в шахматном клубе Рокировка 14 февраля 2026 - 2016 г.р. и младше  ,2026-02-14,10,3,"г. , Москва, Солнцевский проспект, 14"
1351474,SUBOTICA - OPEN Sah Art februar 2026 ,2026-03-12,60,30,"Prostorije kluba Sah Art,Subotica, ul.Bose Milicevica 1"
1351475,Campeonato Tenerife por edades - Sub-08 ,2026-03-14,15,5,"Pabellon Basilio Labrador - Calle Ruiz Andion, 44 - Los Realejos"
1351476,Campeonato Tenerife por edades - Sub-10 ,2026-03-14,15,5,"Pabellon Basilio Labrador - Calle Ruiz Andion, 44 - Los Realejos"
1351477,Рапид в шахматном клубе Рокировка 15 февраля 2026 - 2015 г.р. и старше ,2026-02-15,10,3,"г. , Москва, Солнцевский проспект, 14"
1351478,Torneo Ajedrez Infantil IKEA Benjamín San Sebastian de los Reyes 2026 ,2026-02-21,10,0,"Restaurante IKEA. Parque Comercial Megapark, Plaza Comercio, 1. 28700 Sanse"
468621,Torneo Clasico FIDE Viswanathan Anand Hidalgo ,2026-02-28,60,30,Mineral de la Reforma
467250,Torneo Blitz FIDE Viswanathan Anand Hidalgo ,2026-03-01,3,2,Mineral de la Reforma
1351484,"Torneo IRT Blitz ""Chess Carnaval"" ",2026-02-11,3,0,Salones de la ADASC
1351486,Torneo Ajedrez Infantil IKEA Alevín San Sebastian de los Reyes 2026 ,2026-02-21,5,3,"Restaurante IKEA. Parque Comercial Megapark, Plaza Comercio, 1. 28700 Sanse"
1351487,"Torneo de Ajedrez "" Fiesta Nacional de la Artesania 2026 "" ",2026-02-14,25,5,"Casa de Bicentenario-Blvd , Gaillard 175"
1351489,Torneo Ajedrez Infantil IKEA Infantil San Sebastian de los Reyes 2026 ,2026-02-21,5,3,"Restaurante IKEA. Parque Comercial Megapark, Plaza Comercio, 1. 28700 Sanse"
1351490,73. Aarauer Stadtmeisterschaft 2026 M ,2026-02-13,90,30,Aaraz
1351492,CATUR BMD SPARCO OPEN ,2026-02-12,15,5,SMA BUDI MULIA DUA
1351491,Japan Youth Chess Championship 2026 全日本ユースチェス選手権 2026,2026-04-04,45,30,"Curian,Tokyo"
1351494,TORNEO BLITZ VERANO ,2026-02-11,3,2,THOMPSON 486
1351497,AP State Open Rapid Chess Tournament- Nellore on 15-02-2026 | 9603345326 15 Places Selection for International FIDE Rapid Rating Chess Tournament,2026-02-15,25,5,Nellore
1351496,Peon al Paso blitz 9+3 11/02/26 ,2026-02-11,9,3,Club de Ajedrez Peón al Paso
1351510,MATSAGA EDUTALENT COMPETITION 2026 CABANG CATUR  ,2026-02-12,,0,Manggung Wukirsari Imogiri Bantul
1351561,Absoluto Estatal Hidalgo 2026 - Sub 10 Femenil Nacidas en 2016 y 2017,2026-02-14,60,0,"Epazoyucan, Hidalgo"
1351512,Circuito FISCO PAULISTA de Xadrez Rápido 2026  - Torneio 1 MENORES - 3ª Etapa - Osasco-SP 28.02,2026-02-28,11,5,"Sede da AFRESP Osasco. Rua Octávio Catelani, nº 172 - Jd. Adalgiza/ Osasco-SP."
1351514,IPAA State Level Women's Chess Tournament Feb 2026. ,2026-02-14,30,0,"Kongu Nadu engineering College, Thottiyam, Trichy District, Tamilnadu"
1351515,JOVAN´S CLUB 11 FEBRERO BLITZ ,2026-02-11,3,2,"PLAZA CARACOL, ATLACOMULCO EDOMEX"
1351516,Primer Torneo Rápidas Mr. Chess 2026 ,2026-02-14,10,5,Machala
1351513,Enroque Osornino - 18° Fecha Circuito Ajedrez de Verano en Osorno ,2026-02-12,3,2,Plaza de Armas de Osorno
462776,Circuito Virgilio RPD Fevereiro  CBX - 9865/26  Fide - 462776,2026-02-15,15,3,Rua Araujo 154 3º andar São Paulo 
1351519,Primer Torneo Rápidas Mr. Chess 2026 Novatos ,2026-02-14,10,5,Machala
1351520,Kejohanan Catur Campuran Putra I-Game 2026 ,2026-02-13,15,0,"Bilik Seminar, Akademi Sukan UPM"
1351517,JAQUE MATE- SANTA LUCÍA- Abierto de los Viernes I (2026) ,2026-02-06,45,30,Club de Santa Lucía - Montes de Oca 1517 (C.A.B.A.)
1351522,Спартакиада Управления Росгвардии по Магаданской области ,2026-02-12,10,5,Магадан
1351523,"Juegos Deportivos Escolares Zona 502 Salamanca, Gto.",2026-02-11,10,0,
1351524,第 13 屆青少年德育勵進盃 全港校際圍棋錦標賽暨中國象棋比賽 圍棋初小組 A組,2026-02-28,,0,沙田圍胡素貞博士紀念學校 (地址: 沙田圍乙明邨街二號)
1351525,XX JDEEB Secundaria 2026 Etapa de Zona 512 ,2026-02-04,10,0,CETIS 160
1351526,La Proa de Fiesta - Sub 8 ,2026-03-21,30,0,"Club Misterio - Verdi 4111, Montevideo"
1351527,第 13 屆青少年德育勵進盃 全港校際圍棋錦標賽暨中國象棋比賽 圍棋初小組 B組,2026-02-28,,0,沙田圍胡素貞博士紀念學校 (地址: 沙田圍乙明邨街二號)
1351528,"Red Knight Chess Club ♘♘♘♘♘  FIDE RATED RAPID TOURNAMENT, March 1st",2026-03-01,15,5,Bangkok
1351529,La Proa de Fiesta - Sub 10 ,2026-03-21,30,0,"Club Misterio - Verdi 4111, Montevideo"
1351530,第 13 屆青少年德育勵進盃 全港校際圍棋錦標賽暨中國象棋比賽 圍棋初小組 C組,2026-02-28,,0,沙田圍胡素貞博士紀念學校 (地址: 沙田圍乙明邨街二號)
1351531,La Proa de Fiesta - Sub 12 ,2026-03-21,30,0,"Club Misterio - Verdi 4111, Montevideo"
1351532,第 13 屆青少年德育勵進盃 全港校際圍棋錦標賽暨中國象棋比賽 圍棋中小組 A組,2026-02-28,,0,沙田圍胡素貞博士紀念學校 (地址: 沙田圍乙明邨街二號)
1351533,XX JDEEB Secundaria 2026 Etapa de Zona 512,2026-02-04,10,0,"CETIS 160 Jaral del Progreso, Gto."
1351534,La Proa de Fiesta - Sin Elo ,2026-03-21,30,0,"Club Misterio - Verdi 4111, Montevideo"
1351535,第 13 屆青少年德育勵進盃 全港校際圍棋錦標賽暨中國象棋比賽 圍棋中小組 B組,2026-02-28,,0,沙田圍胡素貞博士紀念學校 (地址: 沙田圍乙明邨街二號)
1351536,第 13 屆青少年德育勵進盃 全港校際圍棋錦標賽暨中國象棋比賽 圍棋中小組 C組,2026-02-28,,0,沙田圍胡素貞博士紀念學校 (地址: 沙田圍乙明邨街二號)
1351537,La Proa de Fiesta - Sub 1700 ,2026-03-20,60,30,"Club Misterio - Verdi 4111, Montevideo"
1351538,第 13 屆青少年德育勵進盃 全港校際圍棋錦標賽暨中國象棋比賽 圍棋高小組 A組,2026-02-28,,0,沙田圍胡素貞博士紀念學校 (地址: 沙田圍乙明邨街二號)
1351539,La Proa de Fiesta - Plus 1700 ,2026-03-20,60,30,"Club Misterio - Verdi 4111, Montevideo"
1351540,第 13 屆青少年德育勵進盃 全港校際圍棋錦標賽暨中國象棋比賽 圍棋高小組 B組,2026-02-28,,0,沙田圍胡素貞博士紀念學校 (地址: 沙田圍乙明邨街二號)
1351541,第 13 屆青少年德育勵進盃 全港校際圍棋錦標賽暨中國象棋比賽 圍棋幼兒組 A組,2026-02-28,,0,沙田圍胡素貞博士紀念學校 (地址: 沙田圍乙明邨街二號)
1351542,第 13 屆青少年德育勵進盃 全港校際圍棋錦標賽暨中國象棋比賽 圍棋幼兒組 B組,2026-02-28,,0,沙田圍胡素貞博士紀念學校 (地址: 沙田圍乙明邨街二號)
1351543,第 13 屆青少年德育勵進盃 全港校際圍棋錦標賽暨中國象棋比賽 圍棋中學組,2026-02-28,,0,沙田圍胡素貞博士紀念學校 (地址: 沙田圍乙明邨街二號)
1351544,Šahovski turnir Valentinovo 2026.-Ruščica ,2026-02-17,7,3,Šah klub Ruščica
1351545,第 13 屆青少年德育勵進盃 全港校際圍棋錦標賽暨中國象棋比賽 中國象棋 初小組,2026-02-28,,0,沙田圍胡素貞博士紀念學校 (地址: 沙田圍乙明邨街二號)
1351546,第 13 屆青少年德育勵進盃 全港校際圍棋錦標賽暨中國象棋比賽 中國象棋 高小組,2026-02-28,,0,沙田圍胡素貞博士紀念學校 (地址: 沙田圍乙明邨街二號)
1351547,Juegos Deportivos Nacionales Escolares de la Educacacion Basica 2025-2026 Sonora Femenil Secundarias,2026-02-12,,0,"San Luis Rio Colorado, Sonora "
1351548,Juegos Deportivos Nacionales Escolares de la Educacacion Basica 2025-2026 Sonora Varonil Secundarias,2026-02-12,,0,"San Luis Rio Colorado, Sonora "
1351551,Juegos Deportivos Nacionales Escolares de la Educacacion Basica 2025-2026 Sonora Equipo Mixto Secundarias,2026-02-12,,0,"San Luis Rio Colorado, Sonora "
457264,ICC International FIDE Rapid Rating Open Chess Tournament 2026 - 5th Edition e-Certificate uploaded; New FIDE IDs added,2026-04-26,15,3,"Sri Venkatalakshmi Kalyana Mandapam, Trichy Rd, Singanallur, Coimbatore, TN"
464767,"""Жилфонду - 29!"". Блиц ",2026-02-07,3,2,"г. Новосибирск, Красный проспект 13"
1351553,"VII Torneo Open ""Alarcon Chess"" 2026 - Chimbote ",2014-02-26,10,0,"Av. Francisco Bolognesi 517, 3er piso oficina 302 - Chimbote"
1351554,"III Torneo Formativo ""Alarcon Chess"" 2026 Nivel Iniciacion - Chimbote ",2014-02-26,10,0,"Av. Francisco Bolognesi 517, 3er piso, ofician 302 - Chimbote"
1351555,"NATIONAL SCHOOL INTRA CHESS FEST AND CHAMPIONSHIP 2026, UNDER 10 ",2026-02-16,15,5,NATIONAL SCHOOL
1351556,21ST MCA INVITATIONAL UNDER 08 CHESS TOURNAMENT (PLAYERS BORN IN 2018 OR LATER ARE ELIGIBLE TO PARTICIPATE),2026-02-22,15,10,RAMAGYA SCHOOL SECTOR 50 NOIDA
1351557,21ST MCA INVITATIONAL UNDER 10 CHESS TOURNAMENT (PLAYERS BORN IN 2016 OR LATER ARE ELIGIBLE TO PARTICIPATE),2026-02-22,15,10,RAMAGYA SCHOOL SECTOR 50 NOIDA
1351558,Absoluto Estatal Hidalgo 2026 - Sub 8 Varonil Nacidos en 2018 y menores,2026-02-14,60,0,"Epazoyucan, Hidalgo"
1351559,Absoluto Estatal Hidalgo 2026 - Sub 8 Femenil Nacidos en 2018 y menores,2026-02-14,60,0,"Epazoyucan, Hidalgo"
1351560,Absoluto Estatal Hidalgo 2026 - Sub 10 Varonil Nacidos en 2016 y 2017,2026-02-14,60,0,"Epazoyucan, Hidalgo"
1352061,Torneio SUCAÇAÍ 12fev2026 ,2026-02-12,3,2,
1351562,Absoluto Estatal Hidalgo 2026 - Libre Varonil ,2026-02-14,60,0,"Epazoyucan, Hidalgo"
1351563,Absoluto Estatal Hidalgo 2026 - Libre Femenil ,2026-02-14,60,0,"Epazoyucan, Hidalgo"
1351564,Olimpiada Nacional Estatal Hidalgo 2026 - Sub 12 Femenil Nacidas en 2014 y menores,2026-02-14,60,0,"Epazoyucan, Hidalgo"
1351565,Olimpiada Nacional Estatal Hidalgo 2026 - Sub 12 Varonil Nacidos en 2014 y menores,2026-02-14,60,0,"Epazoyucan, Hidalgo"
1351566,"Olimpiada Nacional Estatal Hidalgo 2026 - 13-16 años Varonil Nacidos en 2010, 2011, 2012 y 2013",2026-02-14,60,0,"Epazoyucan, Hidalgo"
1351567,"Olimpiada Nacional Estatal Hidalgo 2026 - 13-16 años Femenil Nacidas en 2010, 2011, 2012 y 2013",2026-02-14,60,0,"Epazoyucan, Hidalgo"
1351568,"Olimpiada Nacional Estatal Hidalgo 2026 - 17-20 años Femenil Nacidas en 2006, 2007, 2008, 2009",2026-02-14,60,0,"Epazoyucan, Hidalgo"
1351569,"Olimpiada Nacional Estatal Hidalgo 2026 - 17-20 años Varonil Nacidas en 2006, 2007, 2008, 2009",2026-02-14,60,0,"Epazoyucan, Hidalgo"
465741,2026年「春雨盃」國際象棋分齡賽 (U12) 「Spring-Rain Cup」International Chess Age-Group Tournament 2026 (U12)(FIDE Rated),2026-02-14,15,5,上環文咸西街信裕大廈3樓
1351571,II TORNEO FORMATIVO Academia ENTRE MAESTROS - SUB 7 / DOMINGO 15 de Febrero  Informes al 935 268 427,2026-02-15,10,2,Calle Manuel Bonilla #121 Surquillo (altura de Plaza Vea de Angamos)
1351572,II TORNEO FORMATIVO Academia ENTRE MAESTROS - SUB 9 / DOMINGO 15 de Febrero  Informes al 935 268 427,2026-02-15,10,2,Calle Manuel Bonilla #121 Surquillo (altura de Plaza Vea de Angamos)
1351573,II TORNEO FORMATIVO Academia ENTRE MAESTROS - SUB 11 / DOMINGO 15 de Febrero  Informes al 935 268 427,2026-02-15,10,2,Calle Manuel Bonilla #121 Surquillo (altura de Plaza Vea de Angamos)
1351574,II TORNEO FORMATIVO Academia ENTRE MAESTROS - SUB 13 / DOMINGO 15 de Febrero  Informes al 935 268 427,2026-02-15,10,2,Calle Manuel Bonilla #121 Surquillo (altura de Plaza Vea de Angamos)
1351576,PERTANDINGAN CATUR TERTUTUP PERINGKAT SK PEKAN PUTATAN ,2026-02-12,10,0,SK PEKAN PUTATAN
1351578,"NATIONAL SCHOOL INTRA CHESS FEST AND CHAMPIONSHIP 2026, UNDER 12 ",2026-02-16,15,5,NATIONAL SCHOOL 
1351577,"Bishop Lover 3rd Below 1500 Rapid Chess Tournament on 14th March, 2026 Saturday  | Prize Fund : ₹ 19,101/-",2026-03-14,15,10,"Dwarka Sec-6, New Delhi"
1351580,SELECTIVO ESTATAL CERRADO TABASCO 2026 SUB-12 FEM ,2026-02-13,90,30,"Recreativo de Atasta, Gral. Gregorio S/N"
1351579,"OCTAVO TORNEO DE AJEDREZ ""FUTUROS INGENIEROS"" CATEGORIA ABSOLUTA",2025-02-21,15,0,SALON DEL PRIMER SEMESTRE INGENIERIA CIVIL CENTRO UNIVERSITARIO DE SAN MARCOS
1351581,PERTANDINGAN CATUR TERTUTUP PERINGKAT SK PEKAN PUTATAN ,2026-02-12,10,0,SK PEKAN PUTATAN
1351582,JODHPUR DISTRICT LEVEL U-17 SELECTION OPEN CHESS CHAMPIONSHIP 2026 Organised by Jodhpur District Chess Association,2026-02-15,20,10,JODHPUR
1351584,"""Təhsil"" RİM-in 3 nömrəli rioeugişm PHŞ Rapid 10+2  15 fevral 2026 Saat 15:00  ""B""qrupu  III-IV dərəcəli şahmatçılar iştirak edə bilər. Əlaqə: 070 511 79 11",2025-11-30,10,2,Bakı
1351583,"""Təhsil"" RİM-in 3 nömrəli rioeugişm PHŞ Rapid 10+2  15 fevral 2026 Saat 15:00  ""A""qrupu  I-II dərəcəli şahmatçılar iştirak edə bilər. Əlaqə: 070 511 79 11",2025-11-30,10,2,Bakı
1351587,SELECTIVO ESTATAL CERRADO TABASCO 2026 SUB-12 VAR ,2026-02-13,90,30,"Recreativo de Atasta, Gral. Gregorio S/N"
1351588,"NATIONAL SCHOOL INTRA CHESS FEST AND CHAMPIONSHIP 2026, UNDER 14 ",2026-02-16,15,5,NATIONAL SCHOOL 
1351590,«Вечерний рапид» в рамках Шахматного клуба ,2026-02-12,7,5,Новосибирск
1351592,Armonii pe tabla de șah - Șah în școală „I. Neculce” - cl. I-II ,2026-02-14,7,2,Lic. Teor. „Ion Neculce” Iasi 
1351593,ANTALYA OKULLAR ARASI SATRANÇ TURNUVASI YILDIZLAR GENEL KATEGORİSİ,2026-02-12,45,30,GSİM KAPALI SPOR SALONU
1351591,Maymouna Primary School for Girls ,2026-02-12,10,2,
1351594,NADIMIFARD CHESS CLUB WEEKLY RAPID    MOGHADAMATI   SHIRAZ1404/11/23 ,2026-02-12,10,0,Nadimifard Chess Club shiraz fars iran
1351595,SELECTIVO ESTATAL CERRADO TABASCO 2026 SUB-16 FEM ,2026-02-13,90,30,"Recreativo de Atasta, Gral. Gregorio S/N"
1351596,Armonii pe tabla de șah - Șah în școală „Ion Neculce” Iasi - cl. III-V ,2026-02-14,7,2,Lic. Teor. „Ion Neculce” Iasi 
1351597,Armonii pe tabla de șah - Șah în școală „Ion Neculce” Iasi - cl. VI-VIII ,2026-02-14,7,2,Lic. Teor. „Ion Neculce” Iasi 
1351598,Sri Lanka National Major Chess Championship 2026  - Eastern Province ,2026-02-14,90,0,Pandiruppu Maha Vidyalayam - Kalmunai
1351599,Sri Lanka National Women's Major Chess Championship 2026 - Eastern Province ,2026-02-14,90,0,Pandiruppu Maha Vidyalayam - Kalmunai
1351601,ANTALYA OKULLAR ARASI SATRANÇ TURNUVASI YILDIZLAR KIZ KATEGORİSİ,2026-02-12,45,30,GSİM KAPALI SPOR SALONU
1351603,P.Natanasikamani Memorial 4th Dindigul District Level Chess TMT -UNDER -08 ,2026-02-22,15,0,"Holy Cross Matric Hr,Sec,School, Oddanchatram"
1351605,P.Natanasikamani Memorial 4th Dindigul District Level Chess TMT -UNDER -11 ,2026-02-22,15,0,"Holy Cross Matric Hr,Sec,School, Oddanchatram"
1351607,P.Natanasikamani Memorial 4th Dindigul District Level Chess TMT -UNDER -14 ,2026-02-22,15,0,"Holy Cross Matric Hr,Sec,School, Oddanchatram"
1351609,II TORNEO FORMATIVO ECO PLAZA MAGIC CHESS 22.02.2026 10 AM ,2026-02-22,15,0,"Av. La Molina 439 - Ate, interior 1er nivel del Centro Comercial Eco Plaza
"
1351608,SELECTIVO ESTATAL CERRADO TABASCO 2026 SUB-16 VAR ,2026-02-13,90,30,"Recreativo de Atasta, Gral. Gregorio S/N"
1351612,23rd Zehne Pouya Rapid *Moghadamati & Motevasete (shiraz 1404/11/23) ,2026-02-12,10,10,
1351613,OPEN ,2026-02-12,,0,
1351611,XXXIX зимняя олимпиада сельских спортсменов Алтайского края по шахматам ,2026-02-12,60,5,Троицкий р-он
465041,The Rooky Monthly ♜♜ Blitz FIDE Rated ⚡️⚡️  8 March 2026,2026-03-08,5,3,"Tree on 3 Shopping Center 1st Floor, Bangkok"
465040,The Rooky Monthly ♜♜ Standard FIDE Rated ⏳⏳  7-8 March 2026,2026-03-07,60,30,"Tree on 3 Shopping Center 1st Floor, Bangkok"
1351616,SELECTIVO ESTATAL CERRADO TABASCO 2026 SUB-20 FEM ,2026-02-13,90,30,"Recreativo de Atasta, Gral. Gregorio S/N"
1351617,Турнир для сотрудников Казахмыса ,2026-02-12,5,3,Zhezkazgan
1351610,2025-2026 Öğretim Yılı Okullar Arası Mahalli Isparta Satranç Turnuvası Yıldızlar Genel,2026-02-12,45,30,Isparta GSİM Satranç Salonu
1351620,Районный турнир на 3й разряд в Talgar chess club 14.02.2026,2026-02-14,15,10,Талгар
1351621,Adikavi Nannaya University Inter Colleggiate Selections ,2026-02-12,30,5,
1351619,SELECTIVO ESTATAL CERRADO TABASCO 2026 SUB-20 VAR ,2026-02-13,90,30,"Recreativo de Atasta, Gral. Gregorio S/N"
1351622,LCIC Year of Horse Rapid 2026 ,2026-02-21,15,10,"Treetop @ Scape Level 5, 2 Orchard Link, Singapore (237978)"
1351623,Intellekt game DYUSSH ,2026-02-14,10,10,Bishkek
466130,Check Go and Mate Mindsport Festival - Zeer Rangsit 2026 - Blitz ,2569-02-15,5,0," Zeer Rangsit, Thailand"
1351626,inter college chees competition ,2026-02-12,30,0,
1351627,"Cupa Martisorului 2026 - U10 Mangalia, 07.03.",2026-03-07,10,5,Cercul Militar Mangalia
1351624,Первенство горда Салехарда 2026 по шахматам среди девочек до 13 лет(2015-2016 г) ,2026-02-10,60,10,Салехард
1351629,"Клубная лига Ярославской железной дороги 2025/26  ""Шахматный Мир"" г.о. Королев - ""Академия Шахмат"" г.о. Щелково",2026-02-08,1,30,Королев
1351630,Torneo Sub-1700 Mall Arauco Estaciòn domingo 15 febrero inscripciòn gratuita ,2026-02-15,10,3,
1351631,Torneo Sub-1350 Mall Arauco Estaciòn domingo 15 febrero inscripciòn gratuita ,2026-02-15,10,3,
1351632,2026 Chess In Shanghai - Rapid in the Park@Zhumianxiong ,2026-02-11,5,0,Shanghai China
466131,5Check Go and Mate Mindsport Festival - Zeer Rangsit 2026 - Rapid ,2026-02-14,10,5," Zeer Rangsit, Thailand"
1351628,Esfahan City Womens  CHampionship1404 ,2026-02-12,30,30,
466107,Mashhad Fajr Rapid Cup 24 Bahman 1404 مسابقه جام فجر مشهد,2026-02-13,10,0,Mashhad
1351641,"Квалификационный турнир на 3 разряд 12-14.02.2026, Жезказган ",2026-02-12,60,0,Zhezkazgan
1351642,2026 m. Kauno miesto mokyklų žaidynių šaškių varžybos ,2026-02-12,10,3,"Kauno sporto mokykla „Gaja“, Partizanų g. 180, Kaunas"
1351643,41th Basic Shiksha Parishad Chess Tournament (BOYS)  BIJNOR SNA ANUJ KUMAR 7607303017,2026-02-12,15,10,"Indira Bal Bhawan, Bijnor Chess Club BIJNOR (UP)"
1351644,41th Basic Shiksha Parishad Chess Tournament (GIRLS) BIJNOR SNA Anuj Kumar 7607303017,2026-02-12,15,10,"Indira Bal Bhawan, Bijnor Chess Club BIJNOR (UP)"
1351645,Чемпионат Ульяновска по рапиду - 2026 ,2026-02-15,10,5,"РФ, г. Ульяновск, ул. Спасская, 8"
1351646,"Открытый детский шахматный турнир ""Пятничная классика"" 13.02-06.03.2026 Группа А ",2026-02-13,30,30,Москва
1351647,2025–2026 ÖĞRETİM YILI OKULLARARASI MAHALLİ GİRESUN KÜÇÜKLER GENEL KATEGORİSİ ,2025-02-12,45,30,GİRESUN GENÇLİK MERKEZİ SALONU
1351648,1-ый этап Кубка КШК по быстрым шахматам Камень-на-Оби 14.02.2026 г. ,2026-02-14,10,5,Камень-на-Оби
1351649,2025–2026 ÖĞRETİM YILI OKULLARARASI MAHALLİ GİRESUN YILDIZ KIZLAR KATEGORİSİ ,2026-02-12,45,30,GİRESUN GENÇLİK MERKEZİ SALONU
1351650,2025-2026 ÖĞRETİM YILI OKULLARARASI MAHALLİ GENÇLER KIZLAR SATRANÇ İL YARIŞMASI GENÇLER KIZLAR,2026-02-12,45,30,ÇORUM SPOR SALONU
1351653,PERTANDINGAN CATUR TERTUTUP PERINGKAT SK PEKAN PUTATAN ,2026-02-12,10,0,SK PEKAN PUTATAN
1351652,2025–2026 ÖĞRETİM YILI OKULLARARASI MAHALLİ GİRESUN YILDIZ GENEL KATEGORİSİ ,2026-02-12,45,30,GİRESUN GENÇLİK MERKEZİ SALONU
1351651,2025-2026 ÖĞRETİM YILI OKULLARARASI MAHALLİ GENÇLER GENEL SATRANÇ İL YARIŞMASI GENÇLER GENEL,2026-02-12,45,30,ÇORUM SPOR SALONU
1351655,2025-2026 ÖĞRETİM YILI OKULLARARASI MAHALLİ YILDIZ KIZLAR SATRANÇ İL YARIŞMASI YILDIZLAR KIZLAR,2026-02-12,45,30,ÇORUM TEVFİK KIŞ SPOR SALONU
1351654,2025-2026 ÖĞRETİM YILI OKULLARARASI MAHALLİ YILDIZLAR GENEL SATRANÇ İL YARIŞMASI YILDIZLAR GENEL,2026-02-12,45,30,ÇORUM SPOR SALONU
1351656,136ο ΝΕΑΝΙΚΟ RAPID ΚΗΦΙΣΙΑΣ ,2026-02-15,10,5,"ΑΟΔΗΚ,Αρκαδίας 30 Αδάμες,Κηφισιά"
1351657,"Открытый детский шахматный турнир ""Пятничная классика"" 13.02-06.03.2026 Группа В ",2026-02-13,30,30,Москва
1351658,PERTANDINGAN CATUR TERTUTUP PERINGKAT SK PEKAN PUTATAN ,2026-02-12,10,0,SK PEKAN PUTATAN
1351659,IRCF Weekly Rapid Tournament 24 Bahman به میزبانی پیشگام سلامت پایدار ,2026-02-13,10,0,Tehran
1351664,MALAVALLI UNDER-15 OPEN VIDYA CHESS FESTIVAL 2026 : KSCA EVENT CODE : KSCA /G201/2526,2026-02-22,15,5,Vidya para medical college malavalli
1351663,Shahrood Weekly Rapid - Haftegi 23 Bahman ,2026-02-12,10,0,Shahrood
1351667,2026 Diamond Chess Academy Classical 0.1 CHAMPIONSHIP,2026-02-07,45,15,"Teachers Centre, Kimberley"
1351668,2026 Diamond Chess Academy Classical 0.1 Ladies,2026-02-07,45,15,"Teachers Centre, Kimberley"
1351669,1st Mahashivratri Rapid  Senior open   Chess Championship 2026 Baijnath ,2026-02-14,15,10,"Maharaj  Palace near( GSSS Baijnath),"
1351672,Azad Bayaz Sharestan Anar  ,2026-02-12,,0,
1351670,2026 WA Allegro Championship ,2026-02-22,12,0,"Perth, Western Australia"
1351673,Starfield College Chess Trials Feb. 2026 ,2026-02-12,10,5,Fagba
1351671,KEJOHANAN CATUR PIALA YDP MAJLIS PERBANDARAN DUNGUN 2026 (KATEGORI B12) ,2026-02-17,25,0,"DEWAN IBNU KHALDUN, MAJLIS PERBANDARAN DUNGUN"
1351674,Open Games Abu Dhabi 2026 - Inter-Generational Chess Tournament ,2026-02-12,5,3,ADNEC (Conference Hall B)
1351676,بطولة النشاط المدرسي التعليم الخاص جنزور  -بنات ,2026-02-12,10,5,
1351677,بطولة النشاط المدرسي التعليم الخاص جنزور  -بنين ,2026-02-12,10,5,
465636,Fars Boy Students 24 Bahman 1404(m1) ,2026-02-10,20,0,Shiraz
1351679,15th Zehne Pouya Weekly Rapid (Shiraz1404/11/23) ,2026-02-12,10,5,"Zehne Pouya chess club, Shiraz, Fars, Iran"
1351681,"Обласний студентський турнір ""Шахова Королева"" (Миколаїв) ",2026-02-12,10,5,Миколаїв
1351682,Чемпіонат Закарпатської області серед дітей до 10 років ,2026-02-14,10,5,
1351684,Чемпіонат Закарпатської області серед дітей до 8 років ,2026-02-14,10,5,Мукачево
1351685,CATUR O2SN KECAMATAN NANGGUNG TAHUN 2026 ,2026-02-12,25,0,GOR PGRI NANGGUNG
1351686,2025–2026 ÖĞRETİM YILI OKULLARARASI MAHALLİ KIRŞEHİR YILDIZLAR YARIŞMASI YILDIZLAR KIZ KATEGORİSİ,2026-02-12,45,30,Kırşehir Spor Salonu (Kindam) 
1351687,2025–2026 ÖĞRETİM YILI OKULLARARASI MAHALLİ KIRŞEHİR YILDIZLAR YARIŞMASI YILDIZLAR GENEL KATEGORİSİ,2026-02-12,45,30,Kırşehir Spor Salonu (Kindam) 
1351689,Тренировочный турнир 2А класса школы 71 ,2026-02-12,3,2,Школа 71
1351691,Holistic Chess center U8 ,2026-02-15,10,3,
1351693," ""Kairat Chess Club"" рапид турнир (15.02 - 10.00) ",2026-02-15,10,2,Astana
1351694,Holistic Chess Center U16 ,2026-02-15,10,3,
1351695,Holistic Chess Center U18 ,2026-02-15,10,3,
1351696,Vidzemes Skolu šaha olimpiādes atlases posms Mārupē (1.-4. kl. zēni) ,2026-02-20,10,5,Mārupes Valsts ģimnāzija
1351697,fajr1 ,2026-02-11,15,5,aaaa
1351698,Vidzemes Skolu šaha olimpiādes atlases posms Mārupē (1.-4. kl. meitenes) ,2026-02-20,10,5,Mārupes Valsts ģimnāzija
1351699,FERSCOAT INTER-HOUSE SPORT - CHESS (Secondary),2026-02-12,15,0,"2/4, Ogo Oluwatedo Street, Olude bustop, Ipaja, Lagos."
1351700,Vidzemes Skolu šaha olimpiādes atlase Mārupē (5.-12. kl. zēni un meitenes) ,2026-02-20,10,5,Mārupes Valsts ģimnāzija
1351703,шахматное поле ,2026-02-14,,0,
1351704,Mini Muar Under Age 12 Chess Championship 2026 (Lelaki 12) Monthly - March ,2026-03-08,10,0,"Muara99 Hotel,Muar,Johor"
1351705,Mini Muar Under Age 12 Chess Championship 2026 (Perempuan 12) Monthly - March ,2026-03-08,10,0,"Muara99 Hotel,Muar,Johor"
1351706,YALOVA 9. YÜRÜYEN KÖŞK ELO SATRANÇ TURNUVASI A KATEGORİSİ ,2026-02-14,60,30,GRAND TERMAL YALOVA RESORT HOTEL
1351707,YALOVA 9. YÜRÜYEN KÖŞK ELO SATRANÇ TURNUVASI 8 YAŞ ALTI KATEGORİSİ ,2026-02-14,60,30,GRAND TERMAL YALOVA RESORT HOTEL
1351708,YALOVA 9. YÜRÜYEN KÖŞK ELO SATRANÇ TURNUVASI 12 YAŞ ALTI KATEGORİSİ ,2026-02-14,60,30,GRAND TERMAL YALOVA RESORT HOTEL
1351709,YALOVA 9. YÜRÜYEN KÖŞK ELO SATRANÇ TURNUVASI B KATEGORİSİ ,2026-02-14,60,30,GRAND TERMAL YALOVA RESORT HOTEL
464675,TRABZON 24 ŞUBAT KURTULUŞ KUPASI SATRANÇ TURNUVASI A KATEGORİSİ,2026-02-12,90,30,BEŞİRLİ SPOR KOMPLEKSİ 
1351711,TRABZON 24 ŞUBAT KURTULUŞ KUPASI SATRANÇ TURNUVASI B KATEGORİSİ,2026-02-12,90,30,BEŞİRLİ SPOR KOMPLEKSİ 
1351712,TRABZON 24 ŞUBAT KURTULUŞ KUPASI SATRANÇ TURNUVASI 10 YAŞ VE ALTI KATEGORİSİ,2026-02-12,90,30,BEŞİRLİ SPOR KOMPLEKSİ 
1351713,TRABZON 24 ŞUBAT KURTULUŞ KUPASI SATRANÇ TURNUVASI 8 YAŞ VE ALTI KATEGORİSİ,2026-02-12,90,30,BEŞİRLİ SPOR KOMPLEKSİ 
1351716,"Cupa Martisorului 2026 - U16  Mangalia, 28.02-01.03.",2026-02-28,15,10,Cercul Militar Mangalia
1351715,Тренировочный турнир 2Б класса школы 71 ,2026-02-12,3,2,Школа 71
1351717,U-13 OPEN SANGLI DISTRICT SELECTION CHESS TOURNAMENT-26  ,2026-05-18,30,30,
1351718,DAUSA GOLD CUP OPEN CHESS TOURNAMENT 2026 ,2026-02-15,25,10,"विज़न क्लासेज, B-Z Mart के सामने, आगरा रोड, दौसा"
1351720,"Шахматный клуб на Рублевке Детский турнир, февраль 2026",2026-02-12,5,3,"Москва, Шале Березка"
1351721,9th Study Isle Chess Tournament under 8 ,2026-02-14,15,10,"House no 1151, sector 17"
1351722,مسابقات هفتگی باشگاه شطرنج فرزین بوشهر 14041123 farzinchess club ,2026-02-12,10,5,bushehr
1351723,День защитника Отечества Третья лига ,2026-02-16,45,30,"Абакан, КСШ"
1351724,"Турнир по быстрым шахматам в ОЦ ""Содружество"" ",2026-02-12,8,3,Воронеж
1351725,Farzin Jam Chess Club Weekly Rapid Tournament ,2026-02-12,10,0,"Baharestan,Farzin Jam Chess Club"
1351727,THE CHILD SCHOOL OPEN CHESS CHAMPIONSHIP SECONDARY U17 ,2026-02-12,10,0,IKORODU
463185,Altay Cup 2026 blitz 2 ,2026-02-14,3,0,Barnaul
1351731,Чемпионат Волоколамского МО  по русским шашкам (адаптивный спорт) ,2026-02-12,3,0,
1351730,Strathmore 02 ,2026-02-12,5,0,
1351732,Malayer Rapid Cup_23 Bahman 1404 ,2026-02-12,12,3,Malayer Iran
1351734,Турнир безразрядников ,2026-02-14,10,5,Екатеринбург
1351733,Championship UKR Girls-14 (classic) 2026 ,2026-03-09,90,0,"Khmelnytskyi, Shevchenka, 14"
1351737,Тренировочный турнир 2Г класса школы 71 ,2025-10-16,3,2,Школа 71
1351736,"Областной этап Всероссийских командных соревнований по шахматам ""Дебют"" 2026 ",2026-02-10,60,10,"г. Киров, ШК ""Вятская ладья"""
1351738,Чемпионат работников Западно-Сибирской железной дороги по шахматам. Мужчины. ,2026-02-17,15,5,"г. Новосибирск, ул. 91 перекат, д. 21 (ЦСПМиЮ им. К.Заслонова)"
1351739,♟️ Chess Lab EID Festival 2026 - Open Rapid Tournament - FIDE Rated - Mar 20 ,2026-03-20,10,2,Office 110 - Al Sayyah Building - Al Quoz - Main Branch
1351740,Чемпионат работников Западно-Сибирской железной дороги по шахматам. Женщины. ,2026-02-17,15,5,"г. Новосибирск, ул. 91 перекат, д. 21 (ЦСПМиЮ им. К.Заслонова)"
1351741,"WENAS INVITATION - SERIES 2,  FEBRUARY 2026 ",2026-02-12,15,5,
1352894,Mossel Bay Trials 2 2026 u17 girls ,2026-02-14,55,5,Sao Bras
1351742,Командное первенство Мегино-Кангаласского улуса по шахматам  среди команд общеобразовательных учреждений,2026-02-14,15,0,Майя
1351744,THE CHILD SCHOOL OPEN CHESS CHAMPIONSHIP UNDER 10 ,2026-02-12,10,0,IKORODU
1351745,Финал Рослиги-2025 года ,2026-02-13,5,3,"г. Москва, Кутузовский проспект, д. 39, здание ЦИК Партии «Единая Россия»"
1351749,Fischerschach Turnier 3 von 4 ,2026-02-10,10,0,Schobüll>Alte Dorfstr.2(Kiesselbach
1351753,NANDYAL DISTRICT F-09 GIRLS CHESS SELECTIONS FOR STATE LEVEL-2026 CONTACT NO:  9010451585,2026-02-14,15,5,NANDYAL
1351751,9th Study Isle Chess Tournament under 12 ,2026-02-14,15,10,"House no 1151, sector 17"
1351754,NANDYAL DISTRICT U-09 OPEN CHESS SELECTIONS  FOR STATE LEVEL -2026 CONTACT NO : 9010451585,2026-02-14,,0,NANDYAL
1351755,Рапид в Юности 1250 и выше ,2026-02-15,10,5,"Хабаровск, ул. Архангельская, 25"
459892,Swiss Manager Bushehr دوره سوییس منیجر بوشهر,2026-02-11,60,0,"HGC6+H7M, Bandar Ganaveh, Bushehr Province, Iran"
1351758,Чемпионат г.Новочебоксарска по шахматам ,1926-03-21,60,0,Новочебоксарск
1351760,Smarski ciklus 2025/2026 - 6. turnir - marec ,2026-03-19,8,3,Smarje - Sap
1351761,МАЛИ ГЕНИЈАЛЦИ - ФЕВРУАРИ ,2026-02-15,15,10,
1351757,Steirischen Jugendschachrallye 2026 - Gratwein-Straßengel - Gruppe A ,2026-03-08,1,0,"Mehrzweckhalle Gratwein; Schulgasse 10, 8112 Gratwein-Straßengel"
1351763,NANDYAL DISTRICT U-07 OPEN CHESS SELECTIONS FOR STATE LEVEL -2026 CONTACT : 9010451585,2026-02-14,,0,NANDYAL
1351764,Team Chess Challenge Harrow Area 2026 ,2026-02-26,10,2,"Harrow School, London"
1351765,15th ALL KERALA POLICE CHESS TOURNAMENT 2026 ,1926-02-13,25,5,"POLICE CLUB, CALICUT"
1351766,«Пліч-о-пліч Всеукраїнські шкільні ліги». 5-9 класи Івано-Франківськ,2025-12-03,10,3,Шаховий клуб ДЮСШ №3 Івано-Франківської міської ради Івано-Франківської області 
1351767,Steirischen Jugendschachrallye 2026 - Gratwein-Straßengel - Gruppe C ,2026-03-08,10,5,"Mehrzweckhalle Gratwein; Schulgasse 10, 8112 Gratwein-Straßengel"
1351768,4. Internationales Salamanca Schnellschach Open ,2026-05-03,10,10,Spittal/Drau 
1351770,Open ches tournament MC Dubai ,2026-02-14,11,0,Dubai
1351771,Турнир по быстрым шахматам Б ,2026-02-15,10,5,Владивосток
1351773,Турнир по быстрым шахматам В ,2026-02-15,10,5,Владивосток
1351776,Eeuwig Schaak A-Groep Voorjaar 2026,2026-02-05,1,0,Rucphen
1351779,Zemgales Skolu šaha olimpiādes atlases posms Dobelē (18.02.)  1-4.kl. zēni un meitenes,2026-02-18,10,5,"Baznīcas 6., Dobele"
1351777,9th Study Isle Chess Tournament under Open Category ,2026-02-15,15,10,"House no 1151, sector 17"
1351778,9th Study Isle Chess Tournament under 16 ,2026-02-14,15,10,"House no 1151, sector 17"
1351780,Senioren-Schnellschach-Landesmeisterschaft 2026 ,2026-05-02,10,10,Spittal/Drau
1351781,CHESS FANCY - THE NEW YEAR CHESS JOY TOURNAMENT  ,2026-02-07,60,0,
1351782,"III თანრიგი ""ოლიმპიური ჩემპიონი"" ",2026-02-06,,0,ოლიმპიური ჩემპიონი
1351785,Salamanca Jugend-Schnellschach-Landesmeisterschaft 2026 gleichzeitig 4. Runde Kärntner Sparkasse Jugendcup (bis U16),2026-05-02,10,10,Spittal/Drau
466207,Campeonato Estadal Escolar Asoajedrene 2026 Sub-15 Absoluto CIRCUITO IRT ASOAJEDRENE 2026,2026-02-28,30,0,"Salón de Ajedrez de la Escuela de Ecocenter, Porlamar, Estado Nueva Esparta."
464196,Fianchetto Classical 2026 ,2026-02-09,60,0,
1351789,Turnamen Tingkat Nasional PELAJAR HEBAT 2_SMA ,2026-02-15,15,10,"Pasar Pagi Mangga Dua Lantai 4, Kopi In Town"
1351790,Кубок Калининградской области по быстрым шахматам. 3 - этап.  15 февраля 2026 г.,2026-02-15,10,5,г. Калининград
1351791,"IV თანრიგი ""ოლიმპიური ჩემპიონი"" ",2026-02-06,,0,
466208,Campeonato Estadal Escolar Asoajedrene 2026 Sub-13 Absoluto CIRCUITO IRT ASOAJEDRENE 2026,2026-02-28,30,0,"Salón de Ajedrez de la Escuela de Ecocenter, Porlamar, Estado Nueva Esparta."
1351793,Turnamen Tingkat Nasional PELAJAR HEBAT 2_SMP ,2026-02-15,15,10,"Pasar Pagi Mangga Dua Lantai 4, Kopi In Town"
1351794,Campeonato Estadal Escolar Asoajedrene 2026 Sub-9 Absoluto CIRCUITO IRT ASOAJEDRENE 2026,2026-02-28,30,0,"Salón de Ajedrez de la Escuela de Ecocenter, Porlamar, Estado Nueva Esparta."
1351796,"V თანრიგი ""ოლიმპიური ჩემპიონი"" ",2026-02-06,,0,
1351797,Turnamen Tingkat Nasional PELAJAR HEBAT 2_SD456 ,2026-02-15,15,10,"Pasar Pagi Mangga Dua Lantai 4, Kopi In Town"
1351798,Eeuwig Schaak B-Groep Voorjaar 2026,2026-02-05,1,0,Rucphen
1351799,"Turnamen Tingkat Nasional PELAJAR HEBAT 2_TK,SD 123 ",2026-02-15,15,10,"Pasar Pagi Mangga Dua Lantai 4, Kopi In Town"
1351800,Донская ладья 12.02.2026 ,2026-02-12,5,3,Ростов-на-Дону
466794,FINAL CAMPEONATO DE CHILE ABSOLUTO 2026 ,2026-02-22,90,30,"POLIDEPORTIVO ESTADIO NACIONAL , AV PEDRO DE VALDIVIA 4851 ÑUÑOA "
1351804,Battle Of The Champions-February Qualifiers 2026 ,2026-02-13,10,3,"Dynamic Sports Barwa Madinatna, E Clubhouse"
1351805,ONSS-BRASOV-LICEU-OPEN ,2026-02-12,10,0,
1351807,"II етап ""Юні таланти""  Самбір 28лютого 2026 ",2026-02-28,10,5,Самбір
1351816,Dolňácká bleskovka 2026 ,2026-10-03,5,0,"Dolní Němčí, sál kulturního zařízení vedle restaurace Rozkvět, ul. Hlucká 108"
1351808,torneo de clausura grupo 1 ,2026-02-12,,0,Colegio Macitec
1352065,XIII Torneo blitz 2026 en Mirá vos - Academia Caissa ,2026-02-12,3,2,Mirá vos
1351809,Отборочный турнир на Первенство г. Ярославля по шахматам среди мальчиков до 13 лет (2016 и 2015 г.р.),2026-02-16,50,10,Ярославль
1351810,Отборочный турнир на Первенство г. Ярославля по шахматам среди девочек до 13 лет (2016 и 2015 г.р.),2026-02-16,50,10,Ярославль
1351811,Региональные соревнования по быстрым шахматам ДЕБЮТ ,2026-02-13,10,5,Новокузнецк
1351812,FECA Inter School Chess Competition-2082 ,2026-02-13,15,5,"Ujjwal Tara School, Suncity Apartments, Kageshwori Manohara, Kathmandu"
466473,Sri Lanka National Major Division Chess Championships 2026 Open  - North Central Province,2026-02-14,90,0,
1351814,День всех влюбленных в шахматы РАПИД до 1100 ,2026-02-14,10,5,
1351815,День всех влюбленных в шахматы БЛИЦ ,2026-02-15,3,2,
1351817,День всех влюбленных в шахматы ШАХМАТЫ960 ,2026-02-14,10,5,
1351818,1/4 финала кубка Senat open 2026 по Алматинской области ,2026-04-25,10,0,"г. Каскелен, Верхняя Каскеленская трасса 29/1"
1351827,Juegos Deportivos Escolares de la Educacion Basica  Nivel Primaria ciclo escolar 2025-2026 Sector 30 Varonil,2026-12-02,15,0,
1351833,"Kärntner Landesmeisterschaft 2026  – Allgemeine Klasse, Frauen & Senioren",2026-02-22,40,30,Vereinstreff St. Veit/Glan
1351822,Šahovski turnir povodom 26.februara Dana Grada  i 766.godišnjice Grada Bihaća,2026-02-28,8,4,"Bihać, Hotel ""Paviljon"""
1351835,Juegos Deportivos Escolares de la Educacion Basica  Nivel Primaria ciclo escolar 2025-2026 Sector 30 Femenil,2026-12-02,15,0,
1351825,Juegos Deportivos Escolares Sector Secundaria   2025 - 2026  Mixto ,2026-02-12,10,5,
1351826,Juegos Deportivos Escolares Sector Secundaria   2025 - 2026  Femenil ,2026-02-12,10,5,
1351828,Championship Ukraine of Girls - 14 - 2026 (Blitz) ,2026-03-07,3,0,"Khmelnytskyi, Shevchenko st., 14"
1351829,Областной турнир пенсионеров по шахматам ,2026-02-10,60,30,Тула
466472,Sri Lanka National Major Division Chess Championships 2026 Women's  - North Central Province,2026-02-14,90,0,
476824,Offene Österreichische Senioren- und Nestorenmeisterschaft 2026  – S50 & S65,2026-05-11,40,30,"Kunsthotel Fuchspalast, 9300 St. Veit"
1351834,Championship UKR Boys-14 (classic) 2026 ,2026-03-09,90,0,"Khmelnytskyi, Shevchenka, 14"
1351836,TORNEIO TRÊS MARIAS STD ,2026-01-30,90,0,SINJOR - Sindicato dos Jornalistas de Rondônia
1351838,45. Internationales St. Veit Open  – 27. Raiffeisen Jugendopen,2026-07-11,40,30,"Blumenhalle St. Veit/Glan, Villacher Str. 15, 9300 St. Veit an der Glan"
1351839,Juegos Deportivos Escolares Sector Secundaria   2025 - 2026  Varonil ,2026-02-12,10,5,
1351841,Türkiye Kadınlar Satranç Şampiyonası Ankara İl Birinciliği ,2026-02-14,45,30,TSF Ulus Binası
1351842,XXI. Kerületi Diákolimpia I. Korcsoport Lány ,2025-02-12,15,0,
1351845,XXI. Kerületi Diákolimpia III. Korcsoport Fiú ,2025-02-12,15,0,
1351848,Torneo Fresador Blitz Social Thader Chess ,2026-02-12,3,2,Centro Comercial Myrtea
1351849,XXI. Kerületi Diákolimpia IV. Korcsoport Fiú ,2025-02-12,15,0,
1351851,XXI. Kerületi Diákolimpia V. Korcsoport Fiú ,2025-02-12,15,0,
1351852,XXI. Kerületi Diákolimpia V. Korcsoport Lány ,2025-02-12,15,0,
1351854,Torneo Fresador Rápidas Thader Chess ,2026-02-12,10,2,
1351857,Alborz Rapid Cup 24Bahman 1404 ,2026-02-13,10,0,Karaj
1351858,HOME TURNAMENT SD NU NAWA KARTIKA KE 2  KELAS 4-6 ,2026-02-13,8,3,SD NAWA KARTIKA
1351859,HOME TURNAMENT SD NU NAWA KARTIKA KE 2  KELAS 1-3 ,2026-02-13,8,3,SD NAWA KARTIKA
1351860,Torneo de Ajedrez Chess Time Freak Con Libre ,2026-02-15,10,5,"Laguna de Nogales, Veracruz, México. "
1351861,XIX. klupski turnir ŠŠK Koprivnice - 14.02.2026 ,2026-02-14,7,3,"Koprivnica, A. Starčevića 15"
1351862,Torneo de Ajedrez Chess Time Freak Con U15 ,2026-02-15,10,5,"Laguna de Nogales, Veracruz, México. "
1351863,Torneo de Ajedrez Chess Time Freak Con U10 ,2026-02-15,10,5,"Laguna de Nogales, Veracruz, México. "
1351864,Турнир по шахматам среди учеников ОАНО «Сколка»  Категория А: 0-1100 рейтинг ФШР,2026-02-14,8,3,"Сколково, Большой бульвар, 37."
466948,Nepal Eco Panel Chess for All FIDE Rapid Rating Below 1700 Chess Tournament ,2026-02-18,10,10,"Thapathali Park Chess Club, https://share.google/VeKuIP5hagGaHu4ip"
1351867,OAZA AKROP OPEN 2026 - 2. turnaj ,2026-03-01,20,2,"Jeremenkova 1835/106, Praha 4 - Krč"
1351868,Турнир по шахматам среди учеников ОАНО «Сколка»  Категория В: 1100-2000 рейтинг ФШР,2026-02-14,8,3,"Сколково, Большой бульвар, 37."
1351869,"Улусный чемпионат ""Кубок Чурапчинского улуса"" 2 группа ",2026-02-13,10,5,Хадар
1351870,"LŠM žaibo šachmatų turnyras ""SUMANUS"" vasaris 2026 ",2026-02-19,5,3,Kėdainiai
1351871,"Улусный чемпионат ""Кубок Чурапчинского улуса"" 1 группа ",2026-02-13,10,5,Хадар
1351872,"Rēzeknes novada atklātais Ātra turnīrs šahā “Malta-2026”, 14.02.2026. ",2026-02-14,12,3,"Sporta ielā 5, Malta, Rēzeknes novads, Latvija"
1351875,"""Твой ход"" ",2026-02-19,3,2,"г. Новосибирск, ул. Связистов, 139/1"
466669,"RAPID в ШК ""Табия"" ",2026-02-14,10,5,Санкт-Петербург
1351878,"LŠM žaibo šachmatų turnyras ""SMALSUS"" Vilniuje 2026 vasaris ",2026-02-21,5,3,"Viešbutis “Panorama”, Seinu g. 4, Vilnius"
466670,"BLITZ в ШК ""Табия"" ",2026-02-15,3,2,Санкт-Петербург
1351879,Чемпіонат України з класичних шахів середюнаків до 14 років ,2026-03-09,90,30,"Хмельницький, вул. Т. Шевченка, 14"
1351880,Torneo Regional Zacapoaxtla Federal Secundaria Individual Varonil ,2026-02-13,40,0,"Esc. Sec. 5 de mayo de 1862 Zacapoaxtla, Pue."
1351881,"LŠM žaibo šachmatų turnyras ""GUDRUS"" Vilniuje 2026 vasaris ",2026-02-21,5,3,"Viešbutis “Panorama”, Seinu g. 4, Vilnius"
1351882,"Региональные соревнования ""Мемориал Б.И. Меклера"" - молниеносная игра ",2026-02-15,3,2,г. Новосибирск
1351885,"LŠM žaibo šachmatų turnyras ""SUPER"" Vilniuje 2026 vasaris ",2026-02-21,5,3,"Viešbutis “Panorama”, Seinu g. 4, Vilnius"
1351886,Чемпіонат України з класичних шахів серед дівчат до 14 років ,2026-03-09,90,30,"Хмельницький, вул. Т. Шевченка, 14"
1351887,Пешкобои МГУ 12.02 ,2026-02-12,3,2,"МГУ, Москва"
1351889,"LŠM žaibo šachmatų turnyras ""SMALSUS"" Kaune. 2026 vasaris ",2026-02-28,5,3,"Best Baltic Kaunas Hotel – A. Mickevičiaus g. 28, Kaunas"
1351888,Городские командные соревнования между школами по шашкам. 2012г.р. и старше,2026-02-19,10,5,"г. Новосибирск, СОШ №36"
1351890,Городские командные соревнования между школами по шашкам. 2013г.р. и моложе,2026-02-19,10,5,"г. Новосибирск, СОШ №36"
1351891,Championship Ukraine of Boys-14 - 2026 (Rapid) ,2026-03-08,10,0,"Khmelnytskyi, Shevchenko st./ 14"
1351893,Championship Ukraine of Girls -14 - 2026 (Rapid) ,2026-03-08,10,0,"Khmelnytskyi, Shevchenko st./ 14"
1351892,Турнир 314 школа ,2026-02-14,10,0,Екатеринбург
1351895,"LŠM žaibo šachmatų turnyras ""GUDRUS"" Kaune. 2026 vasaris ",2026-02-28,5,3,"Best Baltic Kaunas Hotel – A. Mickevičiaus g. 28, Kaunas"
1351896,Sri Lanka National Majors Chess Championship 2026 Women - Western Province ,2026-02-14,90,30,"Kandawala Maha Vidyalaya, Rathmalana"
1351897,Championship Ukraine of Boys-14 - 2026 (Blitz) ,2026-03-07,3,0,"Khmelnytskyi, Shevchenko st., 14"
1351898,"LŠM žaibo šachmatų turnyras ""SUPER"" Kaune. 2026 vasaris ",2026-02-28,5,3,"Best Baltic Kaunas Hotel – A. Mickevičiaus g. 28, Kaunas"
1351899,Febrúarmót Hauka 2026  ,2026-02-12,4,3,Hafnarfjordur
446504,Sakarya Teachers' Day Elo Chess Tournament A Categori,2026-02-12,10,5,"Yenikent  sports hall Sakarya, Turkey"
1351901,Sri Lanka National Majors Chess Championship 2026 Open - Western Province ,2026-02-14,90,30,"Kandawala Maha Vidyalaya, Rathmalana"
1351902,SAJCCC ENM PLAYERS FUNDRAISER FEBRUARY - A -Section ,2026-02-14,60,0,"BRYLIN SCHOOL, GQEBERHA"
1351904,Torneo de Ajedrez Refuerza+ 2026 - Primaria ,2026-02-12,10,0,
1351903,SET Freestyle Cup ,2026-03-06,15,10,"Chisinau, sediul Agenției Imobiliare SET, str. Tighina 13"
1351905,Шахматный марафон 2026 клуба Белая ладья по рапиду №2 ,2026-02-12,10,5,Сургут
1351906,"Турнир по быстрым шахматам, среди сотрудников Аэрофлота. ",2026-02-13,83,0,
1351908,Турнир в честь освобождения Ворошиловграда (отбор) ,2026-02-12,5,3,Луганск
1351909,Centenary Intra-Academy Tournament For Centenary & Chess Citadel Students [ Offline & Online Students ],2026-03-01,15,10,Centenary Baina
1351910,Okresní turnaj žáků Opavska ,2026-02-14,12,3,Dolní Benešov
465941,Torrneo Rapido FIDE Sabatino de nau64 21 febrero,2026-02-21,10,5,Bv España 2586 / Montevideo / Uruguay
423333,Sri Lanka National Major Chess Championships 2026 - North Western Province  Open,2026-02-14,90,0,Alakoladeniya Buddisht School - Kurunegala
423334,Sri Lanka National Women's Major Chess Championships 2026  North Western Province ,2026-02-14,90,0,Alakoladeniya Buddisht School - Kurunegala
1351914,✍ СЕМИНАР ЗА ШАХОВСКЕ СУДИЈЕ ШСБ (23 - 27. фебруар) ,2026-02-23,,0,"Београд, Нушићева 25/2"
1351915,Brzopotezni turnir ŠK Rijeka - 06/12 jesen- 2026  ,2026-02-12,3,2,"Rijeka, Šahovski dom, Blaža Polića 2/2"
1351916,11. BaWue Senioreneinzelmeisterschaft ,2026-06-26,,0,Bad HerrenAlb
1351919,"Молодёжная шахматная лига Василеостровского района ,февраль 2026 ",2026-02-05,60,10,Санкт-Петербург
1351920,بطولة الهرم سيجما للشطرنج الخاطف 365 ,2026-02-12,5,3,
1351921,"✅⚽BB Mala rokada-Mirijevo 2026  SUBOTA 21.-29.03. u 17:00 sati AMATERSKI TURNIR Beograd, Petrarkina 12, Mirijevo (prostorije ŠK Mala rokada) REJTINGOVANI TURNIR",2026-03-21,90,0,"Beograd, Petrarkina 12 Mirijevo"
1351923,KäpSK:n helmikuun pikapelit 2026 ,2026-02-12,3,2,"00600, HKI"
1351924,Лично-командный турнир города Ржева  ,2026-04-11,10,5,Ржев
1351925,بطولة نادى 6 اكتوبر الودية للشطرنج ,2026-02-14,10,5,
1351926,Torneo Nuevo Centro 25-26 Sub 14 J9 ,2026-02-12,,0,Centro Comercial Nuevo Centro
1351927,Torneo Nuevo Centro 25-26 Sub 10 J9 ,2026-02-12,,0,Centro Comercial Nuevo Centro
1351929,JK UT Open Chess Championship - 2026 ,2026-02-13,60,15,Srinagar
464922,☑️5. Sretenjski šahovski turnir ♟️VRBAŠKA 2026♟️ nagradni fond 1.800KM  (22.02.2026.),2026-02-22,10,5,Dom kulture Vrbaška 
1351932,Открытое первенство города Иваново по блицу 2026 год ,2026-02-14,3,2,Иваново
1351934,Torneo de Ajedrez Secundaria Varonil,2026-02-12,25,0,"Fortin, Ver."
1351933,IIIT Hyderabad Open Rapid Chess Tournament - 13th February 2026 ,2026-02-13,10,5,"IIIT, Gachibowli, Hyderabad, Telangana."
1351935,Torneo de Ajedrez Secundaria EQUIPO MIXTO,2026-02-12,25,0,"Fortin, Ver."
1351936,Torneo de Ajedrez Secundaria Femenil,2026-02-12,25,0,"Fortin, Ver."
1351937,U12B - SJKT SIMPANG LIMA- KEJOHANAN CATUR PERINGKAT SEKOLAH 2026 ,2026-02-14,7,3,SJKT SImpang Lima
1351938,sahand chess club cc 11-23 ,2026-02-12,,0,
1352066,Blitz de l'Echiquier Dracénois ,2026-02-14,5,0,Draguignan
1351939,U12G - SJKT SIMPANG LIMA- KEJOHANAN CATUR PERINGKAT SEKOLAH 2026 ,2026-02-14,7,3,SJKT SImpang Lima
1351941,Özel Söke Okulları Sevgiyle Düşün Hamleni Yap Satranç Turnuvası 8 Yaş ve Altı Kategorisi (2018-2019 Doğumlu Sporcular),2026-02-14,35,30,"Aydın,Söke, Özel Söke Okulları Salonu"
1351942,Al-Bahriya Coffee 41 In Port Said ,2026-02-26,5,5,
1351945,Özel Söke Okulları Sevgiyle Düşün Hamleni Yap Satranç Turnuvası 14 Yaş ve Altı Kategorisi (2012-2019 Yılları ve Arasında Doğan Sporcular),2026-02-14,35,30,"Aydın,Söke, Özel Söke Okulları Salonu"
1351944,Özel Söke Okulları Sevgiyle Düşün Hamleni Yap Satranç Turnuvası 10 Yaş ve Altı Kategorisi (2016-2019 Yılları ve Arasında Doğan Sporcular),2026-02-14,35,30,"Aydın,Söke, Özel Söke Okulları Salonu"
1351946,Maseno  Open Annual event (2026) Open Section,2026-02-28,30,0,
1351948,1. Schulschachmeisterschaft der NMS Loosdorf ,2026-02-13,10,0,"Loosdorf, Nachhaltige Mittelschule"
1351947,III Torneo de Ajedrez Rapido Anahuac 2026 ,2026-02-11,10,0,Universidad Anahuac
465637,Fars Boy Students 24 Bahman 1404(m2) ,2026-02-10,20,0,Shiraz
1351963,Bubamara cuger ,2026-02-12,5,3,Novi Sad
1351965,Ajedrez San Miguel - Torneo Blitz 5+3 - Se juega todos los martes y jueves 20:00 hs.,2026-02-10,5,3,"Sociedad de Fomento SOEVA, Rodríguez Peña 687, esquina Urquiza, San Miguel"
1351966,Κ10-ΑΤΟΜΙΚA ΠΡΩΤΑΘΛΗΜΑΤA ΠΑΙΔΩΝ -ΚΟΡΑΣΙΔΩΝ ΕΣΣΔΕ 2026 ,2026-02-13,90,30,Παμπελοποννησιακό Στάδιο Πατρών ( Αίθουσα Αλέκα Σιούλη )
1351964,Κ16-ΑΤΟΜΙΚA ΠΡΩΤΑΘΛΗΜΑΤA ΠΑΙΔΩΝ -ΚΟΡΑΣΙΔΩΝ ΕΣΣΔΕ 2026 ,2026-02-13,90,30,Παμπελοποννησιακό Στάδιο Πατρών ( Αίθουσα Αλέκα Σιούλη )
466233,Kangan Rapid Cup 24 Bahman 1404 ,2026-02-13,15,0,
466667,"X. Pátyi Pincenapok Sakk Kupa U2400, 2026.06.12-14. ",2026-06-12,70,0,"Páty, Művelődési Ház"
1351970,Sahand Chess Club Rapid Weekly Rated 12-07 SCC ,2025-11-28,10,5,Maragha
466668,"X. Pátyi Pincenapok Sakk Kupa U1800, 2026.06.12-14. ",2026-06-12,70,0,"Páty, Művelődési Ház"
1351975,Sheffield 1st FIDE blitz ,2026-02-12,3,0,Sheffield
1351976,28ème Open International des Vins du Médoc ,2026-06-27,,0,Hourtin
1351977,TR Blitz 2026 Feburary #2 ,2026-02-12,3,2,
1351978,Дебют ,2026-02-13,20,10,
1351980,CT Metro North Schools Chess Individual Trials 2026 - Under 15 Boys ,2026-02-14,55,5,"DF Akademie (Frans Conradie Dr, Bellville, Cape Town, 7530)"
1351981,Чемпіонат Житомирської області з шахів серед юнаків та дівчат до 14 років ,2026-02-14,35,30,
1351982,Pest Vármegyei diákolimpia 2025-2026 csapat 1-2. korcsoport lány ,2026-03-07,2,0,Szigetszentmiklósi József Attila Általános Iskola 
1351984,Pest Vármegyei diákolimpia 2025-2026 csapat 3-4. korcsoport lány ,2026-03-07,2,0,Szigetszentmiklósi József Attila Általános Iskola 
1351985,KISCC- Western Regional Qualifiers (Kakamega) U13 Girls ,2026-07-11,25,0,Mukumu Girls National School
1351986,CT Metro North Schools Chess Individual Trials 2026 - Under 15 Girls ,2026-02-14,55,5,"DF Akademie (Frans Conradie Dr, Bellville, Cape Town, 7530)"
1351988,Chaharmahal va Bakhtiari Province High School Boys Chess Championship 1404 ,2026-02-13,15,0,Shahrekord
1351987,TORNEO 1°D FEBRERO 2026 ,2026-02-12,10,3,"VILLANUEVA, ZAC."
1351990,2026 ANAMUR-BOZYAZI-AYDINCIK GENÇLİK VE SPOR İLÇE MÜD. OKULLARARASI SATRANÇ TURN MİNİKLER (B) GENEL (2019-2018),2026-02-14,45,30,ANAMUR BELEDİYESİ KÜLTÜR MERKEZİ /MERSİN
1351991,2026 ANAMUR-BOZYAZI-AYDINCIK GENÇLİK VE SPOR İLÇE MÜD. OKULLARARASI SATRANÇ TURN MİNİKLER (A) GENEL (2017-01.01.2015),2026-02-14,45,30,ANAMUR BELEDİYESİ KÜLTÜR MERKEZİ /MERSİN
1351992,2026 ANAMUR-BOZYAZI-AYDINCIK GENÇLİK VE SPOR İLÇE MÜD. OKULLARARASI SATRANÇ TURN KÜÇÜKLER GENEL (2015-2014),2026-02-14,45,30,ANAMUR BELEDİYESİ KÜLTÜR MERKEZİ /MERSİN
1351993,2026 ANAMUR-BOZYAZI-AYDINCIK GENÇLİK VE SPOR İLÇE MÜD. OKULLARARASI SATRANÇ TURN YILDIZLAR GENEL (2013-01.01.2011),2026-02-14,45,30,ANAMUR BELEDİYESİ KÜLTÜR MERKEZİ /MERSİN
1351994,CT Metro North Schools Chess Individual Trials 2026 - Under 17 Boys ,2026-02-14,55,5,"DF Akademie (Frans Conradie Dr, Bellville, Cape Town, 7530)"
1351995,2026 ANAMUR-BOZYAZI-AYDINCIK GENÇLİK VE SPOR İLÇE MÜD. OKULLARARASI SATRANÇ TURN GENÇLER GENEL (2011-01.01.2007),2026-02-14,45,30,ANAMUR BELEDİYESİ KÜLTÜR MERKEZİ /MERSİN
1351996,Četrtkov cug v Domnu - 06 ,2026-02-12,5,0,Lucija
1351997,TopRank Maringá - Torneios Amistosos - Amigos do Tênis Lista de rating TopRank Tennis CX Maringá,2026-02-14,3,0,Maringá
1351998,CT Metro North Schools Chess Individual Trials 2026 - Under 17 Girls ,2026-02-14,55,5,"DF Akademie (Frans Conradie Dr, Bellville, Cape Town, 7530)"
1351999,10 Város a Magyar Sakkozásért - IV. Farsang Kupa A-B csoport ,2026-02-14,15,3,
1352000,10 Város a Magyar Sakkozásért - IV. Farsang Kupa C csoport ,2026-02-14,15,3,
1352001,CT Metro North Schools Chess Individual Trials 2026 - Under 19 Boys ,2026-02-14,55,5,"DF Akademie (Frans Conradie Dr, Bellville, Cape Town, 7530)"
1352002,10 Város a Magyar Sakkozásért - IV. Farsang Kupa D csoport ,2026-02-14,15,3,
1352003,10 Város a Magyar Sakkozásért - IV. Farsang Kupa Ovi csoport ,2026-02-14,15,3,
1352004,"Турнир посвящённый Дню Всех Влюблённых А ""Пешечный бой"" ",2026-02-15,10,5,"г. Оренбург, Нежинское ш., 2а (ТРЦ Армада 2)"
1352005,koniková bitva - PED Stodůlky ,2026-02-13,,0,
1352007,Prvenstvo SK Spansko 2026 ,2026-02-25,60,30,"Zagreb, SK Spansko"
1352006,2026 TÜRKİYE OKULLAR ARASI SATRANÇ ŞAMPİYONASI DÜZCE İL BİRİNCİLİĞİ GENÇLER AÇIK,2025-02-13,45,30,DÜZCE BELEDİYESİ KÜLTÜR MERKEZİ SALONU
1352008,2026 TÜRKİYE OKULLAR ARASI SATRANÇ ŞAMPİYONASI DÜZCE İL BİRİNCİLİĞİ GENÇLER KIZ,2025-02-13,45,30,DÜZCE BELEDİYESİ KÜLTÜR MERKEZİ SALONU
1352009,2026 TÜRKİYE OKULLAR ARASI SATRANÇ ŞAMPİYONASI DÜZCE İL BİRİNCİLİĞİ YILDIZLAR AÇIK,2025-02-13,45,30,DÜZCE BELEDİYESİ KÜLTÜR MERKEZİ SALONU
1352010,2026 TÜRKİYE OKULLAR ARASI SATRANÇ ŞAMPİYONASI DÜZCE İL BİRİNCİLİĞİ KÜÇÜKLER AÇIK,2025-02-13,45,30,DÜZCE BELEDİYESİ KÜLTÜR MERKEZİ SALONU
1352011,2026 TÜRKİYE OKULLAR ARASI SATRANÇ ŞAMPİYONASI DÜZCE İL BİRİNCİLİĞİ KÜÇÜKLER KIZ,2025-02-13,45,30,DÜZCE BELEDİYESİ KÜLTÜR MERKEZİ SALONU
1352012,"JESENICE, pospešeni 15min - FEBRUAR26 ",2026-02-12,15,0,JESENICE
1352014,2nd ADCA-Reem Mall Blitz Chess Tournament 2026 ,2026-02-15,3,2,"Reem Mall,Level 2"
1352013,CT Metro North Schools Chess Individual Trials 2026 - Under 19 Girls ,2026-02-14,55,5,"DF Akademie (Frans Conradie Dr, Bellville, Cape Town, 7530)"
1352015,Sub 12 Femenil (2014 y men)  DurangoON | Estatal 2026,2026-02-13,90,30,
1352016,Embakasi Cluster Chess Championship 4th Edition Under 8 Open ,2026-02-14,,0,De Paul Catholic School
1352017,Embakasi Cluster Chess Championship 4th Edition Under 10 Girls ,2026-02-14,,0,De Paul Catholic School
1352018,Embakasi Cluster Chess Championship 4th Edition Under 12 Open ,2026-02-14,,0,De Paul Catholic School
1352019,Embakasi Cluster Chess Championship 4th Edition Under 14 Open ,2026-02-14,,0,De Paul Catholic School
1352020,Embakasi Cluster Chess Championship 4th Edition Under 16 Open ,2026-02-14,,0,De Paul Catholic School
1352021,13-16 años Femenil DurangoON | Estatal 2026,2026-02-13,90,30,
1352022,Budapest I kerületi Diákolimpia Alsós Fiú Csapat I-II. kcs.,2026-02-12,10,0,Budapesti Egyetemi Katolikus Gimnázium (I. Szabó Ilonka u. 2.)
1352024,Budapest I kerületi Diákolimpia Felsős Fiú Csapat III-IV. kcs.,2026-02-12,10,0,Budapesti Egyetemi Katolikus Gimnázium (I. Szabó Ilonka u. 2.)
1352025,Budapest I kerületi Diákolimpia Felsős Lány Csapat III-IV. kcs.,2026-02-12,10,0,Budapesti Egyetemi Katolikus Gimnázium (I. Szabó Ilonka u. 2.)
1352026,Budapest I kerületi Diákolimpia Középiskolás Fiú Csapat V-VI. kcs.,2026-02-12,10,0,Budapesti Egyetemi Katolikus Gimnázium (I. Szabó Ilonka u. 2.)
1352023,Budapest I kerületi Diákolimpia Alsós Lány Csapat I-II. kcs.,2026-02-12,10,0,Budapesti Egyetemi Katolikus Gimnázium (I. Szabó Ilonka u. 2.)
1352027,Budapest I kerületi Diákolimpia Középiskolás Lány Csapat V-VI. kcs.,2026-02-12,10,0,Budapesti Egyetemi Katolikus Gimnázium (I. Szabó Ilonka u. 2.)
1352028,Torneo de Afilición Chess Maniacs Tecámac Reinas y Reyes del Tablero y Aprendices del Tablero ,2026-02-21,10,5,Universidad Privada del Estado de México Campus Tecámac
1352029,Blitz turnir SK Spansko 02/2026 ,2026-02-20,5,3,"SK Spansko, Trg Ivana Kukuljevica 9"
1352031,Rodjendanski blic turnir ,2026-02-12,3,2,Novi sad
1352030,"Stredná odborná škola technická - Műszaki Szakközépiskola, Bratislavská cesta 10 Stredná odborná škola technická - Műszaki Szakközépiskola, Komárno",2026-02-13,,0,"Bratislavská cesta 10, Komárno 94501"
1352032,17-20 años Femenil DurangoON | Estatal 2026,2026-02-13,90,30,
1352033,Schulschachtag im Mostviertel 2026 - Unterstufe ,2026-03-11,10,0,Loosdorf
1352035,Schulschachtag im Mostviertel 2026 - Oberstufe ,2026-03-11,10,0,Loosdorf
1352034,Spēlē dāmas A-turnīrs  Olainē 08.03.2026.,2026-03-08,10,5,"33a Zemgales street, Olaine, Latvia"
1352036,Schulschachtag im Mostviertel 2026 - Volksschulen ,2026-03-12,10,0,Pöchlarn
1352037,Sub 12 Varonil (2014 y men)  DurangoON | Estatal 2026,2026-02-13,90,30,
1352038,Spēlē dāmas B-turnīrs  Olainē 08.03.2026.,2026-03-08,10,5,"33a Zemgales street, Olaine, Latvia"
1352039,Турнир посвящённый Дню Всех Влюблённых  Турнир В (Дети 2019 г.р. и моложе рейтинг 1000-1050 или без рейтинга),2026-02-15,10,5,"г. Оренбург, Нежинское ш., 2а(ТРЦ Армада 2)"
1352040,♞ 4ο Ατομικό Μαθητικό Πρωτάθλημα | Κυριακή 8/3/2026 | Σ.Ο. Πολίχνης ,2026-03-08,10,5,2o Γυμνάσιο Πολίχνης
1352042,13-16 años Varonil  DurangoON | Estatal 2026,2026-02-13,90,30,
1352043,OTVORENO JUNIORSKO PRVENSTVO SMŽ 2026 ,2026-02-14,60,30,SISAK
464840,TNS Beaconhouse DHA Lahore Checkmate Inter School Chess Championship U 8 ,2026-02-14,15,0,Lahore
1352045,Zimní série bleskových miniturnajů při trénincích SK OAZA Praha - 2. turnaj ,2026-02-13,3,2,
1352044,II Torneo Amistades Ajedrecisticas. LIBRE Nayarit ,2026-02-15,20,0,Tepic
1352046,Nacionalno prvenstvo gluvih u šahu - pojedinačno / Beograd 15.02.2026. ,2026-02-15,,0,Beograd
467023,TNS Beaconhouse DHA Lahore Checkmate Inter School Chess Championship U 10 ,2026-02-14,15,0,Lahore
1352048,II Torneo Amistades Ajedrecisticas 17 y Menores Nayarit ,2026-02-15,20,0,Tepic
1352049,Školní kolo 6.ZŠ Cheb 1.-5.třída  přebor škol KV kraje 2026,2026-02-12,10,5,Cheb
1352050,Školní kolo 6.ZŠ Cheb 6.-9.třída  přebor škol KV kraje 2026,2026-02-12,10,5,Cheb
1352052,17-20 años Varonil  DurangoON | Estatal 2026,2026-02-13,90,30,
1352053,Чемпіонат Тернопільської області з шахів серед юнаків та дівчат до 14 років,2016-02-27,35,30,"м.Тернопіль, вул.І.Франка, 16"
467024,TNS Beaconhouse DHA Lahore Checkmate Inter School Chess Championship U 12 ,2026-02-14,15,0,Lahore
467025,TNS Beaconhouse DHA Lahore Checkmate Inter School Chess Championship U 14 ,2026-02-14,15,0,Lahore
467026,TNS Beaconhouse DHA Lahore Checkmate Inter School Chess Championship U 16 ,2026-02-14,15,0,Lahore
467027,TNS Beaconhouse DHA Lahore Checkmate Inter School Chess Championship U 18 ,2026-02-14,15,0,Lahore
1352058,Турнир посвящённый Дню Всех Влюблённых Турнир С(Дети 2017 г.р. и моложе рейтинг 1000-1050 или без рейтинга),2026-02-15,10,5,"г. Оренбург, Нежинское ш., 2а(ТРЦ Армада 2)"
1352059,The last Sunday of chess in Ternopil S01E06 ,2026-02-21,10,0,"Ternopil, Zluky Avenue, 41 Fiesta"
1352060,ШАХОВА СІМ`Я  м.Миколаїв ,2026-02-14,10,5,м.Миколаїв
1352062,PRÓ XADREZ | Clube de Xadrez da Grande Florianópolis Blitz 3+2 12/02/2026,2026-02-12,3,2,Clube Atlético 6 de Janeiro
1352064,2ème Blitz des 400 Coups ,2026-07-12,,0,Montauban
1352067,II Torneo Amistades Ajedrecisticas 13 y Menores Nayarit ,2026-02-15,20,0,Tepic
1352068,SCC Winter Swiss 2026 O1600 ,2026-02-12,60,30,Birkdale Community Centre 1299 Ellesmere Road
1352069,SCC Winter Swiss 2026 U1600 ,2026-02-12,60,30,Birkdale Community Centre 1299 Ellesmere Road
1352070,SCC Winter Swiss 2026 U1400 ,2026-02-12,60,30,Birkdale Community Centre 1299 Ellesmere Road
1352071,Olimpiada Nacional CONADE Chihuahua 2026  12 y menores Femenil,2026-02-13,90,30,
1352072,Olimpiada Nacional CONADE Chihuahua 2026  12 y menores Varonil,2026-02-13,90,30,Universidad Regional del Norte
1352073,Olimpiada Nacional CONADE Chihuahua 2026  13 – 16 años  (2013 – 2010) Femenil,2026-02-13,90,30,Universidad Regional del Norte
1352074,Olimpiada Nacional CONADE Chihuahua 2026  13 – 16 años  (2013 – 2010) Varonil,2026-02-13,90,30,Universidad Regional del Norte
1352075,Olimpiada Nacional CONADE Chihuahua 2026  17 – 20 años   (2009 – 2006) Femenil,2026-02-13,90,30,Universidad Regional del Norte
1352076,Olimpiada Nacional CONADE Chihuahua 2026  17 – 20 años   (2009 – 2006) Varonil,2026-02-13,90,30,Universidad Regional del Norte
1352078,Турнир посвящённый Дню Всех Влюблённых Турнир D (Дети рейтинг 1000-1250) и Турнир Е (Рейтинг 1250 и выше),2026-02-15,10,5,"г. Оренбург, Нежинское ш., 2а (ТРЦ Армада 2)"
1352077,Stäfa Rapidturnier 2 - Saison 2025-2026 ,2026-02-12,10,0,
1352080,JUEVES CHESS 12 DE FEBRERO ANBA CBBA  ,2026-02-12,3,2,Av. Oquendo Nº551 entre Calama y Ladislao Cabrera
1352082,Mladinsko državno prvenstvo v pospešenem šahu - Odprto do 18 let ,2026-02-21,10,5,Ljubljana
1352083,Hajdú-Bihar vármegyei egyéni diákolimpia 6. korcsoport fiú (2006-208) - versenyző,2026-02-14,12,3,"DSZC Brassai Sámuel Műszaki Technikum, Debrecen, Víztorony utca 3"
1352085,Hajdú-Bihar vármegyei egyéni diákolimpia 3. korcsoport fiú (2013-2014) - amatőr,2026-02-14,12,3,"DSZC Brassai Sámuel Műszaki Technikum, Debrecen, Víztorony utca 3"
1352084,Hajdú-Bihar vármegyei egyéni diákolimpia 2. korcsoport fiú (2015-2016),2026-02-14,12,3,"DSZC Brassai Sámuel Műszaki Technikum, Debrecen, Víztorony utca 3"
1352087,Hajdú-Bihar vármegyei egyéni diákolimpia 1. korcsoport fiú (2017- ),2026-02-14,12,3,"DSZC Brassai Sámuel Műszaki Technikum, Debrecen, Víztorony utca 3"
1352088,Hajdú-Bihar vármegyei egyéni diákolimpia 3. korcsoport fiú (2013-2014) - versenyző,2026-02-14,12,3,"DSZC Brassai Sámuel Műszaki Technikum, Debrecen, Víztorony utca 3"
1352089,Hajdú-Bihar vármegyei egyéni diákolimpia 4. korcsoport fiú (2011-2012) - amatőr,2026-02-14,12,3,"DSZC Brassai Sámuel Műszaki Technikum, Debrecen, Víztorony utca 3"
1352090,Hajdú-Bihar vármegyei egyéni diákolimpia 4. korcsoport fiú (2011-2012) - versenyző,2026-02-14,12,3,"DSZC Brassai Sámuel Műszaki Technikum, Debrecen, Víztorony utca 3"
1352091,Hajdú-Bihar vármegyei egyéni diákolimpia 5. korcsoport fiú (2009-2010) amatőr,2026-02-14,12,3,"DSZC Brassai Sámuel Műszaki Technikum, Debrecen, Víztorony utca 3"
1352092,Hajdú-Bihar vármegyei egyéni diákolimpia 5. korcsoport fiú (2009-2010) - versenyző,2026-02-14,12,3,"DSZC Brassai Sámuel Műszaki Technikum, Debrecen, Víztorony utca 3"
1352093,Hajdú-Bihar vármegyei egyéni diákolimpia 6. korcsoport fiú (2006-2008) - amatőr,2026-02-14,12,3,"DSZC Brassai Sámuel Műszaki Technikum, Debrecen, Víztorony utca 3"
1352094,Championnat National Individuel Jeunes et Vétérans 2026 - U08 ,2026-02-14,90,30,"Differdange International School (EIDE) / Rue John Dolibois, Differdange"
1352095,Championnat National Individuel Jeunes et Vétérans 2026 - U10 ,2026-02-14,90,30,"Differdange International School (EIDE) / Rue John Dolibois, Differdange"
460003,Championnat National Individuel Jeunes et Vétérans 2026 - U12 ,2026-02-14,90,30,"Differdange International School (EIDE) / Rue John Dolibois, Differdange"
460001,Championnat National Individuel Jeunes et Vétérans 2026 - U16 ,2026-02-14,90,30,"Differdange International School (EIDE) / Rue John Dolibois, Differdange"
460002,Championnat National Individuel Jeunes et Vétérans 2026 - U14 ,2026-02-14,90,30,"Differdange International School (EIDE) / Rue John Dolibois, Differdange"
459999,Championnat National Individuel Jeunes et Vétérans 2026 - U18 & U20 ,2026-02-14,90,30,"Differdange International School (EIDE) / Rue John Dolibois, Differdange"
1352100,UŞAK 2025-2026 OKULSPORLARI KÜÇÜKLER GENEL KATEGORİSİ SATRANÇ TURNUVASI KÜÇÜKLER GENEL,2026-02-14,45,30,MEHMET EMİN HOŞGÖR ORTAOKULU
1352102,Hajdú-Bihar vármegyei egyéni diákolimpia 1. korcsoport lány (2017- ),2026-02-14,12,3,"DSZC Brassai Sámuel Műszaki Technikum, Debrecen, Víztorony utca 3"
460004,Championnat National Individuel Jeunes et Vétérans 2026 - Vet ,2026-02-14,90,30,"Differdange International School (EIDE) / Rue John Dolibois, Differdange"
1352103,Турнир юных мастеров (с рейтингом ФШР 1200 и выше),2026-02-15,8,3,Чебоксары
1352105,UŞAK 2025-2026 OKULSPORLARI KÜÇÜKLER KIZLAR KATEGORİSİ SATRANÇ TURNUVASI KÜÇÜKLER KIZLAR,2026-02-14,45,30,MEHMET EMİN HOŞGÖR ORTAOKULU
1352104,Hajdú-Bihar vármegyei egyéni diákolimpia 2. korcsoport lány (2015-2016),2026-02-14,12,3,"DSZC Brassai Sámuel Műszaki Technikum, Debrecen, Víztorony utca 3"
1352106,Hajdú-Bihar vármegyei egyéni diákolimpia 3. korcsoport lány (2013-2014) - amatőr,2026-02-14,12,3,"DSZC Brassai Sámuel Műszaki Technikum, Debrecen, Víztorony utca 3"
1352107,Hajdú-Bihar vármegyei egyéni diákolimpia 4. korcsoport lány (2011-2012) amatőr,2026-02-14,12,3,"DSZC Brassai Sámuel Műszaki Technikum, Debrecen, Víztorony utca 3"
1352109,Hajdú-Bihar vármegyei egyéni diákolimpia 5. korcsoport lány (2009-2010) - amatőr,2026-02-14,12,3,"DSZC Brassai Sámuel Műszaki Technikum, Debrecen, Víztorony utca 3"
1352112,AJEDREZ MARTELLI Blitz jueves ,2026-02-12,3,0,
1352115,ELITE CHESS CUP 3 ,2026-02-13,10,5,ELITE CLUB
1352113,Hajdú-Bihar vármegyei egyéni diákolimpia 6. korcsoport lány (2006-2008) - versenyzői,2026-02-14,12,3,"DSZC Brassai Sámuel Műszaki Technikum, Debrecen, Víztorony utca 3"
1352116,Torneio SUCAÇAÍ 12fev2026 SEGUNDO ,2026-02-12,3,2,
1352117,3e NJSK Kwalificatietoernooi Best 2026 A Jeugd ,2026-02-14,55,10,Heerbeeck College Best
1352118,National School Championships 2026 - High School Section,2026-03-08,10,0,"Gros Islet Resource Center, Gros Islet, St. Lucia"
1352119,National School Championships 2026 - Primary School Section,2026-03-08,10,0,"Gros Islet Resource Center, Gros Islet, St. Lucia"
1352120,National School Championships 2026 - College Section,2026-03-08,10,0,"Gros Islet Resource Center, Gros Islet, St. Lucia"
1352122,3e NJSK Kwalificatietoernooi Best 2026 C Jeugd ,2026-02-14,55,10,Best
1352123,✨✨ 28. Festival mladih ŠSCS 2026 – Dečaci do 8 ,2026-02-14,45,10,"Hotel Ravni gaj, Ravni Gaj"
1352124,✨✨ 28. Festival mladih ŠSCS 2026 – Dečaci do 10 ,2026-02-14,45,10,"Hotel Ravni gaj, Ravni Gaj"
1352126,✨✨ 28. Festival mladih ŠSCS 2026 – Dečaci do 14 ,2026-02-14,45,10,"Hotel Ravni gaj, Ravni Gaj"
1352127,✨✨ 28. Festival mladih ŠSCS 2026 – Devojčice do 8 i do 10 ,2026-02-14,45,10,"Hotel Ravni gaj, Ravni Gaj"
1352128,✨✨ 28. Festival mladih ŠSCS 2026 – Devojčice do 12 ,2026-02-14,45,10,"Hotel Ravni gaj, Ravni Gaj"
1352129,✨✨ 28. Festival mladih ŠSCS 2026 – Devojčice do 14 ,2026-02-14,45,10,"Hotel Ravni gaj, Ravni Gaj"
1352130,✨✨ 28. Festival mladih ŠSCS 2026 – JUNIORI ,2026-02-14,60,30,"Hotel Ravni gaj, Ravni Gaj"
466141,✨✨ 28. Festival mladih ŠSCS 2026 – JUNIORKE ,2026-02-14,60,30,"Hotel Ravni gaj, Ravni Gaj"
1352132,LazA Fest Chess Tournament 2026 ,2026-02-13,15,3,Lazuardi Atthailah GCS
1352134,8vo TORNEO CHESS TRÉBOL CLUB ,2026-02-15,10,0,"Frente al Parque Angamos, Trébol Azul, SJM - Lima Perú"
1352135,I CAMPEONATO CDP 2026 U10 ABSOLUTO,2026-02-21,30,0,Asociación de Ajedrez de Pichincha
1352136,I CAMPEONATO CDP 2026 U18 ABSOLUTO ,2026-02-21,30,0,Asociaición de Ajedrez de Pichincha
1352137,Mossel Bay Trials 2 2026 u13 girls ,2026-02-14,55,5,Sao Bras
1352139,Circuito Escolar Ajedrez Integral Educativo 2026  Primaria Baja,2026-02-27,10,5,"Pachuca de Soto, Hidalgo"
1352140,Circuito Escolar Ajedrez Integral Educativo 2026  Primaria Alta,2026-02-27,10,5,"Pachuca de Soto, Hidalgo"
1352144,Circuito Escolar Ajedrez Integral Educativo 2026  Superior,2026-02-27,10,5,"Pachuca de Soto, Hidalgo"
1352145,Mossel Bay Trials 2 2026 u13 boys ,2026-02-14,55,5,Sao Bras
1352146," TORNEO INTERNO ""CUENCA CLUB DE AJEDREZ CAFE AUSTRIA"" ",2026-02-10,10,0,"Hermano Miguel y Simon Bolivar (Cafe Austria) Cuenca, Ecuador"
1352147,"Шахматный турнир МБУДО ДООФСЦ ""Лидер"" ""Серебряный ферзь-рапид""  Группа В",2026-02-10,7,5,"Новосибирск, ул. Курчатова, 3/4"
1352149,"Шахматный турнир МБУДО ДООФСЦ ""Лидер"" ""Серебряный ферзь-рапид""  Группа А",2026-02-10,7,5,"Новосибирск, ул. Курчатова, 3/4"
1352150,Mossel Bay Trials 2 2026 u11 girls ,2026-02-14,55,5,Sao Bras
1352151,TAGUM CITY DAVRAA QUALIFIERS TOURNAMENT WITH TAGUM CITY BEST FIGHTERS ,2026-02-13,15,30,NCCC MALL TAGUM
467282,"♚♛ IRT RAPID: ""copa Ciudad de Resistencia -CHACO- 148 Aniversario"" ",2026-02-28,10,3,"Av. Marcelo T. de Alvear 96, Resistencia, Chaco (Casa de Las Culturas)"
1352156,Convivencia Deportiva Amistosa de Maestros de Telesecundarias Zona escolar 051 VsZona Escolar071,2026-02-12,25,0,"Escuela Telesecundaria 275 Juan Sabines Gutierrez Estacion, Tuzantan."
1352157,Mossel Bay Trials 2 2026 u11 boys ,2026-02-14,55,5,Sao Bras
1352159,Mossel Bay Trials 2 2026 u9 boys ,2026-02-14,55,5,Sao Bras
1352158,Torneo amistoso HSBC ,2026-02-12,10,2,
1352163,Rapido Capra Absoluto Abierto - Absoluto ,2026-03-07,10,5,"Continuacion 588 esq La Casona, Monteideo"
1352162,Mossel Bay Trials 2 2026 u9 girls ,2026-02-14,55,5,Sao Bras
1352164,Liga femenina sub 16 Las Polgarcitas 2026 ,2026-02-13,20,10,Lichess
1352165,CLASSROOM BASE SCHOOL CHESS TOURNAMENT THE BATTLE OF HEART AND BRAIN (valentines season),2026-02-13,20,0,P-4 CAMP ONE MARAMAG BUKIDNON
1352167,PUTATAN YOUNG LEAGUE B ,2026-02-13,,0,PUTATAN
1352168,PUTATAN JAMALSALIM CHESS LEAGUE ,2026-02-13,25,0,PUTATAN
1352166,2025 – 2026 ÖĞRETİM YILI SULTANBEYLİ GENÇLİK SPOR İLÇE MÜDÜRLÜĞÜ OKULLAR ARASI S MİNİKLER(A) AÇIK,2026-02-13,15,5,SULTANBEYLİ BELEDİYESİ SPOR SALONU
1352169,2025 – 2026 ÖĞRETİM YILI SULTANBEYLİ GENÇLİK SPOR İLÇE MÜDÜRLÜĞÜ OKULLAR ARASI S MİNİKLER(A) KIZLAR,2026-02-13,15,5,SULTANBEYLİ BELEDİYESİ SPOR SALONU
1352170,2025 – 2026 ÖĞRETİM YILI SULTANBEYLİ GENÇLİK SPOR İLÇE MÜDÜRLÜĞÜ OKULLAR ARASI S MİNİKLER(B) AÇIK,2026-02-13,15,5,SULTANBEYLİ BELEDİYESİ SPOR SALONU
1352172,2025 – 2026 ÖĞRETİM YILI SULTANBEYLİ GENÇLİK SPOR İLÇE MÜDÜRLÜĞÜ OKULLAR ARASI S KÜÇÜKLER AÇIK,2026-02-13,15,5,SULTANBEYLİ BELEDİYESİ SPOR SALONU
1352173,2025 – 2026 ÖĞRETİM YILI SULTANBEYLİ GENÇLİK SPOR İLÇE MÜDÜRLÜĞÜ OKULLAR ARASI S KÜÇÜKLER KIZLAR,2026-02-13,15,5,SULTANBEYLİ BELEDİYESİ SPOR SALONU
1352174,2025 – 2026 ÖĞRETİM YILI SULTANBEYLİ GENÇLİK SPOR İLÇE MÜDÜRLÜĞÜ OKULLAR ARASI S YILDIZLAR AÇIK,2026-02-13,15,5,SULTANBEYLİ BELEDİYESİ SPOR SALONU
1352175,2025 – 2026 ÖĞRETİM YILI SULTANBEYLİ GENÇLİK SPOR İLÇE MÜDÜRLÜĞÜ OKULLAR ARASI S YILDIZLAR KIZLAR,2026-02-13,15,5,SULTANBEYLİ BELEDİYESİ SPOR SALONU
1352176,2025 – 2026 ÖĞRETİM YILI SULTANBEYLİ GENÇLİK SPOR İLÇE MÜDÜRLÜĞÜ OKULLAR ARASI S GENÇLER AÇIK,2026-02-13,15,5,SULTANBEYLİ BELEDİYESİ SPOR SALONU
1352177,2025 – 2026 ÖĞRETİM YILI SULTANBEYLİ GENÇLİK SPOR İLÇE MÜDÜRLÜĞÜ OKULLAR ARASI S GENÇLER KIZLAR,2026-02-13,15,5,SULTANBEYLİ BELEDİYESİ SPOR SALONU
1352178,"Torneo de Ajedrez ""Fomentando la Lectura"" - Libre ",2026-03-01,10,5,"Parque Juárez de Tierra Blanca, Ver."
1352179,MSETO CHESS TOURNAMENT ,2026-02-14,25,0,MSB EDUCATIONAL INSTITUTE MOMBASA
1352180,Torneo Intercolegial Escolar HEM 2026 ,2026-02-11,10,0,
1352181,Torneo Intercolegial Juvenil HEM 2026 Juvenil,2026-02-11,10,0,
1352182,2do Torneo De Ajedrez Rapido Por Parejas ,2026-02-14,,0,
470783,1/4 Финала Кубка Сената 2026 Карагандинской области по быстрым шахматам ,2026-04-04,10,0,Karaganda
1352185,IMA SURAT 2026 Open Category ,2026-02-13,25,10,
1352186,Eanna Feb 26 Quad Groups AQ ,2026-02-08,60,30,
1352188,237th BRILLIANT TROPHY JUNIORS CHESS TOURNAMENT ,2026-02-14,30,15,"Brilliant Grammar High School, Dilsukhnagar, Hyderabad"
1352189,237th BRILLIANT TROPHY OPEN CHESS TOURNAMENT ,2026-02-14,30,15,"Brilliant Grammar High School, Dilsukhnaagar, Hyderabad"
1352190,IMA SURAT 2026 UNDER 15 ,2026-02-13,25,0,
1352194,"YCICS Sports Festival 2026 ""Chess Competition"" -""Girls""",2026-02-13,10,5,YC College Satara
1352193,"YCIS Sports Festival 2026 ""Chess Competition"" -""Boys""",2026-02-13,10,5,YCIS College Satara
1352195,John Cox Memorial  Inter School Chess Tournament  - 2026 UNDER -  09,2026-02-15,15,5,"John Cox Memorial CSI Institute of Technology, Trivandrum "
1352196,John Cox Memorial  Inter School Chess Tournament  - 2026 UNDER -  12,2026-02-15,15,5,"John Cox Memorial CSI Institute of Technology, Trivandrum "
1352198,"Муниципальный этап Всероссийских соревнований по шахматам  ""Белая ладья"" Дальнегорского муниципального округа",2026-02-13,45,30,Дальнегорск
1352197,John Cox Memorial  Inter School Chess Tournament  - 2026 UNDER -  18,2026-02-15,15,5,"John Cox Memorial CSI Institute of Technology, Trivandrum "
1352199,2ND MAYOR RSDOKI RAPID CHESS TOURNAMENT Open Category,2026-02-15,15,0,"Childrens Playground,Old Municipal Hall, Claveria,Misamis Oriental"
1352203,Missiya Təhsil Şirkəti(Biləcəri filialı)Şahmat üzrə IV dərəcə turniri. Əlaqə: 077 255 56 94,2026-02-21,,0,Biləcəri qəsəbəsi
1352200,2ND MAYOR RSDOKI RAPID CHESS TOURANMNT Beginners Category,2026-02-15,15,0,"Childrens playground,Old Municipal Hall,Claveria, Misamis Oriental"
1352202,AUCA 130226 rapid ,2026-02-13,7,3,Bishkek
1352204,Missiya Təhsil Şirkəti(Biləcəri filialı)Şahmat üzrə III dərəcə turniri. Əlaqə: 077 255 56 94,2026-02-21,,0,Biləcəri qəsəbəsi
1352206,"საჭადრაკო სკოლა ,,ლაზიერის გამბიტის“ტურნირი ,,გზა გამარჯვებისკენ“  16 წლამდე ჭაბუკთა და გოგონათა შორის",2026-02-13,45,0,ქ.თბილისი
1352205,KKN CATUR CUP SIAGA ,2026-02-13,,0,SD N 1 GEDOMPOL
1352201,CỜ VUA HKT CÁ NHÂN NNÂNG CAO ,2025-12-20,,0,136 HÀ HUY TẬP
1352207,KKN CATUR CUP PENGGALANG ,2026-02-13,,0,
1352208,"Forteca Rapid OPEN do FIDE 6 rund (BAKU) - z możliwością zdobycia kat V,IV,III k ob.",2026-03-22,20,10,Czeladź
1352209,LU Boys Selection Chess Tournament 2026  ,2026-02-13,10,0,
1352210,Montecarlo TORNEO DE CARNAVAL IRT BLITZ ,2026-02-16,5,0,HOSTERIA - MONTECARLO MISIONES
1352211,SJMVS  HUBLI - Akkamahadevi University  Inter-Collegiate TEAM Selection,2026-02-13,25,0,"SJMVS College, JC Nagar, HUBLI."
1352212,RGPV INTER COLLEGE CHESS TOURNAMENT BOYS 2025-26 ORG. BY BADERIA GLOBAL ENGG. COLLEGE JABALPUR M.P.,2026-02-13,15,0,BADERIA GLOBAL COLLEGE JABALPUR M.P.
1352213,LU Girls Selection Chess Tournament 2026  ,2026-02-13,10,0,
465504,Shakti Grandeur 9.0 International Open Fide Rating Chess Tournament 2026 ,2026-04-20,90,0,"Vadodara, Gujarat, India"
465506,Shakti Grandeur 9.0 International Open Fide Blitz Rating Chess Tournament 2026 ,2026-04-24,3,0,"Shakti Green & Banquets, Vadodara"
465507,Shakti Grandeur 9.0 International Open Fide Rapid Rating Chess Tournament 2026 ,2026-04-25,20,0,"Shakti Green & Banquets, Vadodara"
1352217,【环球国象】北京弈加国际象棋俱乐部2月慢棋公开赛（第二场） ,2026-02-15,50,10,北京弈加国际象棋俱乐部 Beijing Yijia Chess Club
1352218,BRMPC RAPID CHESS TOURNAMENT  ,2026-01-08,15,0,MANGALORE 
1352219,RGPV INTER COLLEGE CHESS TOURNAMENT GIRLS 2025-26 ORG. BY BADERIA GLOBAL ENGG. COLLEGE JABALPUR M.P.,2026-02-13,15,0,BADERIA GOBAL COLLEGE JABALPUR M.P.
1352220,PRISAA-BATANGAS Provincial Meet 2026 - HIGH SCHOOL GIRLS,2026-02-13,1,30,"University of Batangas Lipa Campus, Lipa City, Batangas"
1352221,PRISAA BATANGAS Provincial Meet 2026 - COLLEGE MEN,2026-02-13,1,30,"University of Batangas Lipa Campus, Lipa City, Batangas"
1352222,PRISAA-BATANGAS-Provincial Meet 2026 - HIGH SCHOOL BOYS,2026-02-13,1,30,"University of Batangas Lipa Campus, Lipa City, Batangas"
1352223,PRISAA-BATANGAS-Provincial Meet 2026 - COLLEGE WOMEN,2026-02-13,1,30,"University of Batangas Lipa Campus, Lipa City, Batangas"
1352224,"14th Ramabai Ranade Chess tournament, U07, Kharghar, Navi Mumbai 08th March https://circlechess.com/registration?id=49977, WA 9820988026; ",2026-03-08,15,0,"Shree Siddhi Marriage Hall, Utkrsha Building, Sector-12, Kharghar, 410210"
1352225,"14th Ramabai Ranade Chess tournament, U09, Kharghar, Navi Mumbai 08th March https://circlechess.com/registration?id=49977, WA 9820988026; ",2026-03-08,15,0,"Shree Siddhi Marriage Hall, Utkrsha Building, Sector-12, Kharghar, 410210"
1352226,"14th Ramabai Ranade Chess tournament, U11, Kharghar, Navi Mumbai 08th March https://circlechess.com/registration?id=49977, WA 9820988026; ",2026-03-08,15,0,"Shree Siddhi Marriage Hall, Utkrsha Building, Sector-12, Kharghar, 410210"
1352228,"14th Ramabai Ranade Chess tournament, Open, Kharghar, Navi Mumbai 08th March https://circlechess.com/registration?id=49977, WA 9820988026; ",2026-03-08,15,0,"Shree Siddhi Marriage Hall, Utkrsha Building, Sector-12, Kharghar, 410210"
1352229,SXC INTER DEPT CHESS TOURNAMENT 2026 ,2026-02-13,15,0,
1352227,"14th Ramabai Ranade Chess tournament, U13, Kharghar, Navi Mumbai 08th March https://circlechess.com/registration?id=49977, WA 9820988026; ",2026-03-08,15,0,"Shree Siddhi Marriage Hall, Utkrsha Building, Sector-12, Kharghar, 410210"
1352230,5th to 12th Loknetya Monicatai Rajale Birthday  Celebration Chess Tournament Pathardi,2026-02-19,15,5,
1352231,Open Loknetya MLA Monicatai Rajale Birthday  Celebration Chess Tournament Pathardi,2026-02-19,15,5,
1352232,Юбилейный турнир Анатолия Кудер-ооловича и Риммы Кокуй-ооловны Ооржаков 60 лет,2026-02-14,20,0,Чадан
1352233,Туринир в честь Дня защитника Отечества (Группа Б) ,2026-02-22,10,5,"г. Кореновск ул. Красная,45 (2-й этаж)"
1352234,Sri Lanka National Majors Chess Championship 2026 Open - Southern Province ,2026-02-14,90,30,G/ Jayanthi Primary Model School - Hikkaduwa
1352235,Sri Lanka National Women's Majors Chess Championship 2026  - Southern Province,2026-02-14,90,30,G/ Jayanthi Primary Model School - Hikkaduwa
467488,5th SK BUKIT KEMUNING (2) FIDE RATED UNDER 1800 (14-15 March 2026) ,2026-03-14,30,0,"SK Bukit Kemuning (2), Shah Alam"
1352238,4th Centro Mall Klang Chess Under 12 Category (8 March 2026) ,2026-03-08,15,0,Centro Mall Klang
1352239,"Турнир, посвященный 37-ой годовщине вывода Советских войск из Афганистана ",2026-02-14,11,0,Белая Калитва
1352236,1st to 4th Loknetya Mla Monicatai Rajale Birthday  Celebration Chess Tournament Pathardi,2026-02-19,12,3,
1352240,"Квалификационный турнир с нормой 2 разряда ЦШК ""ASTANA"" 14-22.02 ",2026-02-14,30,30,
1352242,"Квалификационный турнир с нормой 3 разряда ЦШК ""ASTANA"" 14-22.02 ",2026-02-14,30,30,
1352241,Турнир в честь Дня защитника Отечества (Группа А) ,2026-02-23,10,5,
1352243,23ο ΤΟΥΡΝΟΥΑ RAPID ΣΚΑΚΙΣΤΙΚΟΥ ΟΜΙΛΟΥ ΗΛΙΟΥΠΟΛΗΣ 22/02 ,2026-02-22,10,0,"Παπαναστασίου 14, Ηλιούπολη (πολύ κοντά στο σταθμό του Μετρό «Άλιμος»)"
1352244,GIẢI CỜ TƯỚNG MỪNG ĐẢNG- MỪNG XUÂN XÃ LAI KHÊ NĂM 2026 ,2026-02-21,21,0,"Nhà văn hóa đội 3, thôn Bắc, xã Lai Khê"
1352245,ONSS 2026 - faza judeteana Dambovita - Gimnaziu Baieti -  13 februarie 2026,2026-02-13,15,10,Colegiul National Constantin Carabella Targoviste
1352246,ONSS 2026 - faza judeteana Dambovita - Gimnaziu Fete -  13 februarie 2026,2026-02-13,15,10,Colegiul National Constantin Carabella Targoviste
1352247,ONSS 2026 - faza judeteana Dambovita - Liceu Baieti -  13 februarie 2026,2026-02-13,15,10,Colegiul National Constantin Carabella Targoviste
1352248,ONSS 2026 - faza judeteana Dambovita - Liceu Fete -  13 februarie 2026,2026-02-13,15,10,Colegiul National Constantin Carabella Targoviste
1352252,"TORNEO DE AJEDREZ ESCOLAR CONGRESO ""2026"" MEDIA SUPERIOR Y SUPERIOR ",2026-02-14,30,30,
1352254,"Calfusion Chess Academ 1st Combined East Godavari District Open Chess   Tournament, Venue Calfusion Chess Academy ,Danavai peta ,Rajahmundry",2026-02-14,20,5,Rajahmundry
1352255,K-12 International Schools Chess Open 2026 K-G2,2026-03-08,20,5,Shanghai American School Puxi 上海美国学校浦西校区
465105,PhileKhoob Winter Standard Tour Bahman 1404 ,2026-02-13,60,0,Arak
1352256,K-12 International Schools Chess Open 2026 G3-G5,2026-03-08,20,5,Shanghai American School Puxi 上海美国学校浦西校区
1352258,REGENT INTERNATIONAL SCHOOL CHESS TOURNAMENT 2026 UNDER 15 ,2026-02-14,20,0,Kuantan
1352260,K-12 International Schools Chess Open 2026 G9-G12,2026-03-08,20,5,Shanghai American School Puxi 上海美国学校浦西校区
1352261,4-րդ կարգի որակավորման մրցաշար. Գորիս ,2026-02-13,,0,Գորիս
1352259,K-12 International Schools Chess Open 2026 G6-G8,2026-03-08,20,5,Shanghai American School Puxi 上海美国学校浦西校区
1352264,REGENT INTERNATIONAL SCHOOL CHESS TOURNAMENT 2026 UNDER 10 ,2026-02-14,20,0,Kuantan
1352263,2025-26 ÖĞRETİM YILI SİLİFKE GENÇLİK VE SPOR İLÇE MÜD. OKULLARARASI SATRANÇ TURN MİNİKLER A (2017-01.01.2015),2026-02-14,45,30,Silifke Gençlik Merkezi Silifke/MERSİN
1352266,Чемпионат города Ангарска по классическим шахматам среди мужчин ,2026-02-21,90,30,Ангарск
1352265,2025-26 ÖĞRETİM YILI SİLİFKE GENÇLİK VE SPOR İLÇE MÜD. OKULLARARASI SATRANÇ TURN KÜÇÜKLER (2015-2014),2026-02-14,45,30,Silifke Gençlik Merkezi Silifke/MERSİN
1352267,2025-26 ÖĞRETİM YILI SİLİFKE GENÇLİK VE SPOR İLÇE MÜD. OKULLARARASI SATRANÇ TURN YILDIZLAR (2013-01.01.2011),2026-02-14,45,30,Silifke Gençlik Merkezi Silifke/MERSİN
1352268,Delhi University (Women) Trials 2026 ,2026-02-12,,0,SRCC
1352269,Февральский рейтинговый турнир с ограничением рейинга до 1500 ,2026-02-15,10,5,
1352270,2025-26 ÖĞRETİM YILI SİLİFKE GENÇLİK VE SPOR İLÇE MÜD. OKULLARARASI SATRANÇ TURN GENÇLER (2011-01.01.2007),2026-02-14,45,30,Silifke Gençlik Merkezi Silifke/MERSİN
1352272,  Ledssa Womens Sports Team Championship 2026 ,2026-02-13,25,0,
1352273,Квалификационный турнир на 2 разряд Жана жол ,2026-02-14,30,30,
1352271,"IC Grades 1,2 Chess Tournament ",2026-02-13,10,3,IC Ras Beirut
1352276,MIND MAZE CHESS TOURNAMENT 2026 ,2026-02-13,15,5,"ELIMS COLLEGE OF ARTS AND SCIENCE&ELIMS COLLEGE OF PHARMACY PONGANAMKAD,THRISSUR"
463184,Altay Cup 2026 rapid 2 ,2026-02-15,10,0,Barnaul
1352280,2nd EDITION RU TOURNAMENT ,2026-02-13,15,0,
1352281,Maverick winter 2 Rapid  chess tournament ,2026-02-13,10,0,
1352282,CHATHURANGA U-10 OPEN CHESS TOURNAMENT 2026 CALICUT ,2026-02-13,10,5,"DEVAGIRI COLLEGE,CALICUT"
1352284,"Региональный этап открытых Всероссийских соревнований по шахматам ""Белая ладья"" ",2026-03-07,30,30,Пермь
1352278,Лично-командное первенство СМО 2026 года по шахматам среди ветеранов ,2023-09-22,10,5,Сатка
1352283,"Turneul Speranței ed.1, Bacău, 28 Feb 2026, 8 runde Rapid Open A Turneul Caritabil",2026-02-28,10,2,"Hotel Fiald & Spa, Mun.Bacău"
1352285,"Городской этап Всероссийских соревнований ""Белая ладья"" ",2026-02-20,30,0,Саратов
1352287,Кубок Химпром 2026 - Этап 2 Турнир 1 (2010-2013) ,2026-02-21,15,5,Пермь
1352289,♚ Open Master Games Abu Dhabi 2026 ♚ - Blitz Chess Male 50+ Competitive ,2026-02-13,5,3,ADNEC (Conference Hall B)
1352286,Felix Sasomi Open Under 2200 - blitz ,2026-02-14,2,0,Hotel President
1352290,Городской турнир ветеранов №170 (13-02-2026) ,2026-02-13,10,5,Ростов-на-Дону
1352291,MČR mládeže 2026 - D10 ,2026-03-07,40,30,"Hotel Dlouhé Stráně, 788 11 Kouty nad Desnou"
1352293,BronzePT02/13/2026 ,2026-02-13,15,5,"Petah Tikva,  Moshe David Meizner 11"
469410,MČR mládeže 2026 - D12 ,2026-03-07,40,30,"Hotel Dlouhé Stráně, 788 11 Kouty nad Desnou"
469411,MČR mládeže 2026 - D14 ,2026-03-07,40,30,"Hotel Dlouhé Stráně, 788 11 Kouty nad Desnou"
469412,MČR mládeže 2026 - D16 ,2026-03-07,40,30,"Hotel Dlouhé Stráně, 788 11 Kouty nad Desnou"
1352297,SilverPT02/13/2026 ,2026-02-13,15,5,"Petah Tikva,  Moshe David Meizner 11"
469405,MČR mládeže 2026 - H10 ,2026-03-07,40,30,"Hotel Dlouhé Stráně, 788 11 Kouty nad Desnou"
1352299,CHATHURANGA U-13 OPEN CHESS TOURNAMENT 2026 CALICUT ,2026-02-13,10,5,DEVAGIRI COLLEGE CALICUT
1352300,"Turneul Speranței ed.1, Bacău, 28 Feb 2026, 6 runde Rapid Open B (neomologat) Turneul Caritabil",2026-02-28,10,2,"Hotel Fiald & Spa, Mun.Bacău"
469406,MČR mládeže 2026 - H12 ,2026-03-07,40,30,"Hotel Dlouhé Stráně, 788 11 Kouty nad Desnou"
1352302,GoldPT02/13/2026 ,2026-02-13,15,5,"Petah Tikva,  Moshe David Meizner 11"
469407,MČR mládeže 2026 - H14 ,2026-03-07,40,30,"Hotel Dlouhé Stráně, 788 11 Kouty nad Desnou"
1352305,Турнир на IV Разряд Начало Пути с McQueen  ,2026-02-14,20,0,Алмата
469408,MČR mládeže 2026 - H16 ,2026-03-07,40,30,"Hotel Dlouhé Stráně, 788 11 Kouty nad Desnou"
1352307,"РОО ""Федерация шахмат Республики Карелия"" ---  79-й Чемпионат среди мужчин",2026-02-19,75,30,Петрозаводск
469413,MČR mládeže 2026 - OPEN ,2026-03-07,40,30,"Hotel Dlouhé Stráně, 788 11 Kouty nad Desnou"
1352309,«Второй шаг к мастерству» — турнир на III разряд McQueen Chess ,2026-02-14,20,0,
1352310,Лига старта А (2012-2017) 15.02.2026,2026-02-15,10,5,Чита
1352311,Лига старта Б (2018-2020) 15.02.2026,2026-02-15,10,5,Чита
1352312,CHATHURANGA U-15 OPEN CHESS TOURNAMENT 2026 CALICUT ,2026-02-14,10,5,
1352313,"Пліч-о-пліч всеукраїнські шкільні ліги (м. Київ, Печерський район, 1-4 класи) ",2026-02-20,10,5,Ліцей №78
1352315,"Первенство Гомеля среди мальчиков до 8 лет (2018г.р. и мл.), 13-15.02.2026г. ",2026-02-13,45,15,Гомель
1352314,"""Зимний гамбит""  Группа B (2-3 классы)",2026-02-14,10,5,"Новосибирск, ул. Мясниковой, 4"
1352316,"Пліч-о-пліч всеукраїнські шкільні ліги (м. Київ, Печерський район, 5-9 класи) ",2026-02-20,10,5,Ліцей №78
1352318,"Первенство Гомеля среди девочек до 8 лет (2018г.р. и мл.), 13-15.02.2026г. ",2026-02-13,45,15,Гомель
1352319,MPS Ches tournament ,2026-02-12,20,0,MZUZU
1352320,Cape Winelands Schools - Primary Schools Trials 1 U7 Girls and Boys,2026-02-14,45,15,"Ceres Secondary School, Ceres"
1352317,"Пліч-о-пліч всеукраїнські шкільні ліги (м. Київ, Печерський район, 10-11 класи) ",2026-02-20,10,5,Ліцей №78
1352322,TÜRKİYE KUPASI MALTEPE İLÇE BİRİNCİLİĞİ ,2026-02-14,45,30,İstanbul Ritim AVM Etkinlik Salonu / Maltepe
1352321,"Malik Deenar Public School Chess Tournament 2026 (For Students from 3rd grade, 4th grade and 5 th grade)",2026-02-12,10,5,"Adivad, Ernakulam District"
1352323,Ratsu Karikas koolimale sarjavõistluse II etapp  A ,2026-02-13,10,3,"Tallinna Kesklinna Põhikool (Pärnu mnt 11, Tallinn)"
1352324,K E T SCHOOL KUTTIYADI CHESS GRADING ,2026-02-13,15,5,KET SCHOOL
1352325,Ratsu Karikas koolimale sarjavõistluse II etapp  B ,2026-02-13,10,3,"Tallinna Kesklinna Põhikool (Pärnu mnt 11, Tallinn)"
1352326,Ratsu Karikas koolimale sarjavõistluse II etapp  C ,2026-02-13,10,3,"Tallinna Kesklinna Põhikool (Pärnu mnt 11, Tallinn)"
1352327,Ratsu Karikas koolimale sarjavõistluse II etapp  D ,2026-02-13,10,3,"Tallinna Kesklinna Põhikool (Pärnu mnt 11, Tallinn)"
1352328,Ratsu Karikas koolimale sarjavõistluse II etapp  E ,2026-02-13,10,3,"Tallinna Kesklinna Põhikool (Pärnu mnt 11, Tallinn)"
1352329,Cape Winelands Schools - Primary Schools Trials 1 U9 Girls,2026-02-14,45,15,"Ceres Secondary School, Ceres"
1352330,"Malik Deenar Public School Chess Tournament 2026 (For Students from 6, 7, 8 and 9 Grade)",2026-02-12,10,5,"Adivad, Ernakulam District"
1352331,"""Зимний гамбит""   Группа С (1 классы и дошкольники)",2026-02-14,10,5,"Новосибирск, ул. Мясниковой, 4"
1352333,Kasbaroof el Arab ,2026-02-13,10,5,
1352335,93. Pfälzischer Schachkongress 2026 Seniorenturnier,2026-03-27,90,30,Kaiserslautern
1352336,93. Pfälzischer Schachkongress 2026 Einzelblitz,2026-03-28,3,2,Kaiserslautern
1352334,"Արարատի մարզի պատանիների առաջնություն, 16 տարեկան տղաներ,2026 ",2026-02-18,90,0,Մասիս քաղաքի երաժշտական կենտրոն
1352338,♞♞♞Kazeroon Rapid  Norooz-RamezanCup مسابقات ریتد سریع جام نوروز-رمضان هیات شطرنج کازرون با 190 میلیون ریال جوایز نقد,2026-02-13,15,0,
1352340,"""Зимний гамбит""  Группа A (4-10 классы)",2026-02-14,10,5,"Новосибирск, ул. Мясниковой, 4"
1352342,93. Pfälzischer Schachkongress 2026 Mannschaftsblitz,2026-04-04,3,2,Kaiserslautern
1352343,1. turnaj regionálního přeboru v rapid šachu - zima 2026 - 14.2.2026 ,2026-02-14,12,3,Jesenik
1352345,Cape Winelands Schools - Primary Schools Trials 1 U13 Girls,2026-02-14,45,15,"Ceres Secondary School, Ceres"
481264,XXIX. Chalupetzky Open U2100,2026-05-29,60,30,"Széchenyi István Egyetem, Győr, Egyetem tér 1., K0-Kollégium, Konferencia terem"
1352347,Velká cena manželů Suchoradských 2026 - Mladší ,2026-02-14,20,5,Křinec
1352348,Velká cena manželů Suchoradských 2026 - Starší ,2026-02-14,20,5,Křinec
1352349,SİNCAN 8. AKIL VE ZEKA OYUNLARI TURNUVASI ORTAOKUL KÜRE,2016-02-13,,0,
1352350,26 Fevral Xocalı Soyqırımına hısr olunmuş turnir (Zaqatala-A qrupu) ,2026-02-13,60,0,Zaqatala 
1352351,26 fevral Xocalı Soyqırımına həsr olunmuş turnir (Zaqatala-B qrupu) ,2026-02-13,60,0,Zaqatala
1352352,"Открытый детский шахматный турнир ""Пятничная классика"" 13.02-06.03.2026 Группа В ",2026-02-13,30,30,Москва
1352353,Чемпионат ШК Профи64 Высшая лига,2026-02-21,60,30,Уфа
1352354,Соревнования по шахматам работников полигона Калининградской железной дороги Мужчины,2026-02-13,10,5,
1352355,Соревнования по шахматам работников полигона Калининградской железной дороги Женщины,2026-02-13,10,5,
1352356,KEM Sakk Csapat Diákolimpia ® / Alsós fiúk (FI-II),2026-02-14,15,0,"2500 Esztergom, Mindszenty hercegprímás tér 7.  / Árpád-házi Szent Erzsébet"
1352357,AKEST Inter Schools Chess Tournament Upcoming Players ,2026-02-13,15,5,
1352358,KEM Sakk Csapat Diákolimpia ® / Alsós lányok (LI-II),2026-02-14,15,0,"2500 Esztergom, Mindszenty hercegprímás tér 7.  / Árpád-házi Szent Erzsébet"
1352359,AKEST Interschools Chess Tournament Under 8 ,2026-02-13,15,5,
1352360,Զեյթուն ՇՄՄ-ի 1/4 եզրափակիչ ,2026-02-13,,0,
1352361,AKEST Interschools Chess Tournament Under 10 ,2026-02-13,15,5,
1352362,"Արարատի մարզի պատանիների առաջնություն,մինչև 12 տարեկան տղաներ,2026 ",2026-02-18,90,0,Մասիս քաղաքի երաժշտական դպրոց
1352363,GPX na Kolibe ,2026-03-07,10,3,"KOLIBA Senica, Hurbanová 494, Senica 905 01"
1352365,KEM Sakk Csapat Diákolimpia ® / Felsős fiúk (FIII-IV),2026-02-14,15,0,"2500 Esztergom, Mindszenty hercegprímás tér 7.  / Árpád-házi Szent Erzsébet"
1352364,Первенство города Салехарда 2026 года по блицу среди девушек до 15 лет (2013-2014 г.р.),2026-02-13,3,2,"Салехард, шахматная гостиная ""Yamalchess"""
1352366,Первенство города Салехарда 2026 года по блицу среди юношей до 15 лет (2013-2014 г.р.),2026-02-13,3,2,"Салехард, шахматная гостиная ""Yamalchess"""
1352367,"""Білім берудегі Шахмат"" тренинг ",2026-02-11,10,0,Талгар №40 орта мектеп
1352368,KEM Sakk Csapat Diákolimpia ® / Felsős lányok (LIII-IV),2026-02-14,15,0,"2500 Esztergom, Mindszenty hercegprímás tér 7.  / Árpád-házi Szent Erzsébet"
1352370,KEM Sakk Csapat Diákolimpia ® / Középiskolás fiúk (FV-VI),2026-02-14,15,0,"2500 Esztergom, Mindszenty hercegprímás tér 7.  / Árpád-házi Szent Erzsébet"
1352371,Чемпионат ШК Профи64 Первая лига,2026-02-21,45,30,Уфа
1352372,AKEST Interschools Individual Chess Tournament Under 18/16 ,2026-02-13,15,5,
1352373,Чемпионат ШК Профи64 Вторая лига,2026-02-21,45,30,Уфа
1352374,AEON MALL CHESS TOURNAMENT (OPEN) ,2026-02-14,15,0,
1352375,AEON MALL CHESS TOURNAMENT (U12B) ,2026-02-14,15,0,
1352376,AEON MALL CHESS TOURNAMENT (U12G) ,2026-02-14,15,0,
1352378,BLİTZ N 11 (5+3) HƏVƏSKARLAR ARASİNDA (1800 reytinqdən aşagi şahmatçilar) 13.02.2026 19:30 Məmmədyarovlar Şahmat Məktəbi  TEL 0506668384,2026-02-13,,0,
1352377,1er blitz de ceyreste ,2026-02-14,3,2,Ceyreste
1352379,Mukurweini Indoor Games Day 2026 ,2026-02-13,15,0,Mukurweini Technical Training Institute
1352380,Lliga Promoció Sub12 de la Territorial Girona 2026 ,2026-03-07,60,0,"C. E. Gerunda ubicat al C. Cívic Pla de Palau, Carrer Saragossa, núm. 27, Girona"
1352382,41st Kermanshah Weekly Chess Tournament 1404 - U20 Mehrad Amiri Cup,2026-02-13,10,0,"Kermanshah Chess Association, Kermanshah, Iran"
466106,41st Kermanshah Weekly Rapid Bahman 1404 (Mehrad Amiri Cup),2026-02-13,10,0,"Kermanshah Chess Association, Kermanshah, Iran"
1352384,2026 Welsh Blitz Championship ,2026-02-14,3,2,Bridgend
1352385,AGRIA INTERNATIONAL CHESS TOURNAMENT 2026 ,2026-08-25,90,30,5* HOTEL RESORT VALIS - AGRIA VOLOS - GREECE 
1352386,District Mahsool Men Chess Competition  ,2026-02-13,30,0,Wardha
1352388,Beginner Level Chess Competition by Anant Chess Academy ,2026-02-15,25,5,Ahmedabad
1352389,Intermediate Level Chess Competition by Anant Chess Academy ,2026-02-15,25,5,Ahmedabad
1352391,"РОО ""Федерация шахмат Республики Карелия"" ---  76-й Чемпионат среди женщин",2026-02-19,75,30,Петрозаводск
1352392,"Кубок ЦАО-2026 среди инвалидов и ветеранов, посвященный Дню защитника Отечества ЕКП №53199",2026-02-13,10,5,"Москва, Госпитальный вал, д.1А, стр.1."
1352396,TELSİM 2026 KKTC GENÇLER SATRANÇ ŞAMPİYONASI ,2026-02-14,60,30,Yakın Doğu Üniversitesi ve Gazimağusa Ekor Elegance Hotel
1352397,بطولة كسيفة الاولى للشطرنج السريع - ابتدائي ,2026-02-14,,0,
1352399,"Открытый шахматный фестиваль ""Снежная королева-2026"". Дисциплина ""рапид"". Мальчики и девочки до 9 лет (2019 г.р. и моложе)",2026-02-14,10,5,"Камышин, МБУ ДО СШ № 3"
1352398,"Under 8 - Master Chess Academy 1st District Level Chess Tournament , Karaikudi",2026-02-15,20,0,"Maharishi Vidya Mandir, HIgher Secondary School, Indira Nagar, Karaikudi"
1352400,♟️ SKY CHESS ACADEMY 6th TOURNAMENT (U-11 CATEGORY) ♟️15th February 1stPrize-DGT 2010 Chess Clock Kondapur-Hyderabad Contact-(+919653205998),2026-02-13,25,0,SKY CHESS ACADEMY HYDERABAD KONDAAPUR
1352401,"Блиц в ЦШК ""ASTANA"" 15.02 в 15:00 Жирентаева 5 ",2026-02-15,3,2,Астана
1352402,Campeonato Regional Impar Centro Huancayo 2026 U05 Absoluto,2026-02-13,60,30,Colegio Santa Isabel 
1352414,Nablus Rapid Chess tournament 2026 ,2026-12-13,10,2,
1352405,Campeonato Regional Impar Centro Huancayo 2026 U09 Absoluto,2026-02-13,60,30,Colegio Santa Isabel 
1352407,8. sclb Eintagesturnier ,2026-03-14,,0,
1352403,Campeonato Regional Impar Centro Huancayo 2026 U07 Absoluto,2026-02-13,60,30,Colegio Santa Isabel 
1352408,Campeonato Regional Impar Centro Huancayo 2026 U11 Absoluto,2026-02-13,60,30,Colegio Santa Isabel 
1352406,"Открытый шахматный фестиваль ""Снежная королева-2026"". Дисциплина ""рапид"". Мальчики и девочки до 11 лет (2017-2018 г.р.)",2026-02-14,10,5,"Камышин, МБУ ДО СШ № 3"
1352409,"Открытый шахматный фестиваль ""Снежная королева-2026"". Дисциплина ""рапид"". Мальчики и девочки до 13 лет (2015-2016 г.р.)",2026-02-14,10,5,"Камышин, МБУ ДО СШ № 3"
1352410,Campeonato Regional Impar Centro Huancayo 2026 U11 Femenino,2026-02-13,60,30,Colegio Santa Isabel 
1352412,Campeonato Regional Impar Centro Huancayo 2026 U15 Absoluto,2026-02-13,60,30,Colegio Santa Isabel 
1352411,Campeonato Regional Impar Centro Huancayo 2026 U13 Absoluto,2026-02-13,60,30,Colegio Santa Isabel 
1352413,"RACE Chess Academy 11th ONEDAY RAPID CHESS Tournament, Hyd Prizes 50k 28TH FEB  2026 Contact 99856 50255",2026-02-28,25,0,"RACE, Plot No. 56, Amar Cooperative Society, Kavuri Hills, Madhapur,Hyderabad."
1352416,"Открытый шахматный фестиваль ""Снежная королева-2026"". Дисциплина ""рапид"". Группы до 15 (2013-2014 г.р.), до 17 (2011-2012 г.р.), Open (2010 г.р. и старше)",2026-02-14,10,5,"Камышин, МБУ ДО СШ № 3"
1352418,19th AR Chess Academy Youth Weekly Tournament U12 ,2026-02-13,10,5,https://maps.app.goo.gl/Re1VheVYHK3TJUSF9
1352421,Blitz Moscow. February 2026 - 3 ,2026-02-13,3,2,Moscow
1352422,Penryn Open Chess Tournament Section C,2026-02-21,55,5,"Penryn, Mbombela (Whiteriver road, Opposite Kiaat Hosital)"
1352423,4-րդ կարգի որակավորման մրցաշար Նուբարաշեն ՇՄՄ,2026-02-13,60,0,Երևան
1352424,@САНА Квалификационный турнир с нормой 2 разряда ,2026-02-14,,0,
1352425,Latvijas 2026. gada senioru čempionāts šahā ,2026-04-11,15,10,"Ganību dambis 21g, Rīga"
1352426,open chess DASENG CLUB ,2026-02-13,,0,Daseng chess club
1352427,Дебют 2026 Этап 2 Мальчики до 13 ,2026-02-14,57,3,Санкт-Петербург
1352429,Чемпіонат м. Дніпро з шахів серед cтудентів (закладів вищої та фахової передвищої освіти) з швидкої гри ,2026-02-13,10,0,м. Дніпро
1352430,Краевые соревнования по быстрым шахматам среди детей 2019 г.р. на Кубок международного гроссмейстера Надырханова С.С. 2 этап ДЕВОЧКИ,2026-02-14,10,5,Армавир
1352433,Первенство СДЮШОР №1 г. Барановичи среди юношей и девушек до 14 лет ,2026-02-13,30,30,Барановичи
1352434,Open Master Games Abu Dhabi 2026 ♚ - Blitz Chess Male 30+ Competitive II ,2026-02-13,5,3,ADNEC (Conference Hall B)
1352431,Первенство СДЮШОР №1 г. Барановичи среди юношей до 12 лет ,2026-02-13,30,30,Барановичи
1352432,Первенство СДЮШОР №1 г. Барановичи среди девушек до 12 лет ,2026-02-13,30,30,Барановичи
1352435,Первенство СДЮШОР №1 г. Барановичи среди юношей и девушек до 16 лет ,2026-02-13,30,30,Барановичи
1352437,Delhi Public School Bangalore East CHESS@ CAMPUS CUP  - 2026 (iii) ,2026-02-14,10,5,"Delhi Public School, Bangalore East, Survey No. 43, Dommasandra Post, 1B & 45, K"
1352436,Дебют 2026 Этап 2 Юноши до 17 ,2026-02-14,57,3,Санкт-Петербург
1352438,Delhi Public School Bangalore East CHESS@ CAMPUS CUP  - 2026 (iv) ,2026-02-14,10,5,"Delhi Public School, Bangalore East, Survey No. 43, Dommasandra Post, 1B & 45, K"
1352439,Delhi Public School Bangalore East CHESS@ CAMPUS CUP  - 2026 (v) ,2026-02-14,10,5,"Delhi Public School, Bangalore East, Survey No. 43, Dommasandra Post, 1B & 45, K"
1352440,31st Kish Rapid Chess Tournament سی و یکمین دوره مسابقات شطرنج سریع کیش,2026-02-13,10,5,Kish Island
1352441,Дебют 2026 Этап 2 Юноши до 15 ,2026-02-14,57,3,Санкт-Петербург
1352443,NU Empire Mall Chess Under 12 Category (5 April 2026) ,2026-04-05,15,0,NU Empire Mall Subang Jaya
467476,1st NU EMPIRE SUBANG JAYA FIDE RATED OPEN  ,2026-04-04,15,0,NU Empire Mall Subang Jaya
1352445,3rd SEREMBAN PRIMA CHESS UNDER 15 (7 March 2026) ,2026-03-07,15,0,"Seremban Prima, Seremban"
1352442,День настоящих мужчин 2026 ,2026-02-21,10,5,"Тверская обл., г. Торжок, кафе ""Колесо удачи"""
1352446,Турнир первоклассников Сагаалган-2026 ,2026-02-14,10,5,Агинское
1352447,kACER 2026 CABOR CATUR SD / MI PUTRI,2026-02-10,10,5,MTsN 1 PATI
1352449,KACER 2026 CABOR CATUR SD / MI PUTRA,2026-02-10,10,5,MTsN 1 PATI 
1352448,XXXII ChessBlitz Projeto Checkmate de Xadrez. ,2026-02-21,8,0,Sede do NEM
1352451,"Турнир ""В"" ",2026-02-13,10,5,ЧессАрт
1352452,دورة الشطرنج ثانوية بوقرة علي ,2026-02-03,5,3,ثانوية بوقرة علــــــــــــــي
1352450,Hoërskool Stellenbosch Graderingstoernooi 2026 U15 and U20 Mixed,2026-02-14,25,5,"Hoërskool Stellenbosch, Mont Blanc,18 Jannasch Rd, Mostertsdrift, Stellenbosch, "
1352453,مهرجان السويس الاول 2026 ,2026-02-13,10,5,
1352454,yedinciyatay 2.SATRANÇ TURNUVASI 7 YAŞ KATEGORİSİ,2026-02-14,35,30,RİNGS AVM
1352455,yedinciyatay 2.SATRANÇ TURNUVASI 8 YAŞ KATEGORİSİ,2026-02-14,30,30,RİNGS AVM
1352456,yedinciyatay 2.SATRANÇ TURNUVASI 9 YAŞ KATEGORİSİ,2026-02-14,35,30,RİNGS AVM
1352457,2do Encuentro De ajedrez Verano 2026. OTC. Oberá. Misiones. Categoria libre ,2026-02-13,10,0,Resto Bar del Obera Tenis Club. Oberá Misiones
1352458,BLACK QUEEN SIRKUIT ,2026-02-13,10,3,WARKOP 97 MERJOSARI
1352459,yedinciyatay 2.SATRANÇ TURNUVASI 10 YAŞ KATEGORİSİ,2026-02-14,35,30,RİNGS AVM
466652,PONTE DE LIMA CHESS TOURNAMENT 2026 (31/03 - 04/04) ,2026-03-31,90,30,Pavilhão de Feiras e Exposições de Ponte de Lima
465170,Чемпионат Южного федерального округа 2026 г. по шахматам среди мужчин.  ,2026-03-02,90,0,"Элиста, Ойрат-Арена"
1352460,Embakasi Cluster Chess Championship 4th Edition Under 8 Girls ,2026-02-14,,0,De Paul Catholic School
465171,Чемпионат Южного федерального округа 2026 г. по быстрым шахматам среди мужчин.  ,2026-02-28,10,0,"Элиста, Ойрат-Арена"
465177,Чемпионат Южного федерального округа 2026 г. по блицу среди мужчин.  ,2026-03-01,3,0,"Элиста, Ойрат-Арена"
1352465,Summer Prague Open 2026 - A ,2026-08-07,40,30,"Olympik hotel, Sokolovska 138, Praha"
1352467,Schach mal anders 2026 ,2026-02-13,3,2,Bünde
1352469,Summer Prague Open 2026 - B ,2026-08-07,40,30,"Olympik hotel, Sokolovska 138, Praha"
1352470,Summer Prague Open 2026 - C - 30+ ,2026-08-07,40,30,"Olympik hotel, Sokolovska 138, Praha"
1352471,Summer Prague Open 2026 - D - rapid ,2026-08-09,10,5,"Olympik hotel, Sokolovska 138, Praha"
1352472,2do Encuentro De ajedrez Verano 2026. OTC. Oberá. Misiones. sub 10 ,2026-02-13,10,0,Resto Bar del Obera Tenis Club. Oberá Misiones
1352475,Kejohanan Mini Catur Kg Air Tawar 2026 - MCF Rated ,2026-02-15,20,3,"Balairaya Jalan Datuk Nawar, Kg Air Tawar, Merlimau, Melaka"
1352474,Summer Prague Open 2026 - E - blitz ,2026-08-12,3,2,"Olympik hotel, Sokolovska 138, Praha"
1352477,PREMIER CHESS ACADEMY-BRAIN MASTER WEEKLY INTERMEDIATE TOURNAMENT(13.02.2026) ,2026-02-13,7,5,
1352549,Чемпионат г. Барнаула 2026 по шахматам ,2026-02-14,45,15,Барнаул
1352478,Зимний кубок города по шахматам 2026 года среди юношей и девушек до 16 лет ,2026-02-14,10,5,"Железногорск, ул. Ленина, 65"
1352476,PREMIER CHESS ACADEMY- BRAIN MASTER WEEKLY BEGINNERS TOURNAMENT(14.02.26) PH:- 8714881281,1926-02-14,7,5,
1352479,V TORNEO PRACTICA JOSARELINO  - NVO. CHIMBOTE - TERESA DE CALCUTA - 2026 ,2026-02-13,10,2,TERESA DE CALCUTA MZ J LTE 8  - NUEVO CHIMBOTE
1352480,Полуфинал города Орска по шахматам 2026 года ,2026-02-13,50,10,Орск 
1352481,"Тренировочный турнир для групп А и A+ 13.02.2026, Розыбакиева ",2026-02-13,10,2,Almaty
1352482,Campeonato Regional Impar Centro Huancayo 2026 U09 Femenino,2026-02-13,60,30,Colegio Santa Isabel 
1352483,Campeonato Regional Impar Centro Huancayo 2026 U17 Absoluto,2026-02-13,60,30,Colegio Santa Isabel 
1352484,Sri Lanka National Majors Chess Championship 2026 - Central Province Open Section,2026-02-14,90,30,"Junior School, Thalathuoya"
1352485,I Activo de Ajedrez Arguineguin 2026 ,2026-02-13,10,2,"Carpa en la Plaza Pérez Galdós Junto a la iglesia, en Arguineguín (Gran Canaria)"
1352487,Чемпіонат Житомирської області з шахів серед юнаків та дівчат до 8 років ,2026-02-14,35,30,
1352488,Festivalul International de Sah Florin Gheorghiu - Editia a VIII a  - 14-15 martie 2026 - Turneul A - Open - ELO<2400,2026-03-14,60,30,"ICHB Colentina - Sos. Colentina nr. 64B, Sector 2, Bucuresti"
1352489,Festivalul International de Sah Florin Gheorghiu - Editia a VIII a  - 14-15 martie 2026 - Turneul B - U14,2026-03-14,60,30,"ICHB Colentina - Sos. Colentina nr. 64B, Sector 2, Bucuresti"
1352490,Festivalul International de Sah Florin Gheorghiu - Editia a VIII a  - 14-15 martie 2026 - Turneul C - U12,2026-03-14,60,30,"ICHB Colentina - Sos. Colentina nr. 64B, Sector 2, Bucuresti"
1352491,Festivalul International de Sah Florin Gheorghiu - Editia a VIII a  - 14-15 martie 2026 - Turneul D - U10,2026-03-14,60,30,"ICHB Colentina - Sos. Colentina nr. 64B, Sector 2, Bucuresti"
1352492,Festivalul International de Sah Florin Gheorghiu - Editia a VIII a  - 14-15 martie 2026 - Turneul E - U08,2026-03-14,60,30,"ICHB Colentina - Sos. Colentina nr. 64B, Sector 2, Bucuresti"
1352493,Festivalul International de Sah Florin Gheorghiu - Editia a VIII a  - 15 martie 2026 - Turneul F-Open,2026-03-15,10,0,"ICHB Colentina - Sos. Colentina nr. 64B, Sector 2, Bucuresti"
1352494,Festivalul International de Sah Florin Gheorghiu - Editia a VIII a  - 14 martie 2026 - Turneul G-U11,2026-03-14,10,0,"ICHB Colentina - Sos. Colentina nr. 64B, Sector 2, Bucuresti"
1352495,Festivalul International de Sah Florin Gheorghiu - Editia a VIII a  - 14 martie 2026 - Turneul H-U09,2026-03-14,10,0,"ICHB Colentina - Sos. Colentina nr. 64B, Sector 2, Bucuresti"
1352496,Festivalul International de Sah Florin Gheorghiu - Editia a VIII a  - 15 martie 2026 - Turneul I-U07,2026-03-15,10,0,"ICHB Colentina - Sos. Colentina nr. 64B, Sector 2, Bucuresti"
1352497,SJMVS  HUBLI - Akkamahadevi Women's University Inter-Collegiate Individual Chess Chp 2026,2026-02-13,25,0,"SJMVS College, JC Nagar, HUBLI."
1352498,♚ Open Master Games Abu Dhabi 2026 ♚ - Blitz Chess Female 30+ ,2026-02-13,5,3,ADNEC (Conference Hall B)
1352499,Sri Lanka National Majors Chess Championship 2026 - Central Province Women's Section,2026-02-14,90,30,"Junior School, Thalathuoya"
1352500,"PRISAA  Meet 2026  WOMEN Agro-Industrial Foundation College, Ecoland, Davao city (Feb. 14, 2026)",2026-02-14,60,5,"Agro-Industrial Foundation College, Ecoland, Davao city"
1352501,"PRISAA  Meet 2026 MEN Agro-Industrial Foundation College, Ecoland, Davao city (Feb. 14, 2026)",2026-02-14,60,5,"Agro-Industrial Foundation College, Ecoland, Davao city"
1352504,24th Maverick UNDER 07 Age Group Chess Tournament 2026 ,2026-02-15,10,5,"Saarthi Banquet , Ganesh Gawade Road , Mulund West"
1352507,24th Maverick UNDER 09 Age Group Chess Tournament 2026 ,2026-02-15,10,5,"Saarthi Banquet , Ganesh Gawade Road , Mulund West"
1352506,"Городской блицтурнир ко ""Дню защитника отечества"" ",2026-02-15,5,3,Кострома
1352509,24th Maverick UNDER 08 Age Group Chess Tournament 2026 ,2026-02-15,10,5,"Saarthi Banquet , Ganesh Gawade Road , Mulund West"
1352510,24th Maverick UNDER 10 Age Group Chess Tournament 2026 ,2026-02-15,10,5,"Saarthi Banquet , Ganesh Gawade Road , Mulund West"
1352511,24th Maverick UNDER 14 Age Group Chess Tournament 2026 ,2026-02-15,10,5,"Saarthi Banquet , Ganesh Gawade Road , Mulund West"
1352512,36th Karpovians Juinor Chess Tournament ,2026-02-15,15,0,DHA Phase 6 Karachi
1352513,Aqarunov ChessMaster 13-15 fevral lV Derece 0505808087,2026-02-13,,0,
1352515,Laerskool Welgemoed Rapid 2026  (U10),2026-02-14,20,5,Laerskool Welgemoed
1352514,Laerskool Welgemoed Rapid 2026  (U8),2026-02-14,20,5,Laerskool Welgemoed
1352517,Laerskool Welgemoed Rapid 2026  (U14),2026-02-14,20,5,Laerskool Welgemoed
1352516,Laerskool Welgemoed Rapid 2026  (U12),2026-02-14,20,5,Laerskool Welgemoed
1352518,Laerskool Welgemoed Rapid 2026  (Parent),2026-02-14,20,5,Laerskool Welgemoed
1352520,BK KEJURDA PERCASI KOTA DEPOK KU - A ,2026-02-14,15,10,SMP 7 Cimanggis
1352521,BK KEJURDA PERCASI KOTA DEPOK KU - D Putra ,2026-02-14,15,10,SMPN 7 Depok
1352522, Gənclər günü ,2026-02-13,,0,
1352530,DE HOOP PRIMARY SCHOOL CHESS Team Selection Play-Offs 2026  U11 Open,2027-02-27,30,0,De Hoop Laerskool/Primary School
1352535,DE HOOP PRIMARY SCHOOL CHESS Team Selection Play-Offs 2026  U13 Open,2027-02-27,30,0,De Hoop Laerskool/Primary School
1352536,DE HOOP PRIMARY SCHOOL CHESS Team Selection Play-Offs 2026  U9 Open,2026-02-27,30,0,De Hoop Laerskool/Primary School
1352546,2026 Constantiapark Open Chess Tournament u/12 ,2026-02-14,50,10,"Duvernoy St, Constantia Park, Pretoria, 0010"
1352545,2026 Constantiapark Open Chess Tournament u/10 ,2026-02-14,50,10,"Duvernoy St, Constantia Park, Pretoria, 0010"
1352548,2026 Constantiapark Open Chess Tournament C Section ,2026-02-14,50,10,"Duvernoy St, Constantia Park, Pretoria, 0010"
1352551,Embakasi Cluster Chess Championship 4th Edition Under 12 Girls ,2026-02-14,,0,De Paul Catholic School
1352552,REGENT INTERNATIONAL SCHOOL CHESS TOURNAMENT 2026 UNDER 12 ,2026-02-14,20,0,Kuantan
1352553,The 11th Binan Chess Association U18 Tournament ,2026-02-15,20,3,"Binan, Laguna"
1352554,Ijo Djaya Chess Tournament 2026 ,2026-02-14,10,3,
1352555,Merani (Blitz-07) ,2026-02-13,3,2,Tbilisi
1352556,BK KEJURDA PERCASI KOTA DEPOK KU - C ,2026-02-14,15,10,SMPN 7 Depok
1352550,2026 Constantiapark Open Chess Tournament AB Section ,2026-02-14,50,10,"Duvernoy St, Constantia Park, Pretoria, 0010"
1352547,2026 Constantiapark Open Chess Tournament D Section ,2026-02-14,50,10,"Duvernoy St, Constantia Park, Pretoria, 0010"
1352559,2025 National Individual Chess Championship ,2026-02-13,30,30,"Cheeseman Avenue, 9th Street Sinkor, Monrovia, Liberia"
465059,КУПА МИЛЕНИУМ 15.02.2025 г.  ,2026-02-15,10,5,"гр. София,  Бул. Витоша 89Б, Комплекс Милениум, Ресторант ""Sassy"
1352571,بطولة الصم للشطرنج السريع 2026  ,2026-12-13,15,0,Amman
1352563,2025-2026 ÖĞRETİM YILI OKULARASI MAHALLİ SAKARYA YILDIZLAR GENEL,2026-02-07,45,30,Yenikent KapalıSpor Salonu Camili /Adapazarı
1352577,Mossel Bay Trials 2 2026 u15 girls ,2026-01-31,55,5,Sao Bras
1352576,بطولة الهرم سيجما للشطرنج السريع 366 ,2026-02-13,10,5,
1352574,Mossel Bay Trials 2 2026 u15 boys ,2026-02-14,55,5,Sao Bras
473103,National Friends of Chess 2000 and Under ,2026-04-02,90,30,
473101,National Friends of Chess Over 2000 ,2026-04-02,90,30,
1352587,ДДТ Юность ,2026-02-13,10,0,
1352588,Mossel Bay Trials 2 2026 u17 boys ,2026-01-31,55,5,Sao Bras
1352583,TORNEO PRACTICO I - 2026 ,2026-02-13,8,0,Parroquia San Juan Bautista de Miraflores - Loreto
1352584,"Соревнования Верх-Исетского района по быстрым шахматам  «Карнавал опен»  Турнир ""Д""",2026-02-14,8,3,Екатеринбург
1352599,5.B liga ŠZŽ Centar 2026 ,2026-03-15,90,30,
1352589,34. OSSEM ,2026-02-13,,0,Dresden
1352600,5.A liga ŠZŽ Centar 2026 ,2026-03-15,90,30,
1352590,Olimpiada Nacional 2026. Etapa Estatal GTO 17 - 20 Var,2026-02-14,30,30,
1352591,13. reede ,2026-02-13,3,2,Tartu
1352592,I Всероссийская открытая Спартакиада  государственных гражданских и муниципальных служащих (мужчины),2026-02-14,8,5,
1352593,Embakasi Cluster Chess Championship 4th Edition Under 14 Girls ,2026-02-14,,0,De Paul Catholic School
1352594,III Memorial A.Nozdrin ,2026-03-07,60,0,Ufa
1352601,4.D liga ŠZŽ Centar 2026 ,2026-03-15,90,30,
1352602,4.C liga ŠZŽ Centar 2026 ,2026-03-15,90,30,
1352595,Mossel Bay Trials 2 2026 u19 boys ,2026-02-14,55,5,Sao Brass
1352603,4.B liga ŠZŽ Centar 2026 ,2026-03-15,90,30,
1352596,ΑΠΟΚΡΙΑΤΙΚΟ RAPID ΠΑΝΕΛΛΗΝΙΟΥ Γ.Σ. (25min/10'') 21-23/02 (Ή 21-22/02)  6μμ                      ,2026-02-21,25,10,ΕΥΕΛΠΙΔΩΝ 2 ΑΘΗΝΑ
1352597,Valentīna diena-IV-2026 (13.02.2026) ,2026-02-13,,0,Rīga
1352604,4.A liga ŠZŽ Centar 2026 ,2026-03-15,90,30,
1352605,3.C liga ŠZŽ Centar 2026 ,2026-03-15,90,30,
1352598,BK KEJURDA PERCASI KOTA DEPOK KU - D Putri ,2026-02-14,15,10,SMPN & Depok
1352606,3.B liga ŠZŽ Centar 2026 ,2026-03-15,90,30,
1352608,2. liga ŠZŽ Centar 2026 ,2026-03-15,90,30,*
1352607,3.A liga ŠZŽ Centar 2026 ,2026-03-15,90,30,
1352609,Блиц Турнир Бином Кадыр Мырза Али (GML) ,2026-02-13,,0,Astana
1352611,Hamedan Weekly Blitz (24Bahman) ,2026-02-13,3,2,Hamedan- Hamedan Chess Association
1352612,National Individual Chess Championship 2025 (women) ,2026-02-14,30,30,"Cheeseman Avenue, 9th Street Sinkor Monrovia"
466820,WB STATE RAPID RATING CHESS CHAMPIONSHIP 2026 ,2026-02-28,15,0,"Subho Lagna Marriage Hall, Sahid Hemanta Kumar Bose Sarani, Jawpur, Dumdum."
1352614,Klubski ciklus ŠS Tomo Zupan Kranj - februar ,2026-02-13,10,5,Kranj
1352616,CLUB DE AJEDREZ CHILE - BLITZ TODOS GANAN 13 FEBRERO 2026 - CON IM MATIAS PEREZ ,2026-02-13,3,2,
1352617,Valentīna diena-II-2026 (13.02.2026) ,2026-02-13,5,3,Rīga
466832,WB STATE BLITZ RATING CHESS CHAMPIONSHIP 2026 ,2026-03-01,3,0,"Subho Lagna Marriage Hall, Sahid Hemanta Kumar Bose Sarani, Jawpur, Dumdum."
468897,♟️ SGMS Monthly International Open 90+30 March 2026 ♟️ 28th Mar - 2nd Apr  ,2026-03-28,90,30,"Bombay Garden, Floor 2, 97E Coast Rd, Singapore 428794  "
1352619,"3-րդ կարգի որակավորման մրցաշար, Գեղարքունիքի մարզ ք․Ճամբարակ ",2026-02-07,1,30,Գեղարքունիքի մարզ ք․Ճամբարակ 
1352620,I Всероссийская открытая Спартакиада  государственных гражданских и муниципальных служащих (женщины),2026-02-14,8,5,
1352621,Torneo Vacaciones de Verano Febrero 2026 Villa Mercedes. ,2026-02-13,,0,Comedor UPrO Villa Mercedes
1352622,"Granpri ""ოლიმპიური ჩემპიონი"" ",2026-02-06,,0,
1352623,"დამწყები ""ოლიმპიური ჩემპიონი"" ",2026-02-06,,0,
457356,3. ChessGeeks-Winter-Special A-Turnier ,2026-02-13,40,15,Rödinghausen-Bruchmühlen
1352624,Olimpiada Nacional 2026. Etapa Estatal GTO 17 - 20 Fem,2026-02-14,30,30,
1352626,DELIMA CHESS DAY WITH dr. GAMAL #4 ,2026-02-13,10,3,"DELIMA HOUSE JL JOYO SUKO NOMOR 1, MERJOSARI, KOTA MALANG"
1352627,3. ChessGeeks-Winter-Special B-Turnier ,2026-02-13,40,15,Rödinghausen-Bruchmühlen
1352629,BROTHERS CHESS TOURNAMENT 2026 ,2026-02-14,15,3,Central Stadium Trivandrum
1352630,Pospešeni turnir ŠD KRKA Novo mesto 3/2026 ,2026-02-13,10,5,Novo mesto
1352628,Victory Chess Club - Victory North - February 21-22 - Classical - Under 1300 ,2026-02-21,60,30,"Etobicoke Olympium, 590 Rathburn Rd. Etobicoke, ON, M9C 3T3 Canada"
1352631,XII multitorneo Ostiralak II 13022026 ,2026-02-13,,0,DONOSTIA
1352632,"SFS School, Kelambakkam TN State Level Children's and Open Chess Tournament - Under 07 Open",2026-02-14,20,0,"SFS School, Vandalur Road,Kelambakkam, Chennai - 603103"
1352838,TORNEO DE ENTRENAMIENTO GRUPO BÁSICO/INTERMEDIO 4:00 - 5:30 P.M. GRUPO II ,2026-01-16,,0,
1352633,2025-2026 HIZLI SATRANÇ ZONGULDAK İL BİRİNCİLİĞİ Açık Kategori (2019 ve Önceki Yıllarda Doğan Sporcular),2026-02-14,15,10,İbrahim Fikri Anıl Ortaokulu
1352634,"SFS School, Kelambakkam TN State Level Children's and Open Chess Tournament - Under 09 Open",2026-02-14,20,0,"SFS School, Vandalur Road,Kelambakkam, Chennai - 603103"
1352635,"SFS School, Kelambakkam TN State Level Children's and Open Chess Tournament - Under 12 Boys",2026-02-14,20,0,"SFS School, Vandalur Road,Kelambakkam, Chennai - 603103"
1352637,"SFS School, Kelambakkam TN State Level Children's and Open Chess Tournament - Open",2026-02-14,20,0,"SFS School, Vandalur Road,Kelambakkam, Chennai - 603103"
1352638,THE ROYAL CLASH CHESS TOURNAMENT 2026- U8 Open ,2026-02-14,25,0,"Diamond Junior School, Banque Villa"
1352636,"SFS School, Kelambakkam TN State Level Children's and Open Chess Tournament - Under 15 Open",2026-02-14,20,0,"SFS School, Vandalur Road,Kelambakkam, Chennai - 603103"
1352639,"SFS School, Kelambakkam TN State Level Children's and Open Chess Tournament - Under 12 Girls",2026-02-14,20,0,"SFS School, Vandalur Road,Kelambakkam, Chennai - 603103"
1352640,II Wielkanocny Klasyk w ZSO ze Słupską Akademią Szachową - Grupa A zach min 1800 - Mała norma na I i k - Zgłoszony do FIDE,2026-03-28,60,30,Słupsk
466564,День Защитника Отечества.    Турнир А,2026-02-21,55,0,Уфа
1352642,Torneo Club de Ajedrez Lota- Inicio de Actividades 2026 ,2026-02-08,10,2,"Colegio de Profesores, Pedro Aguirre Cerda 190, Lota"
1352643,THE ROYAL CLASH CHESS TOURNAMENT 2026 - U8 Girls ,2026-02-14,25,0,"Diamond Junior School, Banque Villa"
1352644,THE ROYAL CLASH CHESS TOURNAMENT 2026 - U10 Open ,2026-02-14,25,0,"Diamond Junior School, Banque Villa"
1352645,THE ROYAL CLASH CHESS TOURNAMENT 2026 - U10 Girls ,2026-02-14,25,0,"Diamond Junior School, Banque Villa"
1352646,THE ROYAL CLASH CHESS TOURNAMENT 2026 - U12 Open ,2026-02-14,25,0,"Diamond Junior School, Banque Villa"
1352647,3. hitropotezni turnir ŠK Kolektor Idrija  ,2026-02-13,10,0,
1352651,THE ROYAL CLASH CHESS TOURNAMENT 2026 - U14 Girls ,2026-02-14,25,0,"Diamond Junior School, Banque Villa"
1352648,THE ROYAL CLASH CHESS TOURNAMENT 2026 - U12 Girls ,2026-02-14,25,0,"Diamond Junior School, Banque Villa"
1352649,THE ROYAL CLASH CHESS TOURNAMENT 2026 - U14 Open ,2026-02-14,25,0,"Diamond Junior School, Banque Villa"
1352650,TÜRKİYE KADINLAR SATRANÇ TEKİRDAĞ İL BİRİNCİLİĞİ ,2026-02-14,45,30,ÇORLU ÇOK AMAÇLI SPOR SALONU
1352652,THE ROYAL CLASH CHESS TOURNAMENT 2026 - U16 & U18 Open ,2026-02-14,25,0,"Diamond Junior School, Banque Villa"
1352656,День Защитника Отечества.    Турнир Б,2026-02-21,55,0,Уфа
1352657,TORNEO GINGERS COFFEE PEON DE DAMA. ,2026-02-13,,0,Veracruz
1352659,TED BANDIRMA KOLEJİ 2. SATRANÇ TURNUVASI (7 YAŞ),2026-02-14,35,30,TED BANDIRMA KOLEJİ KAMPÜSÜ
1352660,TED BANDIRMA KOLEJİ 2. SATRANÇ TURNUVASI (8 YAŞ),2026-02-14,35,30,TED BANDIRMA KOLEJİ KAMPÜSÜ
1352661,TED BANDIRMA KOLEJİ 2. SATRANÇ TURNUVASI (9 YAŞ),2026-02-14,35,30,TED BANDIRMA KOLEJİ KAMPÜSÜ
1352662,THE ROYAL CLASH CHESS TOURNAMENT 2026 - U16 & U18 Girls ,2026-02-14,25,0,"Diamond Junior School, Banque Villa"
1352664,TED BANDIRMA KOLEJİ 2. SATRANÇ TURNUVASI (14 YAŞ),2026-02-14,35,30,TED BANDIRMA KOLEJİ KAMPÜSÜ
1352663,TED BANDIRMA KOLEJİ 2. SATRANÇ TURNUVASI (10 YAŞ),2026-02-14,35,30,TED BANDIRMA KOLEJİ KAMPÜSÜ
1352666,Первенство Куйбышевской железной дороги по шахматам. Мужчины. ,2026-02-14,10,5,"г.о. Самара, ул. Льва Толстого 94."
1352668,The GRANDMASTER RUMBLE in Nyahururu Under 16 Open,2026-02-14,25,0,
1352671,BPCC ,2026-02-14,,0,BPCC
1352678,Gilan Standard  Cup (Esfand1404)  ,2026-02-20,60,0,Rasht
1352680,XVIII Спартакиада федеральных органов государственной власти Российской Федераци Мужчины,2026-02-14,10,5,
1352681,Klasifikacijas turnirs RVKG iesacejiem 27.-28.01.2026. ,2026-01-27,,0,Rīga
1352679,The GRANDMASTER RUMBLE in Nyahururu Under 12 Open,2026-02-14,25,0,
1352682,Klasifikacijas turnirs RVKG 4.sp.kl. 29.-30.01.2026. ,2026-01-29,,0,Rīga
1352683,RVKĢ Klasifikācijas turnīrs 3.sp.kl. 03.-04.02.2026 ,2026-02-03,,0,Rīga
1352684,Šk Crikvenica-klupski kadetski turnir-OŽUJ 2026 ,2026-03-20,10,5,Crikvenica
451830,Kiryat Ono Winter 2025/26 B ,2025-12-03,90,30,Kiryat Ono
1352686,"Сад је време шаха и разоноде бр 2-2026, Калча 15.02.2026 од 12:00 ",2026-02-15,15,0,Ниш
1352693,Первенство Куйбышевской железной дороги по шахматам. Женщины. ,2026-02-14,10,5,"г.о. Самара, ул. Льва Толстого 94"
1352694,SBDCA TRIAL 4  U14O ,2026-02-14,60,2,JEFFREYS BAY
1352695,Lliga Club d'Escacs Calp 2026 ,2026-02-13,5,3,Calp
1352696,1. ročník Přeboru 4.ZŠ Mladá Boleslav ,2026-02-16,7,3,4.ZŠ Mladá Boleslav
1352697,St. Bakhita Junior Youth FIDE Rated Chess Championship 2026 - Under 6  ,2026-02-14,25,0,"St.Bakhita School, Sabaki located off Mombasa Road, Highway in Pridelands"
1352698,Baharestan Rapid Weekly 1404/11/24 ,2026-02-13,10,0,"Salehiye, Baharestan, Tehran"
1352699,SBDCA TRIAL 4 Open ,2026-02-14,60,2,JEFFREYS BAY
1352701,2025-2026 ÖĞRETİM YILI OKULLAR ARASI MAHALLİ ERZİNCAN YILDIZLARSATRANÇ YARIŞMASI YILDIZLAR GENEL,2026-02-14,45,30,ERZİNCAN 13 ŞUBAT ŞEHİR STADYUMU
1352702,SBDCA TRIAL 4 U12 ,2026-02-14,60,2,JEFFREYS BAY
1352700,"Рапид турнир по шахматам среди 3-го и 4-го разрядов. 14 февраля 2026 г.  ОЦ “HARVARD”, ул.Уранхаева 28, г.Семей",2026-02-14,10,2,г.Семей
1352703,2025-2026 ÖĞRETİM YILI OKULLAR ARASI MAHALLİ ERZİNCAN YILDIZLARSATRANÇ YARIŞMASI YILDIZLAR KIZLAR,2026-02-14,45,30,ERZİNCAN 13 ŞUBAT ŞEHİR STADYUMU
1352704,Zonal escolar lasarte sub 14 ,2026-02-13,,0,
1352706,IVB Novi sad Drugi razredi,2026-02-13,10,0,Novi Sad
1352708,Полуфинал Sliven Masters - ЗИМА ,2026-02-13,60,30,Сливен
465771,CHESS POINT SATRANÇ SPOR KULÜBÜ SEVGİLİLER GÜNÜ 13. SATRANÇ TURNUVASI A KATEGORİSİ,2026-02-14,60,30,Torium AVM 4. Kat Satranç Salonu - Esenyurt
1352711,CHESS POINT SATRANÇ SPOR KULÜBÜ SEVGİLİLER GÜNÜ 13. SATRANÇ TURNUVASI B KATEGORİSİ,2026-02-14,60,30,Torium AVM 4. Kat Satranç Salonu - Esenyurt
1352712,"3. OTVORENI BRZOPOTEZNI TURNIR ""PODRŽAJKA - DVOSTRUKA PODRŽAJKA""   = Rijeka, Šahovski dom, 21.02.2026.",2026-02-21,5,0,"Šahovski dom, Rijeka, B. Polića 2/2"
1352713,بطولة المحلة الودية المجانية 13للشطرنج الخاطف13-2-2026 ,2026-02-13,5,3,
1352714,Torneio Clássico de Xadrez Feminino CXW - Troféu WIM Regina Ribeiro ,2026-03-07,60,0,Instituto Federal de Mato Grosso – Campus Bela Vista
1352715,Olimpiada Nacional 2026. Etapa Estatal GTO 13 - 16 Var,2026-02-14,30,30,
1352718,"1er Torneo de Ajedrez Escolar ""Alexander Von Humboldt"" - Zapallal SUB 12 Informes: 981-159-275  - Sábado 21 de febrero del 2026 Hora: 10:00 a.m.",2026-02-21,10,0,  Av. Las Magnolias. s/n Mz. A  - Lote 1 y 2. Zapallal
1352719,II Torneo de Rápidas de Febrero La Zubia 2026 ,2026-02-13,5,2,La Zubia
1352721,USS CHESS SCHOOL OPEN ,2026-02-15,10,2,Jizzakh
1352724,XXI. Kerületi Diákolimpia II. Korcsoport Fiú ,2025-02-12,10,0,
1352725,SBDCA TRIAL 4 U16 &U18 ,2026-02-14,60,2,JEFFREYS BAY
1352726,XXI. Kerületi Diákolimpia I. Korcsoport Fiú ,2025-02-12,10,0,
1352727,Cape Winelands Schools - Primary Schools Trials 1 U11 Girls,2026-02-14,45,15,"Ceres Secondary School, Ceres"
1352728,SBDCA TRIAL 4  U14G ,2026-02-14,60,2,JEFFREYS BAY
1352730,X TORNEO DE CARNAVAL 2026 SUB-10 ,2026-02-14,15,3,Zaragoza
1352729,TORNEO BLITZ AREQUIPA ,2026-02-13,,0,
1352731,Ekurhuleni 1st Standard Tournament 2026 - Section D ,2026-02-14,55,5,NG Kerk Witfield
1352732,Турнир посвящённый Дню Всех Влюблённых Турнир F,2026-02-15,10,5,"г. Оренбург, Нежинское ш., 2а (ТРЦ Армада 2)"
1352733,Орлёнок 2026 блиц ,2026-02-12,3,2,"Туапсинский округ, ВДЦ Орленок"
1352734,Cape Winelands Schools - Primary Schools Trials 1 U9 Boys,2026-02-14,45,15,"Ceres Secondary School, Ceres"
1352735,Cape Winelands Schools - Primary Schools Trials 1 U11 Boys,2026-02-14,45,15,"Ceres Secondary School, Ceres"
1352736,Cape Winelands Schools - Primary Schools Trials 1 U13 Boys,2026-02-14,45,15,"Ceres Secondary School, Ceres"
1352737,Olimpiada Nacional 2026. Etapa Estatal GTO 13 - 16 Fem,2026-02-14,30,30,
1352739,2026 Coventry Open ,2026-02-14,80,10,Coventry
1352740,2026 Coventry Open Major,2026-02-14,80,10,Coventry
1352741,2026 Coventry Open Inter,2026-02-14,80,10,Coventry
1352742,2026 Coventry Open Minor,2026-02-14,80,10,Coventry
1352743,2026 Coventry Open Under 1000 Rapid,2026-02-14,15,10,Coventry
1352745,Адай Ата- Отпан Тау ,2026-02-15,10,5,Актау
1352746,Olimpiada Nacional 2026. Etapa Estatal GTO Sub 12 Var,2026-02-14,30,30,
1352747,HIZLI SATRANÇ DENİZLİ İL BİRİNCİLİĞİ AÇIK KATEGORİ ( 2019 ve önceki yıllarda doğan sporcular ),2026-02-14,15,10,PAMUKKALE SATRANÇ TURNUVA SALONU
1352750,XXI. Kerületi Diákolimpia V. Korcsoport Fiú ,2025-02-12,10,0,
1352748,Чемпионат Республики Коми 2026 Командный турнир,2026-02-14,15,10,Сыктывкар
1352751,XXI. Kerületi Diákolimpia III. Korcsoport Fiú ,2025-02-12,10,0,
1352752,XXI. Kerületi Diákolimpia IV. Korcsoport Fiú ,2025-02-12,10,0,
1352753,XXI. Kerületi Diákolimpia I. Korcsoport Lány ,2025-02-12,10,0,
1352754,XXI. Kerületi Diákolimpia II. Korcsoport Lány ,2025-02-12,10,0,
1352757,İSTANBUL OKUL SPORLARI 2. BÖLGE SATRANÇ TURNUVASI KÜÇÜKLER GENEL KATEGORİSİ (2014-2015 DOĞUMLU SPORCULAR),2026-02-14,45,30,SABRİ ÜLKER ANADOLU İMAM HATİP LİSESİ - SULTANGAZİ
1352759,İSTANBUL OKUL SPORLARI 2. BÖLGE SATRANÇ TURNUVASI YILDIZLAR GENEL KATEGORİSİ (2011-2012-2013 DOĞUMLU SPORCULAR),2026-02-14,45,30,SABRİ ÜLKER ANADOLU İMAM HATİP LİSESİ - SULTANGAZİ
1352760,TÜRKİYE KADINLAR SATRANÇ MANİSA İL BİRİNCİLİĞİ ,2026-02-14,45,30,MANİSA GEDİZ SATRANÇ SALONU
1352761,Torneo Asociación Italiana “Gran Maestro Carlos Horacio García Palermo”  ,2026-03-06,60,30,"Asociación Italiana de General Pico, La Pampa"
1352763,Cork Chess Club Evans Gambit Rapid ,2026-02-13,,0,
1352766,18. klubový rapid ,2026-02-13,14,5,Dobrovice
1352765,Гроссмейстерская лига ,2026-02-14,15,10,сыктывкар
1352768,"Чемпионат АО ""ГосМКБ ""Радуга"" ",2026-02-15,8,3,"Дубна, Московская область"
1352770,"II Torneo de Ajedrez Blitz ""San Valentin"" ",2026-02-13,5,3,"Jr. Del Comercio 712, Cajamarca"
1352771,Interne Gusenburger Schnellschachmeister ,2026-02-13,,0,Gusenburg
469119,IRT MEMORIAL GARCIA & HILDA ROSAS ,2026-04-18,60,0,"Clube Xadrez Carioca - Westshopping - Est do Mendanha, 555 - Campo Grande - RJ"
1352773,The Royal Showdown Chess Championship - 2026 -    Under 07 Boys (2020 & 2019),2026-02-15,45,0,Sri Nissanka Vidyalaya - Kurunegala
1352774,The Royal Showdown Chess Championship - 2026 -    Under 07 Girls (2020 & 2019),2026-02-15,45,0,Sri Nissanka Vidyalaya - Kurunegala
1352775,The Royal Showdown Chess Championship - 2026 -    Under 08 Boys (2018),2026-02-15,45,0,Sri Nissanka Vidyalaya - Kurunegala
1352776,The Royal Showdown Chess Championship - 2026 -    Under 08 Girls (2018),2026-02-15,45,0,Sri Nissanka Vidyalaya - Kurunegala
1352892,Havelland GP 25/26 ,2026-02-13,,0,Falkensee
1352777,The Royal Showdown Chess Championship - 2026 -    Under 09 Boys (2017),2026-02-15,45,0,Sri Nissanka Vidyalaya - Kurunegala
1352778,The Royal Showdown Chess Championship - 2026 -    Under 09 Girls (2017),2026-02-15,45,0,Sri Nissanka Vidyalaya - Kurunegala
1352779,The Royal Showdown Chess Championship - 2026 -    Under 11 Boys (2016 & 2015),2026-02-15,45,0,Sri Nissanka Vidyalaya - Kurunegala
1352780,The Royal Showdown Chess Championship - 2026 -    Under 11 Girls (2016 & 2015),2026-02-15,45,0,Sri Nissanka Vidyalaya - Kurunegala
1352781,The Royal Showdown Chess Championship - 2026 -    Under 13 Boys (2014 & 2013),2026-02-15,45,0,Sri Nissanka Vidyalaya - Kurunegala
1352782,The Royal Showdown Chess Championship - 2026 -    Under 13 Girls (2014 & 2013),2026-02-15,45,0,Sri Nissanka Vidyalaya - Kurunegala
1352783,BRZOPOTEZNI TURNIR FEBRUAR 2026 BAČKA PALANKA ,2026-02-21,5,3,BACKA PALANKA
1352785,XXI. Kerületi Diákolimpia VI. Korcsoport Fiú ,2025-02-12,10,0,
1352784,I ABF KIDS (Unrated) - U10-18 ,2026-02-13,10,3,Academia de Ajedrez Bobby Fischer
1352786,2-BLITZ-2026-SEXTA ,2026-02-06,,0,
1352787,XVIII Спартакиада федеральных органов государственной власти Российской Федераци Женщины,2026-02-14,10,5,
1352788,XXI. Kerületi Diákolimpia III. Korcsoport Lány ,2025-02-12,10,0,
1352790,XXI. Kerületi Diákolimpia V. Korcsoport Lány ,2025-02-12,10,0,
462130,5. Int. Baden-Badener Faschingsopen A ,2026-02-13,90,30,Baden-Baden
1352791,Olimpiada Nacional 2026. Etapa Estatal GTO Sub 12 Fem,2026-02-14,30,30,
1352792,CIRCUITO RO - RÁPIDO  FRX,2026-02-14,10,5,PORTO VELHO SHOPPING -  FEDERAÇÃO RONDONIENSE DE XADREZ
462131,5. Int. Baden-Badener Faschingsopen B ,2026-02-13,90,30,Baden-Baden
1352795,XXI. Kerületi Diákolimpia I. Korcsoport Fiú ,2026-02-12,10,0,
1352796,XXI. Kerületi Diákolimpia II. Korcsoport Fiú ,2026-02-12,10,0,
1352798,XXI. Kerületi Diákolimpia IV. Korcsoport Fiú ,2026-02-12,10,0,
1352797,XXI. Kerületi Diákolimpia III. Korcsoport Fiú ,2026-02-12,10,0,
1352800,День защитника Отечества Высшая лига ,2026-02-16,60,30,"Абакан, РШД, Пушкина, 99а"
1352801,День защитника Отечества Первая лига ,2026-02-16,60,30,"Абакан, РШД, Пушкина, 99а"
1352802,XXI. Kerületi Diákolimpia V. Korcsoport Fiú ,2026-02-12,10,0,
1352803,"15.02.2026, ""ШАХОВА ШКОЛА"" НА СОЛОМ'ЯНЦІ Кваліфікаційний турнір 4 розряду та безрозрядників. СОЛОМ'ЯНКА.",2026-02-15,10,5,"Київ, вул. Солом'янська 3"
1352804,XXI. Kerületi Diákolimpia VI. Korcsoport Fiú ,2026-02-12,10,0,
1352805,"AJEDREZ CARPE DIEM, TORNEO ABIERTO BLITZ DE LOS VIERNES 13-2-26  20.30HS. VIERNES 13 de febrero de 2026 5 MIN + 3 SEG, Arias 4745 Saavedra CABA 1523733769",2026-02-13,5,0,"Arias 4745 Saavedra, CABA"
1352806,XXI. Kerületi Diákolimpia I. Korcsoport Lány ,2026-02-12,10,0,
1352807,XXI. Kerületi Diákolimpia II. Korcsoport Lány ,2026-02-12,10,0,
1352808,XXI. Kerületi Diákolimpia III. Korcsoport Lány ,2026-02-12,10,0,
1352811,VIERNES DE BLITZ ,2026-02-13,3,0,Quito
1352810,"21.02.2026, Турнір ""Для БАТЬКІВ та ЛЮБИТЕЛІВ"". ""ШАХОВА ШКОЛА"" ОБОЛОНЬ. ТРЦ ДРІМ",2026-02-21,10,5,"Київ, Пр-т Оболонський, 21-б, ТРЦ DREAM berry"
1352812,TORNEIO XADRECA 2026 1.0 / RPD 17 KO / 6 ROUNDS / USP - 01/03 DOMINGO ,2026-03-01,17,0,"Local: CEPEUSP - Praça Professor Rubião Meira, 61 - Vila Universitária, São Paul"
1352813,5. Int. Baden-Badener Faschingsopen C ,2026-02-13,90,30,Baden-Baden
1352814,mangadza tournament ,2026-02-13,15,0,seke
1352815,Carnevale960 Tre Valli 2026 ,2026-02-13,7,3,Biasca
1352817,Kwalificatie Nationale Kampioenschappen 2026 ,2026-02-13,90,0,Denksportcentrum
1352818,Campeonato Regional Impar Blitz Centro Huancayo 2026 U07 Absoluto,2026-02-13,3,2,Colegio Santa Isabel 
1352820,Campeonato Regional Impar Blitz Centro Huancayo 2026 U09 Absoluto,2026-02-13,3,2,Colegio Santa Isabel 
1352821,"21.02.2026, ""ШАХОВА ШКОЛА"" ОБОЛОНЬ Кваліфікаційний турнір 4 розряду та безрозрядників. ТРЦ ДРІМ",2026-02-21,10,5,"Київ, Пр-т Оболонський, 21-б, ТРЦ DREAM berry"
1352819,SC Kreuzberg Schach960 Februar 2026 ,2026-02-13,10,5,Berlin
1352822,I Torneo por equipos San Prudencio-Marianistas (CVA) ,2026-04-26,3,2,Colegio Santa María - Marianistas Vitoria Gasteiz
1352824,Campeonato Regional Impar Blitz Centro Huancayo 2026 U11 Absoluto,2026-02-13,3,2,Colegio Santa Isabel 
1352825,Campeonato Regional Impar Blitz Centro Huancayo 2026 U13 Absoluto,2026-02-13,3,2,Colegio Santa Isabel 
469280,CXA EXPERIENCE - IRT STD 60+30 / 7 RODADAS / 16 A 21/04 MOOCA - SÃO PAULO/SP ,2026-04-16,60,30,"Rua Tobias Barreto, 454 - Mooca – São Paulo - SP (20 minutos a pé do metrô Belém"
1352826,CXA EXPERIENCE - PRATA STD 60+30 / 6 RODADAS / 16 A 21/04 MOOCA - SÃO PAULO/SP ,2026-04-16,60,30,"Rua Tobias Barreto, 454 - Mooca – São Paulo - SP (20 minutos a pé do metrô Belém"
1352827,Campeonato Regional Impar Blitz Centro Huancayo 2026 U15 Absoluto,2026-02-13,3,2,Colegio Santa Isabel 
1352829,Campeonato Regional Impar Blitz Centro Huancayo 2026 U17 Absoluto,2026-02-13,3,2,Colegio Santa Isabel 
1352830,12. Tallinna MK kiirturniiride sari KEVAD`2026 STOKKERi auhindadele III etapp A ,2026-02-13,15,3,Vene 29
461365,Momchilgrad Classics 13-15 March 2026,2026-03-13,60,30,"Спортен Комплекс ,,Наим Сюлейманоглу"" , гр.Момчилград"
1352833,12. Tallinna MK kiirturniiride sari KEVAD`2026 STOKKERi auhindadele III etapp C ,2026-02-13,15,3,Vene 29
1352832,12. Tallinna MK kiirturniiride sari KEVAD`2026 STOKKERi auhindadele III etapp B ,2026-02-13,15,3,Vene 29
471332,CXA EXPERIENCE - IRT RPD 12+3 / 6 RODADAS / 19/04 DOMINGO - MOOCA - SÃO PAULO/SP ,2026-04-19,12,3,"Rua Tobias Barreto, 454 - Mooca – São Paulo - SP (20 minutos a pé do metrô Belém"
1352836,CXA EXPERIENCE - PRATA RPD 12+3 / 6 RODADAS / 19/04 DOMINGO - MOOCA - SÃO PAULO ,2026-04-19,12,3,"Rua Tobias Barreto, 454 - Mooca – São Paulo - SP (20 minutos a pé do metrô Belém"
1352839,CXA EXPERIENCE - RPD 12+3 / 6 RODADAS / BENEFICENTE 18/04 SÁBADO - SÃO PAULO ,2026-04-18,12,3,"Rua Tobias Barreto, 454 - Mooca – São Paulo - SP (20 minutos a pé do metrô Belém"
466658,1st Pak-Kaz International Chess Academy Rapid Chess Tournament  ,2026-02-15,15,0,Islamabad
1352841,LSV Lübeck Schnell 13Feb26 ,2026-02-13,,0,
473163,CXA EXPERIENCE - IRT RPD FEMININO 12+3 / 5 RODADAS / 21/04 TERÇA - SÃO PAULO/SP ,2026-04-21,12,3,"Rua Tobias Barreto, 454 - Mooca – São Paulo - SP (20 minutos a pé do metrô Belém"
1352843,I Copa Piezas Unidas ,2026-02-13,3,0,"Casa Cultural, Municipio Guanta, Estado Anzoategui."
1352844,Torneo Aniversario Categoría Infantil menor Plaza de Ajedrez El Carmen,2026-02-14,15,5,San Cristóbal de Las Casas
472434,CXA EXPERIENCE - IRT RPD TRIOS 12+3 / 6 RODADAS / 19/04 DOMINGO - SÃO PAULO/SP ,2026-04-19,12,3,"Rua Tobias Barreto, 454 - Mooca – São Paulo - SP (20 minutos a pé do metrô Belém"
1352847,"ШШК ""Октябрьский"" 13.02.2026 ",2026-02-13,3,2,Москва
1352848,Vivekananda Chess League - Thiruvallur District Level Chess Tournament 2026 - Category A (Under 10),2026-02-14,20,0,"Vivekananda Matric Hr. Sec. School, Arignar Anna Nagar, Redhills, Ch-52."
1352849,Torneo Club Cousino Feb 2026 Sub 1800 ,2026-02-13,10,0,Viña del Mar
1352850,Vivekananda Chess League - Thiruvallur District Level Chess Tournament 2026 - Category B (Under 14),2026-02-14,20,0,"Vivekananda Matric Hr. Sec. School, Arignar Anna Nagar, Redhills, Ch-52."
1352851,Vivekananda Chess League - Thiruvallur District Level Chess Tournament 2026 - Category C (Under 18),2026-02-14,20,0,"Vivekananda Matric Hr. Sec. School, Arignar Anna Nagar, Redhills, Ch-52."
471882,CXA EXPERIENCE - IRT RPD ESCOLAR 12+3 / ATÉ 10 ANOS / 20/04 SEGUNDA - SÃO PAULO ,2026-04-20,12,3,"Rua Tobias Barreto, 454 - Mooca – São Paulo - SP (20 minutos a pé do metrô Belém"
1352853,Torneo de ajedrez escolar de Piélagos Sub 10,2026-02-22,10,0,"https://www.google.es/maps/place/Colegio+Concertado+Antonio+Robinet/@43.3577731,"
466068,1st Palestinian Wiam Tournament 2026 ,2026-02-14,10,2,Wi`am center - Bethlehem
471447,CXA EXPERIENCE - IRT RPD ESCOLAR 12+3 / 11 A 14 ANOS / 20/04 SEGUNDA - SÃO PAULO ,2026-04-20,12,3,"Rua Tobias Barreto, 454 - Mooca – São Paulo - SP (20 minutos a pé do metrô Belém"
471456,CXA EXPERIENCE - IRT RPD ESCOLAR 12+3 / 15 A 18 ANOS / 20/04 SEGUNDA - SÃO PAULO ,2026-04-20,12,3,"Rua Tobias Barreto, 454 - Mooca – São Paulo - SP (20 minutos a pé do metrô Belém"
1352858,SBDCA TRIAL 4 U8/U10 ,2026-02-14,60,2,JEFFREYS BAY
468867,CXA EXPERIENCE - IRT BLITZ 3+2 / 9 RODADAS / 20/04 SEGUNDA-MOOCA - SÃO PAULO/SP ,2026-04-20,12,3,"Rua Tobias Barreto, 454 - Mooca – São Paulo - SP (20 minutos a pé do metrô Belém"
1352860,II Obert Obertura Catalana  ,2026-03-13,90,30,C/Ros de Olano 9 Barcelona
1352861,Torneo de ajedrez escolar de Piélagos Sub 12,2026-02-22,10,0,"https://www.google.es/maps/place/Colegio+Concertado+Antonio+Robinet/@43.3577731,"
1352862,Torneio SUCAÇAÍ 13fev2026 ,2026-02-13,3,2,
1352863,Torneo de ajedrez escolar de Piélagos Sub 14,2026-02-22,10,0,"https://www.google.es/maps/place/Colegio+Concertado+Antonio+Robinet/@43.3577731,"
1352864,AJEDREZ MARTELLI IRT Blitz Febrero ,2026-02-20,3,0,Laprida 3837 Villa Martelli
1352865,1ST LINASAN CHESS FESTIVAL  13 YEARS OLD AND BELOW BOYS,2026-02-14,20,0,BRGY. TACULING FOREST PARK
1352866,Турнір Б: Відкрита першість Славської громади з шахів серед школярів 15.02. 2026р.,2026-02-13,10,5,Славсько
1352867,Турнір А: Відкрита першість Славської громади з шахів серед школярів   15.02.2026 р.,2026-02-15,10,5,Славсько
1352868,1ST LINASAN CHESS FESTIVAL  13 YEARS OLD AND BELOW GIRLS,2026-02-14,20,0,BRGY. TACULING FOREST PARK
1352869,Torneio Rondon- Abel ,2026-02-13,,0,
1352870,TRAINING CENTER TOURNAMEN KOTA MADIUN ,2026-02-14,30,0,KOTA MADIUN
1352872,UPPER WEST COAST SCHOOLS PRESTIGE INDIVIDUALS CHAMPIONSHIPS 2026 U09 Boys,2026-02-14,25,5,Nouveau Kollege Klawer
1352876,TURNAMEN CATUR KELUTAN BERSATU TRENGGALEK 2026 KATEGORI SD ATAS ,2026-02-15,15,2,BALAIDESA KELUTAN TRENGGALEK
459609,Mini Open RAPID FIDE CXSP 2026 7a Etapa  CBX - 9777/26  Fide - 459609,2026-02-13,10,3,Rua Araujo 154 3º andar São Paulo 
1352873,TUNAMEN CATUR KELUTAN BERSATU CUP TRENGGALEK 2026 KELOMPOK SD BAWAH ,2026-02-15,15,2,BALAIDESA KELUTAN TRENGGALEK
1352875,UPPER WEST COAST SCHOOLS PRESTIGE INDIVIDUALS CHAMPIONSHIPS 2026 U09 Girls,2026-02-14,25,5,Nouveau Kollege Klawer
1352877,UPPER WEST COAST SCHOOLS PRESTIGE INDIVIDUALS CHAMPIONSHIPS 2026 U11 Boys,2026-02-14,25,5,Nouveau Kollege Klawer
1352878,TURNAMEN CATUR KELUTAN BERSATU CUP TRENGALEK 2026 KATEGORI SMP/MTS,2026-02-15,15,2,BALAIDESA KELUTAN TRENGGALEK
1352879,TÜRKİYE KADINLAR SATRANÇ EDİRNE BİRİNCİLİĞİ ,2026-02-14,35,30,EDİRNE GSİM GENÇLİK MERKEZİ
1352880,UPPER WEST COAST SCHOOLS PRESTIGE INDIVIDUALS CHAMPIONSHIPS 2026 U11 Girls,2026-02-14,25,5,Nouveau Kollege Klawer
1352881,86° Tarde de Club del Círculo Toluqueño de Ajedrez ,2026-02-13,5,0,Toluca de Lerdo
1352884,UPPER WEST COAST SCHOOLS PRESTIGE INDIVIDUALS CHAMPIONSHIPS 2026 U13 Girls,2026-02-14,25,5,Nouveau Kollege Klawer
1352885,День Валентина Шептицький-2026 (початківці) ,2026-02-14,10,5,"м.Шептицький (вул.Миру, 5)"
1352882,TURNAMEN CATUR KELUTAN BERSATU CUP TRENGGALEK 2026 KATEGORI SMA/MA/SMK,2026-02-15,15,2,BALAIDESA KELUTAN TRENGGALEK
1352886,UPPER WEST COAST SCHOOLS PRESTIGE INDIVIDUALS CHAMPIONSHIPS 2026 U15 Boys,2026-02-14,25,5,Nouveau Kollege Klawer
1352883,UPPER WEST COAST SCHOOLS PRESTIGE INDIVIDUALS CHAMPIONSHIPS 2026 U13 Boys,2026-02-14,25,5,Nouveau Kollege Klawer
1352887,UPPER WEST COAST SCHOOLS PRESTIGE INDIVIDUALS CHAMPIONSHIPS 2026 U15 Girls,2026-02-14,25,5,Nouveau Kollege Klawer
1352888,UPPER WEST COAST SCHOOLS PRESTIGE INDIVIDUALS CHAMPIONSHIPS 2026 U18 Boys,2026-02-14,25,5,Nouveau Kollege Klawer
1352889,UPPER WEST COAST SCHOOLS PRESTIGE INDIVIDUALS CHAMPIONSHIPS 2026 U18 Girls,2026-02-14,25,5,Nouveau Kollege Klawer
1352890,UPPER WEST COAST SCHOOLS PRESTIGE INDIVIDUALS CHAMPIONSHIPS 2026 U20 Combined,2026-02-14,25,5,Nouveau Kollege Klawer
1352893,III TORNEO CERRADO PEONES GUERREROS - LOS OLIVOS ,2026-02-13,10,0,CLUB DE  AJEDREZ PEONES GUERREROS 
1352891,Havelland GP 25/26 Winterturnier u12 ,2025-10-01,,0,Falkensee
1352895,Blitz AXJ -  Início dos treinos 2026 ,2026-02-13,3,0,Joaçaba - SC
1352897,ONSS Sah etapa Vrancea 2026 - Clasele V-VIII Baieti ,2026-03-14,10,2,"Focsani, Școala Gimnazială Anghel Saligny"
1352898,ONSS Sah etapa Vrancea 2026 - Clasele V-VIII Fete ,2026-03-14,10,2,"Focsani, Școala Gimnazială Anghel Saligny"
1352896,2026_malatya_turkiye_gencler_satranc_malatya_birinciligi_sm_dosyasi ,2026-02-14,45,30,MALATYA GSİM SATRANÇ MERKEZİ
1352899,ONSS Sah etapa Vrancea 2026 - Clasele IX-XIII Baieti ,2026-03-14,10,2,"Focsani, Școala Gimnazială Anghel Saligny"
1352901,PRÓ XADREZ | Clube de Xadrez da Grande Florianópolis Blitz 5+3 13/02/2026,2026-02-13,5,3,Clube Atlético 6 de Janeiro
1352900,ONSS Sah etapa Vrancea 2026 - Clasele IX-XIII Fete ,2026-03-14,10,2,"Focsani, Școala Gimnazială Anghel Saligny"
1352908,III TORNEIO DE XADREZ PEÃO VALENTE - REGIÃO BR 222 ,2026-02-28,15,6,BALNEÁRIO BÚZIOS (Rio do Zé Dimas) - bairro Reserva do Bosque - Rondon do Pará -
1352914,XXVII Jose Raul Capablanca / 14.02.2026 / Sede del Partido Socialista / 6ta Fecha del XXXI PRIX Daniel Ricardo Medina 2026,2026-02-14,10,5,Moreno 3340
1352923,DGEST Etapa Final Femenil,2026-02-16,15,0,Centro Cultural Futurama. Sala de Ajedrez GAM. 
1352924,2026 Chess4Win Friday Flash CYCC Qualifier - Feb 13 - U08/10/12 ,2026-02-13,10,5,"730 Cochrane Dr #1, Markham, ON"
1352926,Сертолово. День Валентина. 1 юн и 3 разряды.  ,2026-02-14,30,30,Сертолово
1352925,VI TORNEO DE ENTRENAMIENTO BASICO CHESSTRA ,2026-02-06,10,0,Academia Chesstra
1352927,1er Torneo Abierto en Cafe Maura / 15.02.2026 /  Organizado en conjunto con La Dama Perdida,2026-02-15,10,5,Belgrano 2472
1352928,Rapid Royale ,2026-02-13,15,10,
1352929,I Abierto Ferlonichess Shopping Zuni,2026-02-14,30,30,
1352932,День Валентина Шептицький-2026 (4розряд) ,2026-02-14,10,5,"м.Шептицький (вул.Миру, 5)"
1352933,"PRIMER SELECTIVO AAVC, 2026 ",2026-02-20,90,30,Asociación de Ajedrez Villa Constitución (Salta 216)
1352937,TURNAMEN CATUR KABUPATEN MERANGIN PJ PASARIBU CUP 2026 KATEGORI SMP ,2026-02-14,25,0,SMA 6 MERANGIN
1352936,Tournoi STEG : Février 2026 ,2026-02-14,10,3,
1352934,TURNAMEN CATUR KABUPATEN MERANGIN PJ PASARIBU CUP 2026 KATEGORI SD ,2026-02-14,25,0,SMAN 6 MERANGIN
1352938,"КАДЕТСКО  ПРВЕНСТВО БЕОГРАДА У РЕШАВАЊУ ШАХОВСКИХ ПРОБЛЕМА ЗА 2026.  - РЕЗУЛТАТИ БОДОВАЊА, ЗАДАЦИ И РЕШЕЊА",2026-02-14,120,0,"Београд, ОШ ""Борислав Пекић"" (Бежанијска коса, Данила Лекића Шпанца 27)"
1352939,6° TORNEO BLITZ QUILLACHESS VERANO 2026 ,2026-02-13,3,2,Quillabamba
1352941,Take 5 - Open ,2026-02-13,75,30,Montréal
1352943,TURNAMEN CATUR KABUPATEN MERANGIN PJ PASARIBU CUP 2026 KATEGORI SMA ,2026-02-14,25,0,SMA N 6 MERANGIN
1352944,Первенство Забайкальской железной дороги по шахматам  среди мужчин 14.02.2026,2026-02-14,10,5,Чита
1352945,Первенство Забайкальской железной дороги по шахматам  среди женщин 14.02.2026,2026-02-14,10,5,Чита
1352946,VITAL SQUARE'S CHESS ACADEMY CLASSICAL CHESS TOURNAMENT  ,2026-02-14,60,30,
1352947,1. KADETSKA HŠL ŠZŽI 2026. - Neslužbeni rezultati ,2026-02-14,60,30,Vukovar 
1352949,IRT Blitz Perez Domingo 15 de Febrero 20.30,2026-02-15,3,2,Dr. Borzone 1162 - Perez - Santa Fe
1352948,Viernes de Blitz - Club Jaque Matheus ,2026-02-13,3,0,Club de Ajedrez Jaque Matheus
1352950,"Шахматы. Спартакиада муниципальных районов Хабаровского края  ""Сельские спортивные игры""",2026-02-13,20,0,г.Комсомольск-на-Амуре
1352951,"TURNAMEN CATUR SD/MI PUTRA SABTU, 14 FEBRUARI 2026",2026-02-14,15,0,AULA MTsN 8 BANYUWANGI (GENTENG)
1352952,"TURNAMEN CATUR SD/MI PUTRI SABTU, 14 FEBRUARI 2026",2026-02-14,15,0,AULA MTsN 8 BANYUWANGI (GENTENG)
1352953,XXI. Kerületi Diákolimpia V. Korcsoport Lány ,2026-02-12,10,0,
1352957,IRT. Blitz DIA DEL AMOR Y LA ADMISTAD  2026 ,2026-02-14,3,0,Sala de Ajedrez Ing. Rogelio Perozo del Polideportivo de Maturin
1352958,"Шахматы, женщины. Спартакиада муниципальных районов Хабаровского края  ""Сельские спортивные игры""",2026-02-13,20,0,г. Комсомольск-на-Амуре
1352959,Campeonato Regional de Jovens Clássicas 2026 - U18 e U20 (Açores) ,2026-02-14,60,30,EBI Roberto Ivens em Ponta Delgada
1352960,Квалификационный турнир на II спортивный разряд,2026-02-14,10,5,Якутск
1352961,3RD CKSC INTERSCHOOL CHESS TOURNAMENT 2026  - Kiddies (Under 10),2026-02-14,15,3,"Chiang Kai Shek Main Campus, 5th flr. Auditorium"
1352962,3RD CKSC INTERSCHOOL CHESS TOURNAMENT 2026  - Juniors (Under 19),2026-02-14,15,3,"Chiang Kai Shek Main Campus, 5th flr. Auditorium"
1352963,Квалификационный турнир на III спортивный разряд,2026-02-14,10,5,Якутск
1352965,Campeonato Regional de Jovens Clássicas 2026 - U08 e U10 (Açores) ,2026-02-14,60,30,EBI Roberto Ivens em Ponta Delgada
1352966,TÜRKİYE KADINLAR SATRANÇ AMASYA BİRİNCİLİĞİ AÇIK KATEGORİ (2019 ve Önceki Yıllarda Doğan Kadın Sporcular),2026-02-14,45,30,AMASYA
1352967,Campeonatos Zacatecanos de Ajedrez Rápido y Relampago 2026 Rápido Categoría Juvenil,2026-02-14,10,5,"Edificio G, Ciudad Administrativo, Zacatecas, Zac"
1352968,Campeonatos Zacatecanos de Ajedrez Rápido y Relampago 2026 Rápido Categoría Infantil,2026-02-14,10,5,"Edificio G, Ciudad Administrativo, Zacatecas, Zac"
1352969,Campeonatos Zacatecanos de Ajedrez Rápido y Relampago 2026 Rápido Categoría Libre,2026-02-14,10,5,"Edificio G, Ciudad Administrativo, Zacatecas, Zac"
1352970,Турнир по шахматам посвящённый Дню защитника Отечества ,2026-02-14,,0,Симферополь
1352971,Campeonato Regional de Jovens Clássicas 2026 - U12 (Açores) ,2026-02-14,60,30,EBI Roberto Ivens em Ponta Delgada
1352974,Campeonatos Juveniles De FASGBA sub 16 ,2026-02-14,60,30,"Blibioteca Alberdi, Remedios de Escaladas"
1352975,Campeonatos Juveniles De FASGBA Sub 18 ,2026-02-14,60,30,"Blibioteca Alberdi, Remedios de Escaladas"
1352976,Blitz Casa de Ajedrez Torneo Blitz 13 Febrero de Ajedrez ,2026-02-13,3,2,
1352977,Campeonatos Juveniles De FASGBA Sub 20 ,2026-02-14,60,30,"Blibioteca Alberdi, Remedios de Escaladas"
1352982,3RD CKSC INTERSCHOOL CHESS TOURNAMENT 2026  - Aspirant (Under 14),2026-02-12,15,3,"Chiang Kai Shek Main Campus, 5th flr. Auditorium"
1352980,Campeonatos Juveniles De FASGBA Sub 14 ,2026-02-14,60,30,"Blibioteca Alberdi, Remedios de Escaladas"
1352983,Campeonato Regional de Jovens Clássicas 2026 - U14 (Açores) ,2026-02-14,60,30,EBI Roberto Ivens em Ponta Delgada
1352984,Campeonato Regional de Jovens Clássicas 2026 - U16 (Açores) ,2026-02-14,60,30,EBI Roberto Ivens em Ponta Delgada
1352986,Prueba ,2026-01-11,,0,
1352988,PORSENI CATUR PUTRA MTS KAB. CILACAP TH 2026 ,2026-02-13,15,0,"KARANG PUCUNG, CILACAP"
1352989,RAMADHAN CUP 2026 RUMAH KOPI CATUR ,2026-02-14,,0,
1352990,2 этап Гран-при по блицу 2026 ,2026-02-14,3,2,Южно-Сахалинск
1352987,PORSENI CATUR PUTRI MTS KAB. CILACAP TH 2026 ,2026-02-14,15,0,"KARANG PUCUNG, CILACAP"
1352992,PONDOK GAJAH CHESS VALENTINE  2026 CUP OPEN,2026-02-14,15,5,Pondok Gajah Hotel & Resort
1352993,PONDOK GAJAH CHESS VALENTINE  2026 CUP SMP,2026-02-14,15,5,Pondok Gajah Hotel & Resort
1352994,PONDOK GAJAH CHESS VALENTINE  2026 CUP SD,2026-02-14,15,5,Pondok Gajah Hotel & Resort
1352995,COPA JUNIOR - VACACIONES RECREATIVAS JAQUE MATHEUS 2026 ,2026-02-14,10,0,Club de Ajedrez Jaque Matheus
1352996,COPA KIDS - VACACIONES RECREATIVAS JAQUE MATHEUS 2026 ,2026-02-14,10,0,Club de Ajedrez Jaque Matheus
1352997,KETAPANG KETEGORI SD - TURNAMEN CATUR TNT CUP TSHUN 2026 ,2026-02-14,,0,WARKOP TNT JL KOL. SUGIONO
1352998,KETAPANG KATEGORI SMP/SMA - TURNAMEN CATUR TNT CUP 2026 ,2026-02-14,,0,JL. KOL. SUGIONO WARKOP TNT 
1352999,Rising Stars Age Group Individual Chess Championship - 2026 Under 13 Girls (Born in 2013 and 2014),2026-02-14,90,0,National Institute of Co-Operative Development - Polgolla
1353000,Rising Stars Age Group Individual Chess Championship - 2026 Under 13 Boys (Born in 2013 and 2014),2026-02-14,90,0,National Institute of Co-Operative Development - Polgolla
1353001,Rising Stars Age Group Individual Chess Championship - 2026 Under 11 Girls (Born in 2015 and 2016),2026-02-14,90,0,National Institute of Co-Operative Development - Polgolla
1353002,Rising Stars Age Group Individual Chess Championship - 2026 Under 11 Boys (Born in 2015 and 2016),2026-02-15,90,0,National Institute of Co-Operative Development - Polgolla
1353003,Rising Stars Age Group Individual Chess Championship - 2026 Under 09 Girls (Born in 2017 and 2018),2026-02-14,90,0,National Institute of Co-Operative Development - Polgolla
1353004,Rising Stars Age Group Individual Chess Championship - 2026 Under 09 Boys (Born in 2017 and 2018),2026-02-15,90,0,National Institute of Co-Operative Development - Polgolla
1353005,Rising Stars Age Group Individual Chess Championship - 2026 Under 07 Girls (Born in 2019 and following years),2026-02-14,90,0,National Institute of Co-Operative Development - Polgolla
1353006,Rising Stars Age Group Individual Chess Championship - 2026 Under 07 Boys (Born in 2019 and following years),2026-02-15,90,0,National Institute of Co-Operative Development - Polgolla
1353008,3rd KANYAKUMARI DISTRICT ALL DIFFERENTLY ABLED AND 2nd VETERAN  CHESS TOURNAMNET 2026 - PHYSICALLY CHALLENGED,2026-02-15,,0,"Carmel Higher Secondary School, Nagercoil"
1353010,3rd KANYAKUMARI DISTRICT ALL DIFFERENTLY ABLED AND 2nd VETERAN  CHESS TOURNAMNET 2026 - VISUALLY IMPAIRED,2026-02-15,,0,"Carmel Higher Secondary School, Nagercoil"
1353009,Blitz Chess Class Feb 14 ,2026-02-14,,0,
1353012,Check Go and Mate Mindsport Festival - Zeer Rangsit 2026 - Standard Sat ,2026-02-14,60,30,"Zeer Rangsit, Thailand"
1353013,3rd KANYAKUMARI DISTRICT ALL DIFFERENTLY ABLED AND 2nd VETERAN  CHESS TOURNAMNET 2026 - VETERAN,2026-02-15,,0,"Carmel Higher Secondary School, Nagercoil"
1353014,Check Go and Mate MindSport Festival  - Zeer Rangsit หมากรุกไทยอายุไม่เกิน 15 ปี ,2026-02-14,,0,
466132,Check Go and Mate Mindsport Festival - Zeer Rangsit 2026 - Standard Sat ,2026-02-14,60,30,"Zeer Rangsit, Thailand"
1353017,St. Bakhita Junior Youth FIDE Rated Chess Championship 2026 - Under 8 Open ,2026-02-14,25,0,"St.Bakhita School, Sabaki located off Mombasa Road, Highway in Pridelands"
