player_id,name,standard_rating,blitz_rating,gender,rapid_rating,title
44795360,Gabriel Ramos Do Amaral,,1638,Male,,
523097477,"Garcia, Cortes Rocha Adrian",,,Male,1755,
521061297,"Clar, Thea Grace",1626,,Male,,
5262224,"Clar, Mica Claire",1684,,Male,,
5236215,"MARTICIO, Jersey",1992,,Male,,
5204003,"PORTUGALERA, Ric",1989,,Male,,
5240867,"LAVANDERO, John Dave",1984,,Male,,
5246172,"BORGONIA, Duane",1983,,Male,,
5217164,"ANTONIO, John Lee",1979,,Male,,
5203929,"NUTTAL, Ruel",1979,,Male,,
5218578,"CERVERO, Tristan Jared",1978,,Male,,
5231744,"ILAR, Keith Adriane I.",1976,,Male,,
5222150,"BATCHO, Ricardo",1975,,Male,,
5204194,"ROSAUPAN, Carlo Magno",1970,,Male,,
12412350,"VO, Huynh Thien",1970,,Male,,
5216931,"CABILAS, Nolly",1962,,Male,,
5252741,"MAGALSO, Cipriano",1960,,Male,,
12426903,"MAI, Duc Kien",1955,,Male,,
5252903,"ORTEGA, Cyril",1949,,Male,,
5224470,"SANDREJO, Celso Jr.",1947,,Male,,
5201861,"CASIANO, Andrew",1944,,Male,,
5202477,"FUENTES, Mardonio",1943,,Male,,
5222281,"MARTICIO, Jeremy",1943,,Male,,
5201772,"CAMPOSANO, Agrifino V.",1941,,Male,,
5230217,"GOLORAN, Jhulo",1941,,Male,,
5248167,"PAHAMTANG, Rigil Kent Rosell",1936,,Male,,
5215528,"CHAVEZ, Antonio Jr.",1926,,Male,,
5226023,"TIAUSON, Recarte",1926,,Male,,
5229510,"JORGIO, Andre Miguel",1924,,Male,,
5222230,"GUMILA, Narciso Jr.",1924,,Male,,
5201365,"MOLINA, Antonio",1923,,Male,,FM
5233518,"AGAPAY, Apollo P.",1917,,Male,,
5261031,"PIEL, Jaymiel",1916,,Male,,
5259550,"SIANO, Gabriel",1915,,Male,,
5240760,"VILLAMOR, Godfrey",1913,,Male,,
5205859,"UBANAN, Nazario",1912,,Male,,
521030642,"GABUCO, John Philip",1891,,Male,,
5244722,"JOCSON, Ritchie",1880,,Male,,
5201390,"JOYA, Rusela",1879,,Male,,
5218497,"PARAGUYA, Voltaire Marc",1875,,Male,,
5249856,"CARZANO, Johnny Wellem",1873,,Male,,
5203376,"PENERO, Arnel",1873,,Male,,
5222133,"PONDOYO, Chris Aldritz",1871,,Male,,
115203782,"GASTALA, Michael",1870,,Male,,
5223776,"DE GUZMAN, John Paul",1869,,Male,,
5267200,"PARAGUYA, Yuri Lei",1864,,Male,,
521053596,"ABALO, Jacqpatch Immanuel",1860,,Male,,
5229642,"BENITEZ, Theseus",1858,,Male,,
5240751,"SATO, Carl Zirex",1856,,Male,,
5255635,"QUINTO, Stephen Zane",1853,,Male,,
5267080,"ZAFRA, Kim",1844,,Male,,
5233453,"GONZALES, Vladimir",1842,,Male,,
521051798,"LAPAD, Miykael Jerahmiel",1833,,Male,,
5222060,"CALIMBO, Marian",1829,,Male,,
5217253,"HERMIDA, Ronald",1818,,Male,,
5220467,"CLARITO, Karlycris Jr. P.",1815,,Male,,
5247438,"VALENCIA, John Lance",1815,,Male,,
5266629,"SEGURA, Kobi Bryant",1811,,Male,,
5215501,"CRISTE, Jaime",1806,,Male,,
5222435,"DAMIRAY, Cyrus James",1806,,Male,,
5266726,"TORENA, Clyde Jared",1800,,Male,,
5282225,"CRISMO, Joshua Hesed",1794,,Male,,
5271045,"CONTADO, Gilbert",1784,,Male,,
5262259,"MARBAS, Sebastian",1783,,Male,,
5238790,"MACABULOS, Pat Ferdolf",1776,,Male,,
5248078,"VALENCIA, John Curt",1759,,Male,,
521000271,"GARCIA, Triton Blue Ares",1747,,Male,,
5215781,"LUCION, Rommel",1746,,Male,,
5214807,"MENDOZA, Cheyzer Crystal J.",1745,,Male,,
5249538,"INIGO, Michael Jan Stephen",1742,,Male,,
5210640,"FORTUNADO, Jay",1724,,Male,,
5221412,"MANZANO, Richard",1719,,Male,,
5279526,"LINSANGAN, Raymond",1718,,Male,,
5212731,"LIWAT, Lowell",1717,,Male,,
5220106,"PASNO, Aldrin",1712,,Male,,
5261449,"LANGUE, Kyla Jane",1700,,Male,,
5220246,"OLAYRES, Ian Keith",1693,,Male,,
5293162,"JAO, Cyril Cyroy",1689,,Male,,
5297672,"SY, Yohan Ryce",1673,,Male,,
521000158,"DAKAY, Ralph",1665,,Male,,
5210119,"LOMOCSO, Richel",1663,,Male,,
5258758,"LOCMAYOAN, Roselle",1658,,Male,,
5225876,"ESTRELLA, Juncin",1638,,Male,,
521068267,"TAGLUCOP, Henry",1636,,Male,,
521035440,"MUANAG, Mart Lean",1634,,Male,,
5264812,"SUICO, Seth David",1606,,Male,,
115203773,"PASNO, Albert",1600,,Male,,
521011800,"MANDAGAN, Hamsel",1558,,Male,,
5254523,"GAMAO, Evangeline",1418,,Male,,
5211620,"BALDESIMO, Jun Mark",2141,,Male,,
5258057,"PORRAS, Fritz Bryan P",2126,,Male,,
5261171,"ABANCO, Eric D.",2107,,Male,,
5203414,"QUINONEZ, Reynaldo",2082,,Male,,
5258901,"BAUSAS, Dondon Israle",2078,,Male,,
5258898,"ARTUZ, Glennen",2024,,Male,,
5222400,"ABAD, Verniedeck",2009,,Male,,
5259894,"RUSIANA, Arnold Jones D.",2000,,Male,,
521001812,"VERSOLA, Ma. Myrtle",1951,,Male,,
5283582,"PUYO, Jose Seulto",1950,,Male,,
5231272,"LEQUIN, Mary Jonah",1935,,Male,,
5258618,"VALEZA, Emil",1927,,Male,,
521002258,"CAHILSOT, Josh Vincent",1898,,Male,,
5270022,"ORFANEL, James",1896,,Male,,
5250463,"HABER, Aurelio",1879,,Male,,
115095694,"FERANCO, Mc Kennly Lois",1864,,Male,,
521010668,"DERECHO, Russell",1832,,Male,,
521003211,"CURATO, Fernando Ii R.",1790,,Male,,
521040303,"SY, Sofia Tanya",1777,,Male,,
522049142,"Григорьев, Андрей Павлович",,1470,Male,,
55630472,"Комиссаров, Матвей Сергеевич",,1636,Male,,
447066334,"Iskakov, Marat",,1607,Male,,
3643522,"Ruiz Guanga, Lucas Mathias",,1882,Male,,
42250218,"Scrob, Sebastian",894,,Male,,
1973304,"Parente, Pedro Miguel Martins",1698,,Male,,
1978721,"Costa, Gil Correia",1675,,Male,,
1960636,"Peres, Rodrigo Tristao Da Fonte",1612,,Male,,
521040290,"SY, Sabella Rae T.",1723,,Male,,
115108255,"FERANCO, Psyrene Metatron",1646,,Male,,
521000573,"ASUNCION, Jayden Charles",1641,,Male,,
521074810,"ABLOG, Joel James",0,,Male,,
521075140,"CENAS, Joshua Kiel",0,,Male,,
521079579,"CERBITO, Jhonrie Joseph V",0,,Male,,
24195995,"Макович, Андрей Адрианович",,,Male,2289,
4197011,"Коженков, Евгений Андреевич",,,Male,2196,
4125460,"Провоторов, Александр Петрович",,,Male,2193,
34406867,"Мурашко, Василий Антонович",,,Male,1979,
24102571,"Широков, Сергей Александрович",,,Male,1916,
24130184,"Полковников, Николай Алексеевич",,,Male,1902,
55808514,"Захарченко, Роман Валерьевич",,,Male,1857,
55755755,"Гудков, Леонид Максимович",,,Male,1806,
34399178,"Кривец, Георгий Евгеньевич",,,Male,1801,
55653570,"Блинов, Андрей Олегович",,,Male,1797,
34386130,"Калугин, Евгений Васильевич",,,Male,1781,
24232483,"Пак, Алексей",,,Male,1763,
54141095,"Шумовский, Николай Иванович",,,Male,1738,
540039757,"Иванов, Дмитрий Владимирович",,,Male,1724,
34112178,"Буданов, Алексей Александрович",,,Male,1717,
34461051,"Пенчик, Артём Антонович",,,Male,1685,
34331603,"Осинягов, Егор Валерьевич",,,Male,1675,
55608230,"Мурашко, Иван Антонович",,,Male,1673,
54131553,"Жестянников, Валерий Евгеньевич",,,Male,1643,
522087354,"Кудрявцев, Роман Александрович",,,Male,1612,
540015572,"Иванов, Денис Дмитриевич",,,Male,1585,
55823580,"Джабаров, Игорь Тофикович",,,Male,1582,
54122023,"Туголуков, Вячеслав Васильевич",,,Male,1554,
55756883,"Купцов, Владимир Андреевич",,,Male,1538,
13326490,"Геворкян, Тигран Геворгович",,,Male,1466,
55755160,"Михайлов, Александр Сергеевич",,,Male,0,
24239267,"Сушнов, Сергей Владимирович",,,Male,0,
42248698,"Popescu, Zaharia",1407,,Male,,
42239001,"Dragan, Dragos",1057,,Male,,
42253969,"Merca, Ionut-Bogdan",916,,Male,,
42236452,"Lazuran, Gabriel-Octavian",878,,Male,,
42248620,"Breaz, Eric-Alexandru",848,,Male,,
42247551,"Radu, Alexandru-Ioan R.",826,,Male,,
42240786,"Csizmas, Tabita-Kincso",804,,Female,,
42249350,"Fasolillo, Luigi",790,,Male,,
42247519,"Abrudan, David-Mihai",735,,Male,,
42260272,"Curea, Luca",719,,Male,,
42258286,"Fenesan, Petru-Aron",714,,Male,,
42260221,"Pop, Darius-Gabriel",701,,Male,,
13721895,"Saduakassov, Duman",,1980,Male,,
13726820,"Abuzyarov, Arlan",,1902,Male,,
447068620,"Michshenko, Evgeniy",,1872,Male,,
447043253,"Subbotin, Alex",,1751,Male,,
447077883,"Kaldybayev, Mugammar",,1738,Male,,
13715330,"Usmanov, Madi",,1736,Male,,
13760963,"Dadambayev, Oralbek",,1726,Male,,
13707370,"Shakarimov, Erzhan",,1713,Male,,
447025492,"Temirtassov, Dias",,1707,Male,,
13707272,"Demezhanov, Tuleubek",,1696,Male,,
447077921,"Polevik, Vasiliy",,1687,Male,,
447066393,"Maimyshev, Khassen",,1673,Male,,
557010501,"Kulumkanov, Tanat",,1668,Male,,
13784285,"Abdulgaziyeva, Zhanar",,1667,Female,,
13727931,"Kuanyshbayev, Erkebulan",,1663,Male,,
447042869,"Kokanbayev, Kaiyrbek",,1643,Male,,
557003424,"Orazbayev, Asylbek",,1622,Male,,
447026316,"Nurpeysov, Nursultan",,1605,Male,,
447066369,"Kamaliev, Meirzhan",,1589,Male,,
557003440,"Bulekbayev, Damir",,1588,Male,,
447025859,"Nurgaliev, Bolat",,1575,Male,,
447083085,"Baluankanov, Gizat",,1558,Male,,
447068574,"Kaldanova, Azhar",,1555,Female,,
447076208,"Kaltayev, Marat",,1525,Male,,
447025476,"Karakhanov, Rishat",,1524,Male,,
447066571,"Kartov, Ansagan",,1502,Male,,
13707310,"Kanirov, Bakhtybek",,1496,Male,,
557008396,"Podkorytov, Denis",,1495,Male,,
447084820,"Alimbekov, Tileubek",,1486,Male,,
557007071,"Akanova, Zhanagul",,1483,Female,,
447055588,"Okasov, Murat",,1478,Male,,
447068531,"Alimgazykyzy, Anar",,1460,Female,,
447055600,"Tukanov, Rysbek",,1435,Male,,
447084863,"Makhtiev, Kuanysh",,1426,Male,,
447077980,"Shaltynov, Askhat",,1406,Male,,
557014248,"Karipbayev, Satyzhan",,1404,Male,,
447066270,"Baiketayev, Nurzhan",,0,Male,,
447028084,"Balkanbekov, Erik",,0,Male,,
447068566,"Berkutbaeva, Alina",,0,Female,,
447022574,"Dosymkhanov, Tungat",,0,Male,,
447086980,"Gurskaya, Elena",,0,Female,,
42238641,"Boiangiu-Agafitei, Matei",898,898,Male,,
79330940,"Pek, Matija",,,Male,1401,
3655415,"Cajas Toapanta, Jahir Manuel",,1855,Male,,
29604427,"Pille, Cruz Liam",,,Male,1614,
13707701,"Baktybayev, Bayanbek",,0,Male,,
2860376,"Raschetin, Nikita",,1657,Male,,
14982617,"Belovic, Samuel",,1596,Male,,
14982730,"Bartosova, Emma",,1502,Female,,
14993619,"Voskar, Miloslav",,1475,Male,,
564043380,Advith Anishetty,,,Male,1418,
537075438,Akshath Chowhan Lavudiya,,,Male,1437,
42239060,"Tantau, Dan-Casian",922,922,Male,,
1218697,"Tamas, Alexandru-Marius",,1532,Male,,
1232312,"Kedves, Lorand",,1744,Male,,
46698264,"MANASA, NARAYAN",,,Male,1423,
447065958,"Ibraev, Nurlan",,0,Male,,
447026332,"Kadyrbek, Meyir",,0,Male,,
447084855,"Kipshakbaeva, Zhuldyz",,0,Female,,
557022054,"Kydyrbaev, Dauren",,0,Male,,
557003610,"Maisakanov, Malik",,0,Male,,
557022062,"Medeuova, Nazgul",,0,Female,,
447066423,"Musina, Alina",,0,Female,,
447066164,"Shamitov, Aslan",,0,Male,,
447084898,"Sovetkalikyzy, Arailym",,0,Female,,
447095792,"Temirkhanov, Bakhytbek",,0,Male,,
13713582,"Кайбогорова, Гульжан",,1696,Male,,
531086489,"Sri, Saai Preetham Kankanala",,,Male,1530,
547038799,"Velupukonda, Preetham Sanjay",,,Male,1479,
88136701,"Mogili, Abhinav Reddy",,,Male,1472,
558037608,"Md, Abul Fazal",,,Male,1462,
429071275,"Shriyan, Ram Shivarathri",,,Male,1435,
547090936,"Ram, Prameen Sastry Puranic",,,Male,0,
1201239,"Helmer, Janos",,2082,Male,,
1251120,"Arion, Ilie",,1989,Male,,
1244078,"Ferentiu, Raul-Florin",,1878,Male,,
1223267,"Dordai, Daniel-Ovidiu",,1809,Male,,
1290797,"Hodosi, Attila",,1798,Male,,
42245869,"Paraschiv, Andrei-Cristian",,1628,Male,,
42235502,"Cretu, Eduard Andrei",,1627,Male,,
1256963,"Bindea, Robert-Alexandru",,1625,Male,,
1290223,"Bichis, Tudor",,1548,Male,,
42233976,"Luca, Vlad-Codrin",1558,1545,Male,,
46616357,"Nair, Devika",,,Male,1414,
14980703,"Kapinaj, Matus",,2123,Male,,
24224073,"Iankin, Arsenii",,2070,Male,,
14906341,"Vrbova, Niki",,2039,Female,,WFM
14967537,"Karaba, Rudolf",,1997,Male,,
1680838,"Archan, Elikya",,1979,Male,,
14922320,"Laky, Peter",,1966,Male,,
14952866,"Kotlar, Maros",,1956,Male,,
14916304,"Luptak, Pavol",,1952,Male,,
14912392,"Kamenicky, Tomas",,1941,Male,,
2321963,"Kovacik, Oliver",,1938,Male,,
14915880,"Horecky, Peter",,1936,Male,,
14967499,"Pisarcik, Richard",,1914,Male,,
14943417,"Andre, Jan",,1907,Male,,
14975831,"Janovicek, Lukas",,1891,Male,,
14973308,"Srnak, Martin",,1883,Male,,
14988267,"Sekera, Timotej",,1878,Male,,
73622885,"Livnansky, Michal",,1856,Male,,
14991233,"Kvassay, Marek",,1854,Male,,
14909790,"Vrba, Michal",,1854,Male,,
14967634,"Livnansky, Tomas",,1847,Male,,
14973081,"Cerny, Patrik",,1845,Male,,
14982846,"Macakova, Bianka",,1838,Female,,
14988810,"Vesely, Filip",,1834,Male,,
14976293,"Nosal, Tobias",,1820,Male,,
14970511,"Guba, Peter",,1817,Male,,
14984741,"Hanzel, Richard",,1790,Male,,
549005871,"Kovacik, Radko",,1778,Male,,
14984709,"Lukianov, Mykhailo",,1761,Male,,
14986388,"Piussi, Maximilian",,1754,Male,,
14971666,"Buday, Alexander",,1730,Male,,
14987872,"Vanco, Simon",,1727,Male,,
14988682,"Vasylchuk, Oleg",,1718,Male,,
14973090,"Cerny, Filip",,1717,Male,,
14996308,"Kapicak, Filip",,1710,Male,,
549001159,"Seinov, Davyd",,1687,Male,,
14983281,"Pauko, Sebastian",,1667,Male,,
14996391,"Bublyk, Pavlo",,1661,Male,,
34196757,"Kuzebnyi, Danylo",,1651,Male,,
14971976,"Gallo, Filip",,1649,Male,,
14979314,"Vavra, Martin",,1646,Male,,
14996715,"Brojo, Marek",,1645,Male,,
549001523,"Zabaikin, Pavlo",,1643,Male,,
14960354,"Korenek, Matus",,1623,Male,,
14944057,"Dubnicka, Ferdinand",,1605,Male,,
14976633,"Skypala, Simon",,1604,Male,,
14998270,"Zeman, Alex",,1602,Male,,
14978954,"Mikulas, Matej",,1594,Male,,
14980509,"Lopusna, Katarina",,1592,Female,,
14920751,"Zahorsky, Michal",,1592,Male,,
549002457,"Kapus, Samuel",,1588,Male,,
14984105,"Jusko, Jakub",,1587,Male,,
14910489,"Gonda, Jan",,1584,Male,,
14970236,"Kosut, Simon",,1556,Male,,
14936178,"Vas, Jozef",,1550,Male,,
1690450,"Brezlan, Noel",,1548,Male,,
14998416,"Hudik, Lubos",,1541,Male,,
14984245,"Jusko, Adrian",,1538,Male,,
14996510,"Moore, Dominik",,1535,Male,,
14997711,"Gregor, Tomas",,1503,Male,,
14998084,"Hloska, Alexander",,1501,Male,,
14990237,"Belovic, Igor",,1499,Male,,
549006177,"Vu Nguyen, Minh Huy",,1498,Male,,
549000861,"Zelina, Matej",,1457,Male,,
14985357,"Slamka, Tomas",,1446,Male,,
549001396,"Gallagher, Henry",,1442,Male,,
549004387,"Hodal, Peter",,1441,Male,,
14994941,"Katreniak, Branislav",,1433,Male,,
42232341,"Almasan, Albert-Mihail",1573,1420,Male,,
55704573,"Горбунов, Михаил Леонидович",,1613,Male,,
14977540,"Slamka, Matias",,1621,Male,,
3637425,"Alvarado Navarro, Dante",,1754,Male,,
29626676,"Bravo, Alvarez Karel",,,Male,1576,
14979373,"Kovacikova, Simona",,1522,Female,,
549005707,"Alesenkova, Anna",,1000,Female,,
549005901,"Sefcova, Karolina",,1000,Female,,
14992841,"Palun, Marko",,1502,Male,,
14958295,"Zvoda, Matej",,1036,Male,,
14997703,"Bodis, Miroslav",,1000,Male,,
549001272,"Farkas, Tibor",,1000,Male,,
549003933,"Vrtak, Marko",,1000,Male,,
14400367,"Alvir, Aco",,2308,Male,,IM
4123760,"Лабунский, Дмитрий Феликсович",,2182,Male,,
24229601,"Алехин, Андрей Сергеевич",,2161,Male,,
24229962,"Каминский, Илья Александрович",,2087,Male,,
4152778,"Меньших, Михаил Александрович",,2060,Male,,
55703682,"Мизенин, Антон Михайлович",,1936,Male,,
34486330,"Полячков, Георгий Викторович",,1936,Male,,
55626076,"Рудой, Михаил Сергеевич",,1902,Male,,
522005137,"Круковский, Матвей Антонович",,1877,Male,,
55786901,"Комирский, Роман Юрьевич",,1820,Male,,
55816355,"Зиневич, Семен Алексеевич",,1805,Male,,
34324607,"Воронин, Андрей Владимирович",,1790,Male,,
55871615,"Гапоненко, Андрей Иванович",,1728,Male,,
55893511,"Плотников, Алексей Сергеевич",,1718,Male,,
24195600,"Рудь, Александр Соломонович",,1713,Male,,
540076857,"Рогачев, Кирилл Александрович",,1706,Male,,
522005102,"Распопов, Геннадий Валентинович",,1695,Male,,
522084525,"Евдокимов, Алексей Олегович",,1655,Male,,
540098559,"Кулумбегов, Александр Константинович",,1648,Male,,
44145055,"Гиршман, Андрей Сергеевич",,1619,Male,,
540018229,"Евдокимов, Максим Алексеевич",,1548,Male,,
4161068,"Кожевин, Виктор Федорович",,1543,Male,,
55794483,"Воронина, Арина Андреевна",,1541,Male,,
522079769,"Сливко, Глеб Константинович",,1532,Male,,
34324526,"Долгушин, Александр Сергеевич",,1522,Male,,
55727697,"Розенталь, Вероника Евгеньевна",,1511,Male,,
540046621,"Тропин, Даниэль Хисасиевич",,1491,Male,,
540098508,"Барановский, Вячеслав Владимирович",,1455,Male,,
55621775,"Куплевацкий, Андрей Юрьевич",,1437,Male,,
540046745,"Марецкий, Роман Николаевич",,1000,Male,,
549000837,"Kuzma, Timur",,1818,Male,,
14987430,"Perdoch, Marian",,1713,Male,,
14992590,"Varga, Viktor",,1712,Male,,
14988755,"Bodis, Elias",,1438,Male,,
14997215,"Schwandner, Simon",,1642,Male,,
14983591,"Bednarova, Lea",,1080,Female,,
14997070,"Petkovska, Ariana",,1613,Female,,
14998866,"Sefcova, Alexandra",,1012,Female,,
14997614,"Katreniak, Simon",,1569,Male,,
549003704,"Chrenka, Tobias",,1000,Male,,
14985748,"Katreniak, Matej",,1546,Male,,
14983257,"Motyka, Richard",,1540,Male,,
549005715,"Alesenkova, Mariia",,1000,Female,,
14984172,"Sefcova, Adriana",,1520,Female,,
14983362,"Valik, Viktor",,1505,Male,,
14984091,"Jusko, Filip",,1483,Male,,
14998548,"Benovic, Felix",,1000,Male,,
14983176,"Sekeresova, Viktoria",,1428,Female,,
549000454,"Dancak, Filip",,1422,Male,,
14992469,"Motykova, Dorota",,1406,Female,,
14992671,"Kupca, Peter",,1400,Male,,
14983168,"Sekeresova, Alexandra",,1357,Female,,
14997878,"Erneker, Tomas",,1221,Male,,
14982773,"Hudik, Ema",,1183,Female,,
14982684,"Janovickova, Ema",,1180,Female,,
14996014,"Grman, Jan",,1124,Male,,
522009469,"Kovalchuk, Artem An",1707,,Male,1863,
14983559,"Nikolaiev, Kuzma",,1077,Male,,
14980487,"Skypala, Tomas",,1073,Male,,
14992876,"Suplata, Oliver",,1070,Male,,
549005600,"Andre, Jakub",,1000,Male,,
549005740,"Chudy, Severin",,1000,Male,,
549005456,"Kamenicky, Oliver",,1000,Male,,
549004433,"Mirsalamov, Jamil",,1000,Male,,
549004476,"Oravec, Oliver",,1000,Male,,
549004271,"Smolnichenko, Yaroslav",,1000,Male,,
549003186,"Zelenak, Jan",,1000,Male,,
549001132,"Kuffa, Michal",,1047,Male,,
14994933,"Hadidom, Rebeka",,1000,Female,,
55885128,"Гарипов, Урал",,,Male,1805,
55779913,"Сайфуллин, Марат",,,Male,1556,
55877320,"Гизатуллин, Айнур",,,Male,1540,
55723152,"Загитова, Самира",,,Female,1527,
540031276,"Власов, Илья",,,Male,1469,
55884563,"Рамазанов, Тимур",,,Male,1441,
55884571,"Рамазанова, Элина",,,Female,1422,
540076806,"Минаев, Михаил",,,Male,1420,
540072789,"Хлыстов, Ярослав",,,Male,1406,
522086587,"Миннибаев, Арсен",,,Male,0,
570008019,"Гайнетдинов, Тамерлан",,,Male,0,
522032100,"Старцев, Иван",,,Male,0,
522086765,"Гафарова, Гульдар",,,Female,0,
522075755,"Голосов, Вадим Михайлович",,1538,Male,,
531047378,Laxmi Rishaank Talakokkula,,1575,Male,,
3636283,"Gonzalez Loaiza, Roberth Alberto",,1744,Male,,
12446785,"Nguyen Minh Duc,",,,Male,1588,
29626668,"Bolanos Ruiz, Lander Enrique",,,Male,1544,
531013651,"Nivas, Sai Karthikeya Yarlagadda",,1485,Male,,
3896897,"Wochiny Reyes, Joaquin Alessandro",,1773,Male,,
3640051,"Toala Cardozo, Joseph",,1658,Male,,
25947451,"Kapila, Yashwant",,1469,Male,,
48733962,Rishi Pallagani,,1503,Male,,
25016423,"Ak, Raju",,1588,Male,,
1209132,"Tupilusi, Tudorel",1589,,Male,,
540088553,"Гайнетдинова, Эмилия",,,Female,0,
55646026,"Шигапов, Шамиль",,,Male,0,
1205943,"Bompa, Flaviu",1648,,Male,,
42228000,"Pau, Emanuel",1635,1625,Male,,
35036491,Mahendar B,,1614,Male,,
1218646,"Dumitru, Sorin",1535,,Male,,
42250331,"Pacurar, Iulian",1494,,Male,,
42242509,"Hale, Stefania",1490,,Female,,
42229723,"Manta, Sebastian-Gabriel",1490,,Male,,
42221650,"Apolzan, Alexia-Victoria",1415,,Female,,
24153826,"Захарова, Евгения Сергеевна",,,Male,1821,
55837697,"Ваганова, Яна Дмитриевна",,,Male,1778,
4118898,"Коган, Эльвира Викторовна",,,Male,1753,
24161926,"Коган, Татьяна Игоревна",,,Male,1743,
55627293,"Баранова, Алёна Владимировна",,,Male,1624,
55889484,"Королева, Софья Дмитриевна",,,Male,1604,
34434259,"Козлова, Полина Григорьевна",,,Male,1597,
547048107,"Vaibhav, Kulkarni",,1580,Male,,
55703275,"Рогожина, Анна Анатольевна",,,Male,1502,
55663370,"Джабарова, Анна Игоревна",,,Male,1447,
540010902,"Наймушина, Нелли Вячеславовна",,,Male,0,
55898009,"Филиппова, Полина Дмитриевна",,,Male,0,
522036920,"Пустовая, Вера Анатольевна",,,Male,0,
33384762,"Akella, Sankalparuthvik",,1765,Male,,
46664750,"Vishwanath, Kannam",,1754,Male,,
48748927,"Kumara, Sandilya Somanchi",,1742,Male,,
35076574,"Hemanth, Eswar G",,1702,Male,,
45037809,"Mihir, Chandra Loke",,1665,Male,,
35066285,"Srikanth, Myakala",,1661,Male,,
25626698,"Viswak, Sen M",,1651,Male,,
48748935,"Kumara, Srivatsa Somanchi",,1639,Male,,
48747220,"Shaik, Mohammed Irfan",,1638,Male,,
33421919,"Sai, Prudhvi Eati",,1635,Male,,
45067066,"Shaik, Abdul Nabi",,1630,Male,,
429048982,"Banothu, Shashirekha",,1630,Male,,
33397813,Sreesha Kandi,,1541,Male,,
1277413,"IORDACHE, Mihai-Adrian",1563,1539,Male,,
5018358,"Saket, Kumar",,1619,Male,,
88103072,"Thurka, Raju",,1618,Male,,
45073600,"Rohit, Yarakala",,1617,Male,,
429048966,"Banothu, Humpy",,1614,Male,,
45085242,"Harender, J",,1603,Male,,
33390703,"Chembrolu, Divya Bhavani",,1597,Male,,
48719951,"Lakkavathri, Vanshika",,1597,Male,,
33399735,Ishaan Kandi,,1554,Male,,
35036807,Ravindra Nath A,,1520,Male,,
42249104,Gramada Vladimir-Christian,1450,,Male,,
33358559,Sasi Hasini Chintala,,1443,Male,,
547042869,"Mahadasari, Vaasumat Sai Aatish",,1554,Male,,
35071238,"Vignesh, A",,1553,Male,,
33437262,"Shanmukha, Vasudeva Annambhotla",,1548,Male,,
25796810,"Pavan, Malleboina",,1543,Male,,
88159930,"Arjun, Kasam",,1522,Male,,
531013520,"Kandukuri, Judah Prokshith Raj",,1522,Male,,
25794655,"Malapolu, Prembabu",,1507,Male,,
35096567,"Vijay, Chandar Reddy G",,1504,Male,,
88173780,"Harshith, Sai U",,1503,Male,,
531044689,"Maheshwarapu, Deekshith",,1498,Male,,
25673033,"Nadimpally, Tharun Tej",,1497,Male,,
45076995,"Rani, Puja",,1479,Male,,
33336091,"Hemanth, Seera",,1476,Male,,
88159612,"Gurrapu, Vidhyadhan",,1472,Male,,
33400610,"Jatin, Sai Vuppala",,1465,Male,,
33410062,"Rajesh, Nimmala",,1449,Male,,
48719978,"Medi, Rajanarsimha",,1432,Male,,
88159582,"Bhavik, Rangam",,1428,Male,,
429056152,"Madhu, Sree Duvvala",,1405,Male,,
88196852,"Naga, Vijay Nandan K",,0,Male,,
35010174,"Sathishkumar, L",,1616,Male,,
25916459,"Rasharaj, Kataki",,1592,Male,,
88125009,"Tanishq, Ekula",,1488,Male,,
33342024,"Arkodipto, Dutta",,1647,Male,,
4705149,"Kola, Elvis",,2132,Male,,
15000044,"Nikoloski, Kire",,2125,Male,,
15001229,"Gjorgjieski, Dejan",,2090,Male,,
15006905,"Velkoski, Stojan",,2057,Male,,
15001830,"Shapkaroski, Goce",,2036,Male,,
937380,"Kukov, Tode",,2004,Male,,
15016447,"Pavleski, Nikola",,1977,Male,,
15012107,"Petrovski, Ivan",,1968,Male,,
15007235,"Andonov, Kiril",,1942,Male,,
15010570,"Jonuzi, Arlind",,1917,Male,,
15005992,"Velkoski, Ivan",,1887,Male,,
15012069,"Nedelkovski, Andrej",,1884,Male,,
15001920,"Damceski, Marjan",,1883,Male,,
15002390,"Angjelkoski, Metodija",,1881,Male,,
15006093,"Nikolovski, Mihail",,1864,Male,,
15005518,"Ahmedi, Ismail",,1850,Male,,
15010562,"Mena, Rilind",,1847,Male,,
15020991,"Derkoski, Zlatko",,1826,Male,,
15006387,"Zeca, Skrielj",,1825,Male,,
79336035,"Bartulica, Ivan Filip",,,Male,0,
12425990,"Phan, Tien Dung",,,Male,1562,
48787493,"Yogesh, Kumar Gupta",,,Male,1457,
15011909,"Bozhinovski, Miloe",,1797,Male,,
15005526,"Arslanovic, Edin",,1784,Male,,
15020088,"Todoroski, Darko",,1769,Male,,
15001377,"Brzovski, Tomica",,1757,Male,,
15014290,"Kalanoski, Milovan",,1756,Male,,
15001482,"Nuneski, Daniel",,1756,Male,,
15004414,"Angjelkoska, Jana",,1752,Female,,
15010945,"Koloski, Andon",,1751,Male,,
15009939,"Popchevski, Zoran",,1713,Male,,
15017893,"Jakopetrevski, Stefan",,1710,Male,,
15011364,"Linkinoski, Borce",,1708,Male,,
15012034,"Markovski, Marko",,1705,Male,,
15017745,"Bashic, Branislav",,1684,Male,,
15016269,"Puroski, Jovan",,1678,Male,,
15014711,"Durlov, Kristijan",,1656,Male,,
15009394,"Simonoski, Luka",,1621,Male,,
15016129,"Trpenovski, Nikola",,1592,Male,,
15013812,"Gjorgjieska, Teodora",,1585,Female,,
15013278,"Srbinovski, Goran",,1585,Male,,
15013294,"Usovic, Goran",,1573,Male,,
15016790,"Misheski, Pavel",,1530,Male,,
15019993,"Cvetkoski, Vlado",,1529,Male,,
15015149,"Gjorgjieska, Simona",,1486,Female,,
15016285,"Shapkaroski, Mihail",,1437,Male,,
15017818,"Peroski, Ivan",,1409,Male,,
15022382,"Pazarkoski, Nikola",,0,Male,,
15022390,"Petkovski, Marjan",,0,Male,,
15020762,"Taneski, Marko",,0,Male,,
307440,"Valenta, Vít Václav",,,Male,1970,FM
23734329,"Knápek, Jan",,,Male,1838,
308803,"Musil, Vítězslav",,,Male,1754,
23792990,"Šlezar, Martin",,,Male,1688,
14621169,"Milicevic, David",,,Male,1677,
335894,"Brácha, Pavel",,,Male,1664,
23779357,"Skula, David",,,Male,1643,
23768681,"Příhoda, Josef",,,Male,1549,
55705073,"Krupa, Petr",,,Male,1547,
23754184,"Hadaš, Hugo",,,Male,1546,
23746017,"Klimeš, Martin",,,Male,1449,
23782366,"Rak, Jiří",,,Male,1447,
23720638,"Růžička, Oto",,,Male,1415,
23772476,"Píštěk, Zdeněk",,,Male,1403,
23758473,"Horáčková, Eliška",,,Male,1399,
23714565,"Kraus, Petr",,,Male,1379,
23758465,"Horáček, Jan",,,Male,1347,
23783990,"Onofrej, Livij",,,Male,1346,
23789646,"Šopík, Jan",,,Male,1335,
331813,"Milfort, Václav",,,Male,1320,
23753242,"Líbal, Manfred",,,Male,1318,
23770813,"Kurfürst, Dan",,,Male,1039,
23796901,"Spurný, Jan",,,Male,1034,
55823653,"Костров, Алексей",,1475,Male,,
55865801,"Копылов, Демьян Платонович",,1464,Male,,
540073351,"Гребенник, Лев Юрьевич",,1428,Male,,
570006741,"Соколов, Семён Александрович",,1383,Male,,
55780415,"Гаврилова, Дарья Андреевна",,1342,Male,,
55834124,"Шарафутдинов, Вячеслав Романович",,1342,Male,,
522094598,"Мурашова, Майя Никитична",,1338,Male,,
55830269,"Александров, Максим Павлович",,1337,Male,,
55836550,"Андреев, Дмитрий Игоревич",,1287,Male,,
55809154,"Горюнов, Антон Павлович",,1268,Male,,
522099182,"Губенко, Всеволод Михайлович",,1228,Male,,
540033309,"Крюков, Лев Юрьевич",,1210,Male,,
522047107,"Лисачев, Филипп Александрович",,1126,Male,,
312104893,"Benkö, Daniel",,,Male,1607,
523070862,"Gretov, Lev",,,Male,1523,
1676318,"Jauk, Juliane",,,Male,1447,
530000688,"Flaggl, Constantin",,,Male,1426,
530001404,"Imaniazad, Emad",,,Male,1335,
1699784,"Neuhold, Maximilian",,,Male,1335,
1672738,"Eder, Nina",,,Male,1323,
1672720,"Eder, Ralph",,,Male,1311,
530005981,"Gutman, Raphael",,,Male,1305,
530005221,"Schumacher, Serafin",,,Male,1276,
1690469,"Hillbrand, Leopold",,,Male,1266,
529033071,"Karamushka, Danyil",,,Male,1260,
530006180,"Kofler, Anton",,,Male,1232,
1676296,"Pirveli, Georg",,,Male,1215,
1691333,"Enugutti, Aadvik Sai",,,Male,1200,
530005990,"Gutman, Valerie",,,Male,1200,
530001269,"Hillbrand, Constantin",,,Male,1200,
1699660,"Ingemarsson, Julian Per",,,Male,1200,
530001757,"Matzer, Leonie",,,Male,1200,
530004608,"Rainer, Anton",,,Male,1200,
1696165,"Specht, Amelie",,,Male,1200,
530008727,"Asatrjan, Joel",,,Male,0,
530008638,"Asatrjan, Timothi",,,Male,0,
530017360,"Brezlan, Aron Ryan",,,Male,0,
523070870,"Hretov, Yakiv",,,Male,0,
530014930,"Karimi, Lian",,,Male,0,
530000106,"Neubauer, Emily",,,Male,0,
3916537,"Useche Moreno, Luis Rafael",,2096,Male,,CM
3913422,"Rodriguez Garcia, Ricardo Jose",,2046,Male,,
3908119,"Presilla, Luis Jose",,2017,Male,,
3988430,"Cedeno Cedeno, Santiago Leandro",,1984,Male,,
3953637,"Indriago Brito, Angel Modesto",,1980,Male,,
3947556,"Ortiz Avila, Leonard David",,1901,Male,,
3908321,"Flores Rodriguez, Carlos",,1854,Male,,
3962490,"Caraballo Briceno, Samuel David",,1850,Male,,
3951707,"Palladino Guayapero, Vincenzo",,1824,Male,,
3976874,"Culpa Gomez, Jose Daniel",,1799,Male,,
3970574,"Cabrera Rincones, Juan Santiago",,1765,Male,,
537063707,"Devarsh, Malik",,,Male,1454,
1971239,"Gonçalves, Miguel De Matos Poço Cabral",1664,,Male,,
5252830,"MIRANO, Allen",1994,,Male,,
5229499,"ASUNCION, Gino Angelo",1953,,Male,,
5244757,"REYES, Mark Gerald",1904,,Male,,
5222982,"SALCEDO, John Estrada",1836,,Male,,
521051194,"TADEO, Kassandra Day",1746,,Male,,
521000751,"MALLORCA, Marquis Angelo",1620,,Male,,
521040699,"MUANAG, Kent Jerry C.",1921,,Male,,
34406816,"Евсиков, Александр Валентинович",,,Male,1754,
447066342,"Kabdullin, Zhandos",,1745,Male,,
447090600,"Akylbekov, Daniyar",,1565,Male,,
557003505,"Menglibay, Tileuli",,0,Male,,
447086971,"Sultabayeva, Sulushash",,0,Female,,
33468397,"Vihaan, V",,,Male,1544,
88171086,"Yuvakrishnaa, Vellaichamy",,,Male,1477,
558046127,"Rithik, M R",,,Male,0,
14985896,"Bartelt, Tobias",,1894,Male,,
549001540,"Schwandner, Tomas",,1738,Male,,
549002570,"Bartalsky, Tomas",,1605,Male,,
14987511,"Daniel, Kristian",,1511,Male,,
24216461,"Артюшин, Владислав Васильевич",,1937,Male,,
55828248,"Замлелов, Владимир Владимирович",,1402,Male,,
14998718,"Schwandnerova, Olivia",,1000,Female,,
540038661,"Ильясова, Язгуль",,,Female,1401,
1237616,"Lazan, Dragos-Andrei",1585,1696,Male,,
42243602,"Stanescu, Gabriel",1514,1778,Male,,
24129550,"Хоботова, Олеся Александровна",,,Male,1972,
35037129,"Vangala, Prashanth",,1617,Male,,
45060673,"Lakkavarthi, Vijay Kumar",,1529,Male,,
547035625,"Jayaditya, Shrekar Yerra",,1408,Male,,
15015807,"Vidikjevski, Vancho",,1916,Male,,
15002381,"Popagjoski, Ljupco",,1818,Male,,
15007154,"Prisagjanec, Stefan",,1646,Male,,
12442402,"Truong, Duc Hung",,,Male,1557,
23770821,"Maslaňák, Lukáš",,,Male,1129,
522026754,"Кудашев, Алексей Алексеевич",,1357,Male,,
530015731,"Demessinova, Salima Nadya",,,Male,0,
3964841,"Guatache Castillo, Argenis Manuel",,1757,Male,,
23923180,"Amundarain Urriola, Sebastian Jose Alejandro",,1749,Male,,
3970540,"Rondon Zapata, Ricardo Alfonso",,1736,Male,,
3945308,"Hernandez Patino, Jesus David",,1745,Male,,
3970531,"Heredia Cardoza, Victor Guillermo",,1706,Male,,
3969673,"Aguilar Reyes, Lizardo De Jesus",,1680,Male,,
3951529,"Brito Marquez, Sophia Valentina",,1696,Male,,
23910925,"Bauza Fernandez, Lucia Valentina",,1496,Male,,
3991954,"Zabala Millan, Abraham Andres",,1418,Male,,
3977668,"Velasquez Marin, Arantza Cecilia",,1495,Male,,
3976211,"Garcia Acosta, Victoria Maria",,1646,Male,,
23922753,"Alvarez Betancourt, Isaias",,1642,Male,,
23931973,"Figueroa Rodriguez, Pedro Celestino",,1615,Male,,
23929707,"Marval Rondon, Jesus Andres",,1605,Male,,
3919919,"Gutierrez Osorio, Porfirio Rafae",,1582,Male,,
3964787,"Azuaje Luces, Neomar Andres",,1577,Male,,
23903058,"Hernandez Roche, Edgar Jose",,1540,Male,,
23926660,"Velasquez Mosquera, Danilo Jose",,1527,Male,,
23910593,"Guzman Pedroza, Alejandra Valentina",,1521,Male,,
3965104,"Olivares Narvaez, Yhoanyelis Aurimar",,1511,Male,,
23907320,"Velasquez Colina, Daniel Alfonzo",,1450,Male,,
3989763,"Cabrera Rincones, Sergio Andres",,1481,Male,,
23906472,"Guerra Galarraga, Roman Alfonzo",,1480,Male,,
23902949,"Castro Cova, Adriannys Carolina",,0,Male,,
23910941,"Hernandez Calderon, Valeria Esthela",,1432,Male,,
23928441,"Martinez Rodriguez, Carla Daniela",,1420,Male,,
23910976,"Solorzano Diaz, Estefania Isabella",,0,Male,,
23933593,"Quijada Lopez, Mathias Alejandro",,1403,Male,,
3987086,"Brito Rodriguez, Desiree Valentina",,1402,Male,,
23922745,"Gonzalez Siso, Francisco Javier",,0,Male,,
23916311,"Guerra Galarraga, Ignacio Ali",,0,Male,,
23933500,"Jimenez Calderon, Rafael Armando",,0,Male,,
23937963,"Rojas Cabeza, Daniel Alejandro",,0,Male,,
23927178,"Rojas Cedeno, Rebeca Isabella",,0,Male,,
23936983,"Torres Rojas, Aaron Sebastian",,0,Male,,
13450255,"Baghirov, Mahammad +",,2150,Male,,
13445030,"Gurbanov, Amin Novruz +",,2127,Male,,
13415263,"Aliyev, Sanan +",,1806,Male,,CM
13459201,"Guliyev, Rza +",,1731,Male,,
13405233,"Abbasov, Mehman +",,1710,Male,,
13471880,"Murvatov, Farid +",,1547,Male,,
13426575,"Mammadzada, Mirzaagha +",,1525,Male,,
13481690,"Mammadov, Javad +",,1491,Male,,
1706039,"Högberg, Thomas",,1949,Male,,
1758055,"Wik, Per Johan",,1934,Male,,
1730258,"Åkerman, Per",,1914,Male,,
1783785,"Westlund, Leif",,1897,Male,,
1769065,"Dahlblom Sundin, Love",,1893,Male,,
1722867,"Åkerlund, Fredrik",,1891,Male,,
1703579,"Persson, Lars",,1890,Male,,
6389210,"Demir, Ridvan",,1779,Male,,
1776193,"Hemsen, Sebastian",,1682,Male,,
1730282,"Eriksson, Hilding",,1652,Male,,
563000393,"Johansson, Andreas",,0,Male,,
522076590,"Худяков, Алексей Сергеевич",,1451,Male,,
55779140,"Горбатенко, Никита Евгеньевич",,1450,Male,,
55892990,"Фролов, Максим Александрович",,1438,Male,,
55779255,"Ляпин, Илья Владимирович",,1435,Male,,
55893031,"Пильщиков, Савелий Романович",,1428,Male,,
522089578,"Воронина, Милана Леонидовна",,1417,Male,,
12457531,"Luu, Minh Trang",,,Female,1542,
5211506,"Amar, Denzel John",,2023,Male,,
5822912,"Aw, Kai Le Andrew",,1891,Male,,
5839408,"Ong, Yan Cheng",,1723,Male,,
5829453,"Dhanesh, Venkata Narayanaswamy",,1721,Male,,
5883695,"Kao, Teddi",,1712,Male,,
5820642,"Adharsh, Venkatakrishnan",,1673,Male,,
8646619,"Liu, Xuanyu(Sd)",,1669,Male,,
5820090,"Law, Dominic",,1655,Male,,
5815053,"Saajid,",,1614,Male,,
521050449,"Lacsa, Ashton Elijah",,1600,Male,,
5821673,"Low, Hei Yuet Cheryl",,1528,Male,,
35871652,"Tan, Jian Hong Jayden",,1517,Male,,
5869951,"Liang, Kuan Wun",,1486,Male,,
48771066,"Abhyuday, Jha",,1464,Male,,
5860962,"Ng, Shin Sheng Hayden",,1440,Male,,
564002047,"Jasim Khan A,",,0,Male,,
5859816,"Lee, Rui Feng Ayden",,0,Male,,
5879302,"Robinson, Kaidon",,0,Male,,
547021217,"Sriram, Manikandan",,0,Male,,
5877113,"Tze, Wei Zun Ayden",,0,Male,,
11652020,"Dansins, Daniils",,,Male,,
11646381,"Eglitis, Rudolfs",,,Male,,
11651237,"Jakovlevs, Mihails",,,Male,,
11658029,"Kacanovs, Arsenijs",,,Male,,
11657243,"Krasko, Artjoms",,,Male,,
11656611,"Kuda, Edvards",,,Male,,
11658045,"Labunovskis, Dimitrs",,,Male,,
11654341,"Muravciks, Timurs",,,Male,,
11658452,"Novikovs, Natans",,,Male,,
11645989,"Spundins, Georgs",,,Male,,
11651970,"Strekalova, Laura",,,Male,,
11658185,"Talibovs, Ilajs",,,Male,,
11654562,"Tulovska, Alona",,,Male,,
8523134,"Tyowase, Tyover Collins",2090,,Male,,
8503672,"Adejoh, Joshua",2072,,Male,,
8511730,"Oziegbe, Promise",1999,,Male,,
8519641,"Ajuba, Vasia",1986,,Male,,
8500797,"Othman, Mustapha",1986,,Male,,
8511039,"Osadebe, Michael Ikechukwu",1959,,Male,,
8514127,"Obikili, Chinedu George",1951,,Male,,
8511640,"Michael, Bridget",1947,,Male,,
8506108,"Mandu, Humphrey Yinalanah",1896,,Male,,
8514585,"Sema, Sokpo",1871,,Male,,
8521131,"Yakubu, Daniel Musa",1844,,Male,,
8504113,"Ojikutu, Samuel",1835,,Male,,
8530696,"Obinna, Udochukwu Godsvictory",1809,,Male,,
8542201,"Olowolayemo, Rotimi",1779,,Male,,
8513600,"Iwuagwu, Onyedikachi Williams",1745,,Male,,
8523762,"Abyem, Afa Joseph",1714,,Male,,
8547335,"Muogbo, Chioma Peace",1671,,Male,,
8555273,"Kudehinbu, Oluwaponle",1556,,Male,,
8506167,"Ayedero, Ayorinde Babs",0,,Male,,
8587256,"Chukwu, Ikechukwu Idam",0,,Male,,
8506213,"King, Eugene",0,,Male,,
8535850,"Musa, Abdulalim",0,,Male,,
8505942,"Nzekwe, Godday Samuel",0,,Male,,
8529779,"Offor, Omatule Wisdom",0,,Male,,
8531080,"Oguejiofor, Ugochukwu",0,,Male,,
8589518,"Sokpo, Kpam J",0,,Male,,
11653086,"Aboltins, Matiss",,,Male,0,
11643757,"Danilkovs, Deniss",,,Male,0,
3840727,"Olivar Gallegos, Erick",,1743,Male,,
11656719,"Haritonovs, Daniels",,,Male,0,
11652012,"Ivanovs, Vladimirs",,,Male,0,
11654031,"Kalmikovs, Ronalds",,,Male,0,
11647205,"Krevneva, Nikola",,,Male,0,
11650028,"Lamans, Dmitrijs",,,Male,0,
11645636,"Malisa, Ksenija",,,Male,0,
11642890,"Nikiforovs, Rostislavs",,,Male,0,
11653736,"Raudonis, Danila",,,Male,0,
11648678,"Shyrko, Ivan",,,Male,0,
11645768,"Skrebecs, Marks",,,Male,0,
11647248,"Strautnieks, Matiss",,,Male,0,
11647825,"Suslenkovs, Pavels",,,Male,0,
11645520,"Trapeznikovs, Artjoms",,,Male,0,
11651490,"Vilumsons, Rauls Martins",,,Male,0,
11651270,"Vinogradova, Kristina",,,Male,0,
11638044,"Vinokurovs, Valerijs",,,Male,0,
533071837,"Wiehler,  Falk",1152,,Male,,
523067276,"Cebolla Perez, Martin",,1600,Male,,
523065109,"Diaz Caceres, Jordi",,1497,Male,,
553021681,"Clemente Munoz, Pablo",,0,Male,,
553017200,"Cuquerella Saez, Didac",,0,Male,,
553017250,"Montalva Suay, Vicente",,0,Male,,
523056665,"Torreblanca Berenguer, Anna",,0,Female,,
523066105,"Gil Martin, Daniel",,0,Male,,
535042141,"Miao, Vicente",,0,Male,,
553025113,"Ramirez Gomez, Miguel",,0,Male,,
535042192,"Rodriguez Lopez, Omar",,0,Male,,
553021614,"Ferri Abdel-Ghafour, Pau",,0,Male,,
553017234,"Llorca Mico, Ignacio",,0,Male,,
553017218,"Cuquerella Saez, Hannibal",,0,Male,,
553025121,"Ramirez Gomez, Jacobo",,0,Male,,
553017242,"Llorca Mico, Daniel",,0,Male,,
535045531,"Cebolla Perez, Celia",,0,Female,,
535041714,"Rodriguez Lopez, Lucas",,0,Male,,
553017161,"Diaz Caceres, Santiago",,0,Male,,
540059987,"Шерешков, Дмитрий Алексеевич",,2258,Male,,
522017216,"Храмшин, Артем Николаевич",,2516,Male,,
55786278,"Виноградов, Владислав Александрович",,2222,Male,,
14237113,"Kosimov, Afzalbek",1484,,Male,,
14249316,"Abdumalikov, Fazliddin",0,,Male,,
14249227,"Akramov, Khushnudbek",0,,Male,,
14240300,"Atabekov, Ibratilla",0,,Male,,
14254204,"Khasanova, Ilmira",0,,Male,,
2910756,"Yanev, Pavel",,2240,Male,,
2909855,"Valev, Valentin",,2219,Male,,
2907020,"Milchev, Miroslav",,2185,Male,,
2944120,"Trendafilov, Simeon",,2178,Male,,
2904870,"Nuhov, Zija",,2170,Male,,
5835089,"Ryan, De",,1478,Male,,
5884055,"Lu, Sheng Jie Aiden",,1509,Male,,
13008323,"Chit, Ye Thu",,1621,Male,,
2901200,"Angelov, Angel",,2149,Male,,
2903873,"Delchev, Petar",,2118,Male,,
2926644,"Nikolov, Yavor",,2096,Male,,
2900734,"Kazakov, Dobrin",,2047,Male,,
2911000,"Dimitrov, Dejan",,2043,Male,,
2904454,"Sotirov, Nikolaj",,2041,Male,,
2925885,"Hristova, Ivelina",,2036,Male,,
2905566,"Mutafov, Krasimir",,2036,Male,,
2901145,"Angelov, Angel Y.",,2034,Male,,
2903733,"Hristov, Atanas",,2020,Male,,
2932474,"Velikov, Nikola",,2019,Male,,
2953862,"Shvenk, Denis",,2015,Male,,
2977648,"Eredzheb, Redzheb",,1996,Male,,
2901412,"Glavchev, Stanislav",,1989,Male,,
2928604,"Zhelev, Nikolay",,1969,Male,,
2914042,"Karastoyanov, Mihail",,1965,Male,,
2922819,"Georgiev, Zhivko",,1964,Male,,
2904365,"Zhelev, Zhelcho",,1952,Male,,
2907330,"Markaryan, Garo",,1920,Male,,
2930374,"Kisyov, Krum-Petar",,1914,Male,,
2909766,"Chalakov, Svetlan",,1906,Male,,
2916371,"Peev, Martin",,1906,Male,,
2911965,"Dimitrov, Krasen",,1892,Male,,
327136839,"Sabev, Dilyan",,1870,Male,,
2906627,"Rusev, Rosen",,1870,Male,,
2912317,"Ivanov, Daniel",,1840,Male,,
2935210,"Atanasov, Rosen",,1832,Male,,
2929287,"Mitev, Mitko",,1798,Male,,
2907038,"Vladimirov, Ivo",,1789,Male,,
2926733,"Zhelyazkov, Aleksandar",,1762,Male,,
2936208,"Georgiev, Radmil",,1760,Male,,
2936097,"Dimitrov, Dimitar K.",,1753,Male,,
2935244,"Petrov, Valeriy",,1751,Male,,
2906368,"Dikov, Dian",,1736,Male,,
2958929,"Georgiev, Marin J.",,1736,Male,,
2976765,"Hadjiovlu, Sezgin",,1730,Male,,
2942550,"Stoychev, Dimitar",,1637,Male,,
2904250,"Vasileva, Cveta",,1631,Male,,
2957922,"Eftimov, Kalin",,1630,Male,,
2912341,"Jordanov, Jordan",,1627,Male,,
529019010,"Nemychenkov, Artem",,1622,Male,,
2942577,"Damyanov, Mincho",,1606,Male,,
2966336,"Demirev, Pavlin",,1587,Male,,
2976820,"Donev, Valeri",,1583,Male,,
2969890,"Ivanov, Krasimir D.",,1582,Male,,
2978741,"Zhuravlov, Heorhii",,1559,Male,,
2904179,"Tachev, Kamen",,1557,Male,,
2976676,"Banchev, Blagovest",,1556,Male,,
2976692,"Dimitrov, Teodor S.",,1556,Male,,
34144838,"Russieva, Svitlana",,1542,Male,,
2965640,"Safonov, Rostislav",,1536,Male,,
2968517,"Zvezdin, Evgen",,1528,Male,,
2976757,"Hadjiovlu, Ozan",,1516,Male,,
2979292,"Nenov, Yury",,1477,Male,,
2977320,"Ivanov, Georgi S.",,1465,Male,,
2966964,"Ivanov, Daniel K.",,1453,Male,,
2976811,"Khodakovskyi, Mykyta",,1453,Male,,
2949954,"Abramyan, Maria",,1452,Male,,
2936240,"Stoyanov, Hristo",,1440,Male,,
2978725,"Banchev, Lazar",,0,Male,,
2965798,"Chernohorov, Ruslan",,0,Male,,
2968550,"Dermendzhiev, Mihail",,0,Male,,
2977184,"Dimitrov, Daniel A.",,0,Male,,
2978377,"Dimitrov, Miroslav V.",,0,Male,,
2977664,"Dimitrov, Stoyko",,0,Male,,
529039622,"Fadieieva, Alisa",,0,Male,,
2953609,"Grudov, Stamen",,0,Male,,
2969874,"Ivanov, Hristo K.",,0,Male,,
2025159,"Kanev, Svetlozar",,0,Male,,
2962896,"Kikavskyi, Ivan",,0,Male,,
2962888,"Kikavskyi, Pavlo",,0,Male,,
529042640,"Pasko, Yevhen",,0,Male,,
2976650,"Petkov, Konstantin M.",,0,Male,,
529036690,"Romenska, Khrystyna",,0,Male,,
2978784,"Sidorov, Andrei A.",,0,Male,,
2978539,"Silanov, Dobrynia",,0,Male,,
2976668,"Stoyanov, Boris T.",,0,Male,,
13475860,"Ganizada, Nurlan +",,1749,Male,,
13461460,"Shirinov, Kanan _",,1724,Male,,
13463489,"Khuduzade, Azad +",,1679,Male,,
13418890,"Mammadov, Ziya +",,1648,Male,,CM
13481380,"Babasoy, Kanan _",,1631,Male,,
13471937,"Omar, Muhammad +",,1580,Male,,
13467514,"Salahli, Vahid +",,1549,Male,,
13474243,"Huseynov, Kemaleddin _",,1538,Male,,
13475711,"Babazade, Farid +",,1528,Male,,
13463810,"Jafarov, Orhan +",,1515,Male,,
13450530,"Mamedov, Aziz +",,1409,Male,,
13486500,"Abbasli, Aylin +",,0,Male,,
34485996,"Аседулов, Всеволод",,1943,Male,,
55817580,"Кузнецов, Степан",,1848,Male,,
55787134,"Наумчук, Егор",,1796,Male,,
55816320,"Никитин, Илья",,1743,Male,,
55762905,"Кривобок, Макар",,1719,Male,,
55860729,"Рыжов, Денис",,1694,Male,,
55659837,"Радаев, Артём",,1692,Male,,
55727840,"Зеленов, Семён",,1572,Male,,
55727310,"Иванов, Андрей",,1406,Male,,
17037263,"Fazekas, Panni",,,Male,0,
17034612,"Kondas, Eszter",,,Male,0,
42166950,"Tsoukalas, Dimitrios",,1587,Male,,
42155444,"Palaiologou, Michail D",,1556,Male,,
42185491,"Michalopoulos, Nikolaos",,1519,Male,,
42170621,"Mantouvalos, Vasileios",,1517,Male,,
42161231,"Ioannidis, Agis",,1406,Male,,
541010604,"Chasiotis, Ioannis A",,0,Male,,
541013077,"Flyn, Dimitrios Vinsent",,0,Male,,
541008928,"Mantouvalou, Manolia Melita",,0,Male,,
42197228,"Pesmatzoglou, Michail",,0,Male,,
541020294,"Pesmatzoglou, Michail N",,0,Male,,
42194407,"Pierrakos, Dionysios",,0,Male,,
541019377,"Skylakos, Sokratis",,0,Male,,
42194423,"Stefanou, Ioannis E",,0,Male,,
541020340,"Volvach, Kiryl",,0,Male,,
540071030,"Фридэ, Сергей Александрович",,1382,Male,,
12461750,"Pham Xuan An,",,,Male,1541,
24152609,"Кан, Юрий Сергеевич",,1713,Male,,
55603645,"Карташов, Максим Васильевич",,1703,Male,,
55634508,"Терегулов, Рафаэль Маратович",,1617,Male,,
55692494,"Сологор, Матвей Васильевич",,1610,Male,,
34170739,"Ходорадзе, Гия",,1604,Male,,
55627331,"Гогов, Мухамед Мулидович",,1600,Male,,
34152293,"Ивлева, Ирина Викторовна",,1566,Male,,
1329561,"Олимпиев, Алексей Алексеевич",,1549,Male,,
540027155,"Геленидзе, Сандро Георгиевич",,1509,Male,,
540086062,"Новиков, Сергей Валерьевич",,1497,Male,,
522008748,"Головнин, Александр Михайлович",,1490,Male,,
55861148,"Ильинский, Юрий Дмитриевич",,1489,Male,,
540086054,"Чуфенев, Сергей Николаевич",,1454,Male,,
55885187,"Алёхин, Геннадий Валентинович",,1434,Male,,
55698000,"Душанина, Кира Рустамовна",,1428,Male,,
55894038,"Масаева, Илина Иналовна",,1342,Male,,
522075631,"Шамаев, Егор Максимович",,1389,Male,,
55698018,"Душанина, Ульяна Рустамовна",,1257,Male,,
4195310,"Володин, Андрей Сергеевич",,1241,Male,,
81417705,"Martinez Mamani, Juan Lorenzo",,1709,Male,,
42554063,"Hesampoor, Ahmad",,1842,Male,,
42590302,"Feily Zade, Aidin",,1809,Male,,
32702698,"Keshavarz, Ali",,1732,Male,,
22582681,"Mohammadi, Parsa",,1704,Male,,
536026921,"Nazari, Bina",,1679,Male,,
29649609,"Castillo, Garcia Tadeo",,,Male,1541,
34108316,"Симаков, Алексей Павлович",,1714,Male,,
13701584,"Nauryzgaliyev, Kaiyrzhan",,,Male,2136,
13751964,"Danilov, Dmitryi",,,Male,1964,
13703188,"Sergeyev, Dmitriy",,,Male,1872,
13727842,"Nurhayev, Erlan",,,Male,1822,
13780131,"Molbay, Torekhan",,,Male,1818,
447002271,"Zhortabayev, Bekarys",,,Male,1813,
13728806,"Anokhin, Vladimir",,,Male,1788,
13766120,"Murat, Damir",,,Male,1674,
447030780,"Nurlan, Akhan",,,Male,1552,
13751921,"Sultanov, Eldar",,,Male,1428,
13778633,"Sultanov, Timur",,,Male,1406,
13728822,"Ibrayev, Azamat",,,Male,0,
557001510,"Mektepkaliyev, Azamat",,,Male,0,
13712594,"Mubarak, Utegen",,,Male,0,
17018463,"Turcsanyi, Endre Zsolt",,,Male,1541,
17024307,"Sztupak, Szilard",,,Male,0,
10618783,"Bondok, Ahmad Saeed",,,Male,1915,
12200719,"Amer, Mohammed Bishara",,,Male,1876,
9329560,"Hamdan, Mohammed Al Ali",,,Male,1651,
7612303,"Alajati, Abdl Alrahman.",,,Male,1623,
537038923,"Ivaan, Mathew Elias",,,Male,1526,
9322388,"Saad, Jaber Alahbabi",,,Male,1506,
9325573,"Sheikha, Abdulla Almeraikhi",,,Male,1467,
9325190,"Mahra, Khalifa Al Neyadi",,,Male,1443,
9329536,"Zayed, Mohammed Al Ali",,,Male,1433,
9331255,"Khalifa, Talal Al Belushi",,,Male,1410,
7612290,"Makhmalji, Mouhammad.",,,Male,1404,
12206733,"Mohamed, Ahmed Ibrahim Eltahier",,,Male,0,
537068962,"Abdul, Haseeb",,,Male,0,
9334432,"Abdulla, Mohammed Aleissaee",,,Male,0,
9330550,"Abdulla, Saeed Alblooshi",,,Male,0,
537064762,"Ahyan, Haseeb",,,Male,0,
537038206,"Ayaan, Haseeb",,,Male,0,
48798347,"Ayham, Syed",,,Male,0,
7621329,"Chakir, Jubran Ragid.",,,Male,0,
9330500,"Fatima, Nasser Alshamsi",,,Male,0,
9325360,"Hamadan, Salah Haidra",,,Male,0,
9334882,"Hamdan, Obaid Alzaabi",,,Male,0,
9333460,"Hasan, Saeed Hasan Alblooshi",,,Male,0,
9334866,"Hazza, Obaid Alzaabi",,,Male,0,
9333339,"Khalifa, Shakhboot Albedwawi",,,Male,0,
9333495,"Latifa, Khaled Alobeidli",,,Male,0,
7612281,"Makhmalji, Asmaa.",,,Male,0,
9333509,"Mariam, Hamdan Saif Alkindi",,,Male,0,
54258898,"Mohamed Farag, Ahmed",,,Male,0,
54289777,"Mohamed Said, Omar",,,Male,0,
9330488,"Mouza, Hamdan Alkindi",,,Male,0,
9331611,"Nahyan, Mohammed Almazrui",,,Male,0,
9331395,"Nourah, Salem Alameri",,,Male,0,
9334998,"Rashed, Mohammed Alketbi",,,Male,0,
9334874,"Rashed, Obaid Alzaabi",,,Male,0,
9330518,"Saeed, Nasser Alshamsi",,,Male,0,
9329854,"Salama, Majed Banabila",,,Male,0,
55645135,"Демоюн, Владимир Борисович",,1691,Male,,
44195044,"Артюхов, Николай Васильевич",,1708,Male,,
24183059,"Овчинников, Кирилл Андреевич",,1704,Male,,
55647723,"Воронин, Виктор Михайлович",,1401,Male,,
24107395,"Шарипов, Рамил Фаилевич",,1549,Male,,
55805981,"Киселёв, Игорь Юрьевич",,1515,Male,,
34269983,"Журавлёв, Артём Михайлович",,1421,Male,,
44195079,"Медведев, Анатолий Николаевич",,1313,Male,,
12533629,"Safari Eskandari, Mojtaba",,2127,Male,,
12504726,"Mari Ooriad, Pouya",,2036,Male,,
42700183,"Kazemi, Mohammad Mehdi",,2032,Male,,
12574899,"Namdarigharghani, Parsa",,1989,Male,,
42700191,"Kazemi, Niloofar",,1857,Male,,
36757977,"Sajjadi, Seyed Artin",,1810,Male,,
42564654,"Salehi, Mahan",,1806,Male,,
32710941,"Ghasemi, Safiallah",,1750,Male,,
34149705,"Манохин, Сергей Гаврилович",,1599,Male,,
22591770,"Babrishal, Shapoor",,1745,Male,,
36767832,"Mosavi, Saber",,1638,Male,,
36707651,"Bostani, Ali",,1557,Male,,
9337784,"Salem, Ahmed Alblooshi",,,Male,0,
9320083,"Shaikha Nasser, Alshamsi",,,Male,0,
9333487,"Shaima, Khaled Alobeidli",,,Male,0,
9331603,"Sultan, Mohammed Almazrui",,,Male,0,
17030951,"Kozak, Adam",,,Male,1546,
17038286,"Kiszuczki, Csaba",,,Male,0,
17040868,"Kopriva, Kirill",,,Male,0,
17030323,"Uveges, Balazs",,,Male,0,
529011280,"Mirzakhanian, Tihran",,2009,Male,,
34125612,"Smirnov, Maksym",,1950,Male,,
34192670,"Dymchuk, Anatolii",,1911,Male,,
34194649,"Zaitsev, Yuriy",,1864,Male,,
14188503,"Shevaga, Igor",,1810,Male,,
529039797,"Zelenskiy, Oleksiy",,1798,Male,,
34147500,"Nesterenko, Valery",,1760,Male,,
3881580,"Medina Vera, Jimmy Manuel",,1662,Male,,
529003881,"Yurkov, Serhii",,1732,Male,,
529007674,"Skorobohatov, Valentyn",,1719,Male,,
34192620,"Bahlai, Viktor",,1711,Male,,
34192751,"Nykyforchyn, Serhii",,1698,Male,,
14197316,"Yuzyuk, Volodymyr",,1624,Male,,
11637803,"Veinberga, Elena",,0,Male,,
529033535,"Hryzhak, Oleksandr",,1528,Male,,
529019362,"Safulko, Vladyslav",,1470,Male,,
529011264,"Dmytretskyi, Dmytro",,1464,Male,,
529039703,"Anosov,, Volodymyr",,0,Male,,
17040086,"Dakos, Milan Alex",,,Male,0,
17015723,"Kiss, Nimrod",,,Male,0,
17035007,"Toth, Milan Kevin",,,Male,0,
789259,"Czovek, Imre",,1689,Male,,
17020638,"Soos, Botond Mate",,1555,Male,,
17001471,"Kosi, Kornel Aron",,1533,Male,,
17012368,"Illes, Mark",,1482,Male,,
17012376,"Csitari, Adam Farkas",,1479,Male,,
17028957,"Varga, Fulop Dominik",,0,Male,,
17003466,"Homolya, Nandor",,,Male,0,
558029664,"Vivan Mehta,",,,Male,1571,
558029702,"chandra shekar k h,",,,Male,1478,
48781398,"Sai Saharsh G,",,,Male,1415,
55880509,"Кондратович, Иван",,1746,Male,,
55714374,"Бугаев, Гордей Романович",,1660,Male,,
55744630,"Станкевич, Вячеслав Максимович",,1647,Male,,
55804330,"Агапитов, Григорий Витальевич",,1526,Male,,
540027201,"Димаков, Дмитрий Александрович",,1458,Male,,
522092803,"Щапова, Софья",,1409,Male,,
522040447,"Царев, Николай Дмитриевич",,1404,Male,,
522095594,"Ковалев, Иван Игоревич",,1361,Male,,
540051099,"Кондратович, Валерия Александровна",,1245,Male,,
540036804,"Голиков, Григорий Артемович",,1308,Male,,
522072209,"Волков, Валерий Павлович",,,Male,1359,
55777040,"Золотов, Мирослав Юрьевич",,,Male,1334,
55822738,"Создателева, Кира",,,Male,1304,
55830617,"Магомедов, Магомед Патахович",,,Male,1297,
540072070,"Попенков, Валерий Сергеевич",,,Male,1242,
540091546,"Скрипник, София Дмитриевна",,,Male,1241,
540050530,"Бочарников, Иван Андреевич",,,Male,1225,
522065709,"Федоров, Владимир Сергеевич",,,Male,1210,
540051218,"Мишукова, Вероника Константиновна",,,Male,1201,
540052907,"Яковлев, Максим Русланович",,,Male,1201,
55729169,"Мадаев, Адам Джамбулатович",,,Male,1669,
55821723,"Говорун, Николай Михайлович",,,Male,1628,
55735444,"Родичев, Георгий Камович",,,Male,1531,
55831303,"Шустов, Филипп Егорович",,,Male,1488,
55700420,"Ильиных, Савва Алексеевич",,,Male,1485,
55687296,"Ильиных, Афанасий",,,Male,1459,
540052494,"Новак, Лев Александрович",,,Male,1443,
55769519,"Бурматов, Максим Дмитриевич",,,Male,1435,
55806309,"Одиянков, Святослав Сергеевич",,,Male,1428,
540057747,"Саломатов, Николай Дмитриевич",,,Male,1428,
34330070,"Шарахмедов, Шамурад",,,Male,1411,
11658550,"Bocenkovs, Artjoms",,,Male,0,
11658312,"Caune, Kristofers",,,Male,0,
11658746,"Fridmans, Davids",,,Male,0,
11658762,"Janaitis, Aleksandrs",,,Male,0,
11658541,"Jelisejevs, Izaks",,,Male,0,
11658576,"Marcenko, Ralfs",,,Male,0,
11657847,"Marnics, Matvejs",,,Male,0,
11650460,"Petrovics, Andre",,,Male,0,
11658738,"Strods, Ricards",,,Male,0,
11658037,"Vahterovs, Neroslavs",,,Male,0,
533050880,"Warren, Ray Nikita",,,Male,0,
11658819,"Zile, Alberts",,,Male,0,
11658827,"Zile, Emils",,,Male,0,
11655020,"Zukovska, Annija",,,Male,0,
11658878,"Fomicevs, Luka",,,Male,0,
11658800,"Kaimova, Marlena",,,Male,0,
13494953,"Mustafayev, Davud",,,Male,0,
11658649,"Strucajeva, Taisija",,,Male,0,
11658673,"Treibusa, Varvara",,,Male,0,
11658118,"Zamjatina, Aleksandra",,,Male,0,
11622938,"Tolmaceva, Alona",,2020,Male,,
29626790,"Mendoza, Perea Isaac",,,Male,1525,
11630990,"Fridmans, Boriss",,1628,Male,,
11647280,"Jazvinskis, Aleksejs",,1492,Male,,
529014484,"Kucheriavyi, Vladyslav",,1558,Male,,
529003806,"Priian, Illia",,1522,Male,,
529023629,"Bahlai, Davyd",,0,Male,,
529019354,"Ivaniuk, Mykhailo",0,1406,Male,,
11638346,"Demakina, Nadezda",,1535,Male,,
529014506,"Lelyiavyn, Nazar",1838,1782,Male,,
11652365,"Freiberga, Estere",,1405,Male,,
11657804,"Freiberga, Agnese",,0,Male,0,
11650044,"Jefimova, Marija",,1589,Male,,
11634189,"Ugolevs, Ilja",,1400,Male,,
11633107,"Litajevs, Igors",,0,Male,,
12872970,"Volkov, Mark",,0,Male,,
5006740,"Arif Ali,",,,Male,2039,
5021413,"Pawan Batham,",,,Male,1935,
35024728,"Sayeed Ahmad,",,,Male,1818,
5014891,"Kapil Kumar Khare,",,,Male,1778,
25627570,"Yadav Saurabh,",,,Male,1657,
25649868,"Siddharth Yadav,",,,Male,1635,
33425094,"Lakshya Nigam,",,,Male,1621,
547051558,"Saransh Shukla,",,,Male,1587,
33313563,"Pranav Rastogi,",,,Male,1557,
25063049,"UB SIngh,",,,Male,1495,
33316309,"Somesh Srivastava,",,,Male,1473,
531045588,"Abhigyan Katiyar,",,,Male,1470,
429094658,"Arjun Garg,",,,Male,1460,
88105857,"Ojas Anand,",,,Male,1456,
88105954,"Satvik Anand,",,,Male,1434,
547002409,"Amay Rajendra,",,,Male,1403,
564073084,"Kaustubh Mishra,",,,Male,0,
564072819,"Mohd Syed Irfan,",,,Male,0,
533048967,"Roth,  Fabian",1491,,Male,,
547051418,"Rajan Singh,",,,Male,0,
1930087,"Veiga, Jose Francisco R P Neves",2413,,Male,,IM
2228939,"Cruz Ravina, Francisco Javier",2406,,Male,,FM
3507076,"Gomez Ledo, Roberto Carlos",2401,,Male,,IM
22200070,"Fernandez Garcia, Jose Miguel",2370,,Male,,IM
1127373,"Tomaszewski, Kacper",2350,,Male,,FM
1189654,"Zylka, Stanislaw",2360,,Male,,IM
24520470,"Diaz Miño, Pablo",2317,,Male,,FM
2232588,"Silva Lucena, Cristian",2224,,Male,,FM
2200414,"Perez Pardo, Juan Carlos",2288,,Male,,FM
54592763,"Kowalski Rubiales, Nicholas",2234,,Male,,CM
2211351,"Escobar Dominguez, Daniel",2275,,Male,,FM
32096836,"Cuellar Montes, Alejandro",2205,,Male,,CM
54501199,"Bermudez Ureba, Juan Diego",2295,,Male,,FM
2209730,"Jimenez Bernal, Francisco",2192,,Male,,
2217368,"Urbina Perez, Juan Antonio",2225,,Male,,FM
2222981,"Oñate Mendez, Elias",2181,,Male,,CM
34147586,"Sukhodolskyi, Oleksii",2105,,Male,,
94784825,"Macias Verano, Jose Maria",2115,,Male,,
2216868,"Viñas Guerrero, Carlos A.",2083,,Male,,
2220199,"Ocaña Roca, Juan Jesus",2115,,Male,,
420441,"Whatley, Stephen A J",2145,,Male,,
2223007,"Gonzalez Gonzalez, Alfonso",2090,,Male,,
24582719,"Garcia Rodriguez, Angel",2050,,Male,,
523081902,"Gamez Matamoros, Andres",2080,,Male,,CM
22232168,"Perez Caceres, Jorge",2111,,Male,,
2254239,"Ortega Valle, Jose Ramon",2063,,Male,,CM
2202409,"Santos Izquierdo, Francisco Javier",2043,,Male,,FM
2202581,"Siliceo Capilla, Alfonso",2031,,Male,,
2228971,"Oliva Lobato, Pedro",2062,,Male,,
2245400,"Ordoñez Torres, Maria Del Carmen",2059,,Female,,WFM
24541850,"Cid Alarcon, Fabio",2001,,Male,,
2251523,"Muñoz Gonzalez, Jose Antonio",2093,,Male,,
2219549,"Osuna Vega, Enrique",2051,,Male,,
2284235,"Peculo Camacho, David",2007,,Male,,
24568678,"Insua Conesa, Enrique",2041,,Male,,
2287706,"Gentes Benito, Mauricio",1995,,Male,,
22250352,"Puerto Delgado, Pedro",1982,,Male,,
22226788,"Montalban Rivera, Juan",2001,,Male,,
2219239,"Martin Macias, Daniel",2006,,Male,,
94790752,"Xu, Chenjie (Lucas)",2009,,Male,,
2209705,"Insua Mellado, Jose Luis",2006,,Male,,
54592739,"Escobar Garcia, Alberto",1990,,Male,,
412473,"Holdsworth, Simon Paul",1988,,Male,,
54501229,"Martinez Malia, Jose Manuel",1953,,Male,,
94779198,"Miguez Dominguez, Guillermo Santiago",2030,,Male,,
2259150,"Gomez Calle, Jose Antonio",2010,,Male,,
2213001,"Herrera Mellado, Luis",1996,,Male,,
2254824,"Ruiz Manrique, Joaquin",1947,,Male,,
32093705,"Martin Fandiño, Manuel Federico",2005,,Male,,
24568597,"Caruncho Rodriguez, Francisco",1954,,Male,,
2222540,"Vela Ignacio, Jose Manuel",1975,,Male,,
22241329,"Diaz Gallego, Saul",1912,,Male,,
2230666,"Fernandez Montero, Francisco Manuel",2022,,Male,,
24560359,"Villanueva Marquez, Santiago",1997,,Male,,
2256568,"Cuellar Rodriguez, Alfonso",1967,,Male,,
2273543,"Casas Andrades, Jesus",1963,,Male,,
22275797,"Mateos Atienza, Alberto",1935,,Male,,
32071264,"Rebollo Puyana, Daniel",1888,,Male,,
54501180,"Garrido Collantes, Jose Manuel",1935,,Male,,
94785805,"Rosas Roman, Gabriel",1954,,Male,,
2273608,"Diaz Montenegro, Ignacio",1935,,Male,,
22228284,"Periñan Freire, Antonio Jesus",1948,,Male,,
32071230,"Bedoya Roman, Francisco",1951,,Male,,
24568643,"Garcia Rodriguez, Luis",1943,,Male,,
2246422,"Ruiz Ledo, Antonio",1932,,Male,,
535030844,"Ye, Lexuan",1839,,Male,,
2265761,"Perez Romero, Carlos Dario",1933,,Male,,
32093721,"Tocino Rivas, Maria Milagros",1914,,Female,,
2271168,"Rios Gonzalez, Jose Antonio",1905,,Male,,
54501270,"Perez Bellido, Jose Manuel",1925,,Male,,
2276933,"Roman Sanchez, Jesus Maria",1913,,Male,,
2287943,"Sanchez Ponce, Juan Manuel",1907,,Male,,
2202360,"Lopez-Tello Gonzalez, Ernesto",1861,,Male,,
22264655,"Lorente Manzanares, Luis Santiago",1902,,Male,,
22255044,"Luque Marin, Pedro Antonio",1889,,Male,,
535062860,"Reales Gonzalez, Jose Manuel",1731,,Male,,
94794324,"He He, Jingxuan",1879,,Male,,
24568724,"Moscoso Gilbau, Juan Manuel",1875,,Male,,
24593427,"Mena Lorente, Luis",1871,,Male,,
32045174,"Rodriguez Perez, Antonio",1838,,Male,,
22243364,"Bascones Soto, Aitor",1855,,Male,,
2245744,"Castro Alvarez, Manuel",1934,,Male,,
24518247,"Tarrio Ocaña, Jose Manuel",1874,,Male,,
32042108,"Caballero Foncubierta, Antonio",1863,,Male,,
2251507,"Gomez Zambrana, Pedro Alfonso",1897,,Male,,
11637790,"Veinbergs, Nikolajs",,0,Male,,
2271052,"Diaz Vichi, Francisco",1878,,Male,,
32097794,"Ramirez Carrasco, Antonio",1848,,Male,,
54501202,"Bermudez Ureba, Jose Maria",1806,,Male,,
2251442,"Peña Carmona, David",1893,,Male,,
2287552,"Barranco Sanchez, Jose Antonio",1817,,Male,,
54548411,"Fresno Garcia, Miguel Angel",1829,,Male,,
553041836,"Galan Garcia, Juan",0,,Male,,
54783194,"Kowalski Rubiales, Leo",1821,,Male,,
22200479,"Mena Castillo, Luis",1820,,Male,,
2266539,"Guerrero Beret, Jesus",1884,,Male,,
2266520,"Guardia Bencomo, Tomas",1801,,Male,,
54501288,"Cabillas Martinez, Juan Luis",1799,,Male,,
2251540,"Campos Calvo-Sotelo, Juan",1877,,Male,,
22232176,"Pica Montesinos, Pedro Pablo",1871,,Male,,
32044470,"Medina Villalba, Miguel",1850,,Male,,
22230599,"Servio Campos, Antonio",1817,,Male,,
54771048,"Moreno Arcario, Jose Manuel",1802,,Male,,
2224674,"Cebada Benitez, Fernando",1850,,Male,,
94734941,"Benitez Butron, Daniel",1831,,Male,,
22236910,"Gil Belizon, Diego",1889,,Male,,
523090413,"Vargas Gradella, Diego",1808,,Male,,
94713235,"Roldan Moreno, Isabel",1779,,Female,,
2272296,"Cosano Montero, Jose Enrique",1878,,Male,,
523091606,"De La O Hay, David",1784,,Male,,
2298066,"Granja Fuentes, Jorge",1797,,Male,,
523082046,"Iribarnegaray Chanrion, Gael Graeme",1802,,Male,,
2264722,"Romero Valencia, Fernando",1852,,Male,,
24520446,"Caballero Moreno, Jose Luis",1769,,Male,,
32071256,"Almisas Albendiz, Ricardo",1867,,Male,,
24541923,"Ligero Marin, Francisco",1808,,Male,,
22228306,"Pescador Canora, Enrique",1829,,Male,,
22297189,"Malia Ramirez, Jose",1835,,Male,,
425885,"Longdin, Michael",1823,,Male,,
22241310,"Diaz Gallego, Jose Ignacio",1798,,Male,,
2265753,"Oñate Gomez, Ildefonso",1811,,Male,,
94779082,"Cordero Parada, Luis",1826,,Male,,
535062550,"Gatica Garrido, Israel",1802,,Male,,
24520845,"Rosado Rios, Francisco Javier",1797,,Male,,
553051335,"Barreto Saad, Ronald",0,,Male,,
2265974,"Ibañez Lozano, Antonio",1826,,Male,,
22221301,"De La Cruz Fernandez, Juan Carlos",1821,,Male,,
24520730,"Millan Gutierrez, Zoilo",1834,,Male,,
32071477,"Quintero Gemio, Antonio Joaquin",1792,,Male,,
22203257,"Escudero Nuñez, Claudio",1788,,Male,,
24541958,"Narvaez Carpintero, Sebastian",1802,,Male,,
2297809,"Plata Fernandez, Diego",1743,,Male,,
2243431,"Mesa Garcia, Angel",1795,,Male,,
535062436,"Perez Caravaca, Jose Luis",1674,,Male,,
2288494,"Serrano Alvarez, Ruben",1790,,Male,,
2262991,"Gonzalez Amaya, Millan",1793,,Male,,
523088729,"Carlet Peinado, Francisco Javier",1763,,Male,,
54764459,"Martin Galan, Jesus",1774,,Male,,
94713260,"Vega Redondo, Christian",1791,,Male,,
535096527,"Rodriguez Abelleira, Rene Santiago",0,,Male,,
54567734,"Cid Alarcon, Saul",1755,,Male,,
523093498,"Moreno Jarillo, Abel",1798,,Male,,
2246198,"Roman Garcia, Miguel",1733,,Male,,
54535883,"Palomino Lopez, Juan Carlos",1759,,Male,,
32096828,"Marquez Ruiz De Lacanal, Juan Antonio",1688,,Male,,
94773270,"Silva Martin, Santiago",1654,,Male,,
553006364,"Sanchez Rosado, Dario",1676,,Male,,
94748187,"Garcia Silva, Angel Luis",1692,,Male,,
2267810,"Sevillano Leal, Julio",1716,,Male,,
2275139,"Arjones Pizarro, Francisco Javier",1890,,Male,,
24568759,"Niño Rodriguez, Rafael",1685,,Male,,
55785069,"Талых, Платон Юрьевич",,1185,Male,,
3700267,Jose Cubas,,2450,Male,,GM
100340,Alejandro Hoffman,,2412,Male,,GM
2128128,Bergson Fragoso Fernandes Filho,,2125,Male,,
2100509,Vitorio Chemin,,2085,Male,,FM
110418,Pablo Alejandro Acosta,,2055,Male,,
22740953,Lucas Leonardi,,2044,Male,,
44733909,Aiman Mohamed El Zwei,,2044,Male,,
2130769,William Carlos Cezar Junior,,2038,Male,,
44723881,Frayson Nycolas Rodrigues Ruiz,,1998,Male,,
2119455,Glaucio Dalla Cortt Cella,,1996,Male,,
2119552,Atila Balzer Piekarski,,1994,Male,,
2152169,Carlos A. Rezende De Carvalho Jr,,1987,Male,,
2171686,Arthur Schena,,1981,Male,,
22779841,Kim Paul Mariani,,1965,Male,,
22755250,Aaron Lamartine Krishna Guedes,,1959,Male,,
2143054,Jesse Emanoel Lorensetti,,1955,Male,,
22789820,Arthur Batuli De Andrade,,1946,Male,,
44710542,Eduardo Franzoni Hessmann,,1945,Male,,
44770782,Murilo Batista Ferreira,,1944,Male,,
22749608,Felipe Cruz Macedo,,1940,Male,,
44789165,Vinicius Moraes Avellaneda Sousa,,1931,Male,,
2175819,Maicon Da Silva Prantes,,1905,Male,,
22710388,Joao Gabriel Muniz Szuba,,1903,Male,,
44747209,Tiago Oliveira Da Silva,,1893,Male,,
2134632,Paulo Muraro Ferreira,,1892,Male,,
44773048,Miguel Abner Neves Gomes,,1880,Male,,
538022915,Joao Ricardo Kirsh Fernandes,,1876,Male,,
22755462,Bernardo Fernandes Do Carmo,,1874,Male,,
44781334,Joao Gabriel Breitembach,,1874,Male,,
2137771,Marcos Antonio Dos Santos Lima,,1844,Male,,
44758081,Lis Yumi Yoshida Maset,,1636,Female,,
44754299,Lucas Pereira Ramalho,,1837,Male,,
44771070,Arthur Lelinski,,1836,Male,,
44773110,Jose Lucas Filadelfo Nunes,,1836,Male,,
2120526,Luciano Dos Santos Fier,,1835,Male,,
2138549,Oseias Marcelino Dos Reis,,1835,Male,,
22794182,Arnoldo Beber Telles,,1834,Male,,
22704809,Felipe Gabriel Dos Santos,,1806,Male,,
22794859,Jose Alberto Connell Mendez,,1795,Male,,
44704976,Bernardo Lalane Mascarenha Moura,,1793,Male,,
2134640,Luiz Francisco Santana Jr,,1781,Male,,
2158957,Maria Eduarda Papini Gomes,,1778,Female,,
44757140,Luis Gustavo Turella Gomes,,1605,Male,,
22784284,Miguel Michels Da Silva,,1758,Male,,
2184800,Carlos Frederico B. De Oliveira,,1756,Male,,
44720246,Graciano Garcia Marques Neto,,1744,Male,,
22749284,Mauro Cezar Pedro Da Costa Filho,,1732,Male,,
22724915,Wesley Santos De Aguiar,,1731,Male,,
44704283,Matheus De Paiva Alves,,1726,Male,,
22766383,Dioni De Souza Gomes,,1722,Male,,
324226763,Rafael Klanfer Nunes,,1713,Male,,
22746277,Jose Henrique Moura Serafini,,1708,Male,,
44750528,Luiz Roberto Andrade Detrez,,1706,Male,,
2199394,Icaro Arthur Agustinho Da Silva,,1706,Male,,
538017768,Gustavo H Trindade Nogueira,,1694,Male,,
44766726,Pablo Jose Ferreira Da Silva,,1692,Male,,
44719469,Caio Bentivenha Assis,,1685,Male,,
538017717,Daniyal Ali Afzar,,1667,Male,,
538019442,Rafael Ryba Carneiro Da Fonseca,,1661,Male,,
44773030,Arthur Garcia,,1660,Male,,
22777865,Richard van den Bylaardt,,1656,Male,,
44759274,Raul Zancan Stefanichan,,1645,Male,,
44785364,Luana Ieger Bockor,,1626,Female,,
44783507,Danilo Ribaski Ribeiro,,1624,Male,,
44704925,Maria Vitoria Baratieri,,1624,Female,,
538002868,Willian Souza Torres,,1598,Male,,
538021986,Vinicius Caon Tomaz De Oliveira,,1592,Male,,
538075539,Daniel Alexandre Da Da Rosa,,1589,Male,,
538040891,Heitor Pacheco P De Souza Paz,,1579,Male,,
22776389,Gabriel Conte Dos Santos,,1577,Male,,
22754660,Ricardo Andre Leite Godoy,,1574,Male,,
538059797,Raul Lucas T Brisola Maciel,,1573,Male,,
538036010,Caue Scremin Campanelli,,1569,Male,,
538039915,Edson Tavares De Camargo,,1567,Male,,
538039940,Mauricio Jose Goncalves Filho,,1564,Male,,
44747179,Song Won Coronado Scremin,,1556,Male,,
538009064,Felipe Pavanato Guimaraes,,1539,Male,,
538002710,Milena Franca Dias,,1533,Female,,
538058405,Gustavo Mendes Machado,,1527,Male,,
22704779,Marcia De Lima Bispo,,1524,Female,,
44744269,Miguel Henrique Andreata,,1515,Male,,
44771053,Bernardo Lelinski,,1510,Male,,
12441708,"Nguyen, Bao Nam",,,Male,1540,
538039877,Pedro Da Silva Camargo,,1493,Male,,
44759134,Guilherme Kautzmann,,1491,Male,,
44721404,Gustavo Tsuyoshi Hasegaw Shirabe,,1485,Male,,
44706294,Jose Fernando Pedroso Cubas,,1483,Male,,
22755160,Leonardo Batista Goncalves,,0,Male,,
44728328,Emanuel Pedroso Vieira,,1473,Male,,
44772963,Gafforelli Jorge Artur,,1472,Male,,
22795944,Lavignia Padilha Bitencourt,,1471,Female,,
22756752,Gabriel Batista Goncalves,,1454,Male,,
22737600,Hugo Hiroshi Yamamura,,1451,Male,,
44714467,Luiz Fernando Salles Teixeira,,1442,Male,,
538002779,Valentina Sophie Fran Livramento,,1434,Female,,
44747390,Murilo Pereira Campagnaro,,1411,Male,,
44743726,Dara Stori,,1410,Female,,
538059770,Leonardo Magalhaes Henning,,0,Male,,
538041111,Felipe La Madrid,,0,Male,,
538022117,Antonio Batuli De Andrade,,0,Male,,
44785356,Jeferson Tome,,0,Male,,
538045656,Pedro Rocha Rodrigues,,0,Male,,
2130858,Renato De Almeid Freitas Junior,,0,Male,,
538057131,Eduardo Correa Crevilaro,,0,Male,,
44785410,Matheus Paiva Menandro Consalter,,0,Male,,
538040816,Pedro Henrique Kotovicz,,0,Male,,
538057190,Alberto Reis Silva Filho,,0,Male,,
538016540,Joaquim Oliveira Dos Santos,,0,Male,,
538026201,Henrique Isamu Hirakuri,,0,Male,,
538016532,Joana Oliveira Dos Santos,,0,Female,,
538040743,Miguel Bochnia Durau,,0,Male,,
44785348,Leonardo Kava Stephens,,0,Male,,
538054647,Arthur Domareski Batista,,0,Male,,
538062097,Kevin Kautzmann,,0,Male,,
538054752,Pedro Joaquim Maurer Teodosio,,0,Male,,
44747888,Larena Katerenhuk Czaikowski,,0,Female,,
538075571,Clovis Dallegrave Silva Junior,,0,Male,,
538066378,Juliano Ribeiro Dos Santos,,0,Male,,
44747080,Daniel Da Silva Barros Neto,,0,Male,,
538059738,Maria Julia Fernandes Ferreira,,0,Female,,
44721390,Felipe Toshiyuki Hasegaw Shirabe,,0,Male,,
44789122,Rafaela Mance Queiroz,,0,Female,,
22799184,Paulo H Gatterman Rios Rodriguez,,0,Male,,
3504727,"Martinez Duany, Lelys Stanley",,2463,Male,,GM
6400361,"Munoz Santana, Jose Lisandro",,2338,Male,,IM
6416896,"Araujo Sanchez, Josue",,2248,Male,,IM
6401317,"Michelen Rodriguez, Victor Isaac",,2226,Male,,FM
6423400,"Mesa Cruz, Juan Carlos",,2223,Male,,CM
6408885,"Camacho Campusano, David Daniel",,2215,Male,,FM
6405096,"Guzman, Christopher",,2211,Male,,FM
6423604,"Montero Montero, Alexandro",,2184,Male,,
6400310,"Alvarado Sepulveda, Nelson Damian",,2181,Male,,FM
6419690,"Mendez Ramirez, Victor",,2179,Male,,FM
6415253,"Jimenez Jimenez, Leandro",,2149,Male,,FM
6401600,"Martinez Castillo, Julio Antonio",,2133,Male,,CM
22730338,"Nunes, Nicole",,1589,Female,,
44710747,"Kruger, Nathalia",,1547,Female,,
44710011,"Woytowicz, Leandro Tiago Gehr",,1586,Male,,
22789197,"Rassweiler, Erick Matheus",,1772,Male,,
44755163,"Woytowicz, Thaisa Bandeira",,1473,Female,,
538005115,"Dalmonico, Bruno",,1628,Male,,
2103834,Expedito Santana,,1575,Male,,
2134918,Wilton Yokomizo,,1595,Male,,
6402771,"Crispin Ferreras, Darvi Abraham",,2126,Male,,CM
6403670,"Santos Valdez, Genesis Rafael",,2120,Male,,
6416110,"Tineo Rodriguez, Brian Jeremiah",,2102,Male,,
6430910,"Lara Santos, Angel Sebastian",,2093,Male,,CM
6404022,"Lugo Matos, Richards Reynier",,2082,Male,,CM
6400264,"De Los Santos Nunez, Eddy",,2072,Male,,
105830,"Ciurlanti, Federico",,2057,Male,,
6405185,"Polanco Alcantara, Mario Alexander",,2050,Male,,CM
6403387,"Mendez, Ruddy Antonio",,2035,Male,,CM
6419712,"Rodriguez Mejia, Eddy Gabriel",,2030,Male,,
6400426,"Mesa Mejia, Teofilo",,2027,Male,,
6425194,"Ayats Marcelo, Esoj Leugim",,2016,Male,,CM
6408435,"Menendez Mendez, Ariel",,2013,Male,,
3907619,"Toro Rojas, Freddy Alberto",,2013,Male,,
6406610,"Brito Rondon, Enmanuel De Jesus",,2005,Male,,
6403743,"De Jesus Rosa, Michel",,2002,Male,,CM
6437729,"Morel Reyes, Fraimy Alexander",,2001,Male,,
2013177,"Orizondo, Hugo",,2000,Male,,
6406173,"Del Rosario Batista, Nobel Oscar",,1992,Male,,CM
6422934,"Rosario Solorin, Carlos Jose",,1982,Male,,
6403735,"Castillo Vasquez, Adgart Miguel",,1979,Male,,
6401309,"Mendez Reyes, David Antonio",,1976,Male,,
6400370,"Moscoso Silva, Carlos Antonio",,1974,Male,,CM
6402801,"Feliz Dotel, Dewar Bienvenido",,1971,Male,,CM
6409539,"Washington Martinez, Avalon Alfonso",,1969,Male,,
6400400,"Acevedo Vargas, Julio",,1966,Male,,
6400655,"Arias, William Alfredo",,1957,Male,,CM
6400507,"Perez Polanco, Lewis Omar",,1954,Male,,CM
6404197,"Fermin, Kedual",,1952,Male,,
6425712,"Recio Mendez, Alexis Antonio",,1947,Male,,
6401228,"Sanchez Puente, Carlos Johan",,1947,Male,,
6402810,"Fernandez Concepcion, Rafael Antonio",,1935,Male,,
6410324,"Rodriguez, Franyeline Antonio",,1933,Male,,
6420982,"Ferreras, Adrian Arturo",,1932,Male,,
6409130,"Acosta Rodriguez, Ruben Dario",,1928,Male,,
6409431,"Almonte, Denio",,1927,Male,,
6437699,"Ivandri Medina, Fraiber Bueno",,1918,Male,,
6412106,"Castillo Pena, Patricia Evarista",,1913,Male,,WFM
6405215,"Sosa Moran, Anthony Marc",,1913,Male,,
6412807,"Sosa Moran, Bryan Marc",,1912,Male,,
6407927,"Luna Zapata, Nidio Esteban",,1909,Male,,
6416012,"Pablo Jose, Gonzalez Perez",,1907,Male,,
6414613,"Javier Florencio, Rafael Apolina",,1905,Male,,
6401015,"Steel Stephen, Daniel Alberto",,1888,Male,,
6423094,"Ventura Rosario, Julio Esdeulin",,1876,Male,,CM
6427740,"Paula Valerio, Aarony Miguel",,1858,Male,,
6426883,"Lopez Villafana, Braulio",,1856,Male,,
6439136,"De La Rosa Martinez, Miguelina",,1851,Male,,
6427308,"Santana Mendoza, Joan Miguel",,1849,Male,,
6409105,"Ramirez David, David",,1846,Male,,
6400906,"Amador Cedano, Benedicto Eurispides",,1840,Male,,
6432263,"Munoz Feliz, Alejandro",,1839,Male,,CM
6442609,"Ramos, Ael Cesar",,1838,Male,,
6411916,"Martinez Vasquez, Reynaldo A.",,1837,Male,,
6402674,"Viola Herrera, Victor Manuel",,1837,Male,,
6422705,"Diaz Espaillat, Ariangel",,1831,Male,,
6421792,"Ramirez Luzon, Franchesca",,1829,Male,,WCM
6409164,"Carpio, July Antonio",,1826,Male,,
6430635,"Santos Del Orbe, Genesis Rafael",,1825,Male,,
6400825,"Rojas Gomez, Ramon Andres",,1821,Male,,
6404790,"Rosado, Cabrera Samuel",,1807,Male,,
6433847,"Garcia Chan, Pablo",,1792,Male,,
6415881,"Martinez Santana, Francis Amil",,1792,Male,,
6431470,"Regalado Nicasio, Jean Franco",,1792,Male,,
6427235,"Yesipov, Pavlo",,1780,Male,,
6436293,"Ceballos Rodriguez, Kelvis Rainerys",,1755,Male,,
6439861,"Garcia Calderon, Mario David",,1754,Male,,
6422500,"Cruz Gomez, Oliver Andres",,1739,Male,,
6441912,"Padilla Alvarez, Jesus Antonio",,1735,Male,,
6433901,"Fermin Garcia, Miguel",,1725,Male,,
6431038,"Rodriguez Manzanillo, Luis Yael",,1722,Male,,
6411320,"Gonzalez Robles, Nespil Yusel",,1713,Male,,
6437575,"Lantigua Carvajal, Luis Abel",,1701,Male,,
6433995,"Mendez Rivas, Criseidis",,1701,Male,,
6439322,"Ramirez Colmenares, Mauricio David",,1699,Male,,
6441122,"Ceballos Matos, Andres",,1694,Male,,
6439802,"Rodriguez Vidal, Sebastian",,1686,Male,,
6442013,"Pena Rodriguez, Yariel Beranoi",,1676,Male,,
6442030,"Figuereo, Miguel Angel",,1663,Male,,
6435033,"Gomez Jimenez, Angel Octavio",,1661,Male,,
6440975,"Dominguez Sansur, Xavier Sebastian",,1654,Male,,
6431402,"Guerrero Gil, Richard Manuel",,1643,Male,,
6404316,"Lopez Sanchez, Bernardo Antonio",,1641,Male,,
6431585,"Polanco Batista, Cristian Francisco",,1634,Male,,
6430945,"Rodriguez Brito, Valerio",,1622,Male,,
6440487,"Lora Rosario, Carlos Alberto",,1620,Male,,
6430325,"Santos Del Orbe, Jennisis Rafelina",,1612,Male,,
6431569,"Severino Reyes, Adderlis Junior",,1608,Male,,
6431445,"Pacheco Castillo, Ian Ivan",,1591,Male,,
6443150,"Schaper Castro, Hans Rafael",,1584,Male,,
6430872,"De La Rosa Rodriguez, Inginio",,1583,Male,,
6442587,"Rojas Vargas, Jeremy Robert",,1580,Male,,
6434908,"Aguero Mercedes, Rose Esmeralda",,1569,Male,,
6434630,"Javier, Adrian Manuel",,1557,Male,,
6437354,"Almonte Rosario, Bruno Said",,1554,Male,,
6442676,"Ortiz Aquino, Fannelly Jose",,1552,Male,,
6425879,"Santana Polanco, Jeremy Leonel",,1545,Male,,
6434568,"Corcino Rodriguez, Carlos Manuel",,1531,Male,,
6437800,"Bello Marizan, Eric Ramon",,1528,Male,,
6411002,"Valdez Cruz, Carlos Arturo",,1496,Male,,
6439080,"Pineda Grullon, Lauren Sofia",,1488,Male,,
6441220,"Marzo Ruiz, Ivan Alejandro",,1466,Male,,
6437923,"Kingsley Pereyra, John",,1457,Male,,
6441009,"Martinez Henriquez, Isaias Eliezer",,1447,Male,,
6433138,"Ramirez Beras, Esther",,1445,Male,,
6443915,"Acosta Santos, Wilman",,0,Male,,
6441564,"Almonte Vasquez, Waldo",,0,Male,,
6443923,"Arison Andres, Castillo Suru",,0,Male,,
6414923,"Caraballo, Enmanuel",,0,Male,,
6415830,"Castro Brito, Rafael",,0,Male,,
6419410,"Contreras Santana, Branyel Jose",,0,Male,,
6442056,"Cuevas Baez, Yasly Maciel",,0,Male,,
6418538,"De La Cruz Ayala, Franklin Alber",,0,Male,,
6437869,"Garcia Gonzalez, Gael",,0,Male,,
6444024,"Garcia Vicente, Juan Carlos",,0,Male,,
6433936,"Geraldino Rodriguez, Netzer",,1799,Male,,
6444032,"Gonzales Luciano, Rocio Angeles",,0,Male,,
6444040,"Gonzalez Luciano, Rosa Angeles",,0,Male,,
6423930,"Gonzalez, Pablo Edelio",,0,Male,,
6443761,"Gonzalez Perez, Derej",,0,Male,,
6444059,"Gonzalez Perez, Keter",,0,Male,,
6435106,"Guerrero Hilario, Ricardo Arturo",,0,Male,,
6431410,"Guerrero Hilario, Samuel Augusto",,0,Male,,
6441580,"Guzman Arias, Pedro Alejandro",,0,Male,,
6443389,"Hector Julio, Jimenez Ledesma",,0,Male,,
6434614,"Herrera Vicente, Braylin",,0,Male,,
6434622,"Herrera Vicente, Francis Rafael",,0,Male,,
6442579,"Irene Lismena, Lopez Jean",,0,Male,,
6434266,"Jimenez Nunez, Angel",,0,Male,,
6442994,"Lara Alcantara, Yeudi",,0,Male,,
6443931,"Manuel Alejandro, Santiago Luciano",,0,Male,,
6439926,"Mejia Rijo, Ronal Enmanuel",,0,Male,,
6442560,"Miguel Angel, Javier Rodriguez",,0,Male,,
6443966,"Nunez Giron, Abrahan Enrique",,0,Male,,
6443974,"Peralta Moya, Robianny Mercedes",,0,Male,,
6443982,"Peralta Moya, Ronny Enmanuel",,0,Male,,
6440452,"Ramirez Frias, Rene Rodolfo",,0,Male,,
6441157,"Reyes Paulino, Jose Daniel",,0,Male,,
55797083,"Хасапетян, Грант Артурович",,1426,Male,,
55657796,"Морозов, Савва Викторович",,1249,Male,,
3645444,"Tituana Quizhpi, Cristopher Javier",,1643,Male,,
343432832,"Quaite, Toby",,,Male,2286,
343440720,"Madzia, Nathan",,,Male,1974,
34129227,"Kryshtafor, Maksym",,,Male,1941,
343440703,"Fossey, Isaac",,,Male,1926,
496413,"Pitel, Benedikt",,,Male,1722,
343468527,"Kell, Jasper",,,Male,1623,
343407110,"Pitel, Dominik",,,Male,1590,
488410,"Yerabati, Samiksha",,,Male,1401,
343410804,"Garuda, Hasana",,,Male,1388,
343474659,"Pandit, Abhigyan",,,Male,1261,
343462308,"Li, Tsz Shing",,,Male,1156,
343477640,"Kura, Jay Saroj",,,Male,978,
343434452,"Patki, Anay",,,Male,973,
343477674,"Siu, Yik Hon",,,Male,913,
343452752,"Mohanasundar, Rithanya",,,Male,831,
12557196,"Tabatabaei, Hamed",,1871,Male,,
22589880,"Farnami, Karim",,1760,Male,,
81417713,"Sernaque Huaranga, Williams Saddam",,1614,Male,,
42798701,"Mojtehed Haeri, Mohammad Mostafa",,0,Male,,
29664292,"Ramirez, Hernandez Erick Alberto",,,Male,1523,
35840382,Alwan Naim Bin Mohd Izuyam,,,Male,0,
35888180,Habib Umar Bin Ahmad Al Amru,,,Male,0,
35845570,Hafidh Rifa'Ie Bin Muhd Khairul Anuar,,,Male,0,
35845562,Hafiy Rayyan Bin Muhd Khairul Anuar,,,Male,0,
565000030,Khalil Isyraf Bin Khairil Hazmin,,,Male,0,
565000048,Khalis Irsyad Bin Khairil Hazmin,,,Male,0,
12458660,"Hoang, Dinh Tung",,,Male,1533,
5834929,"Tay, Jing Xuan",,,Male,1620,
5833612,"Chong, Yong Qian",,,Female,1619,
5833736,"Palaniappan, Adhi Somu",,,Male,1612,
5832632,"Zhang, Zixuan",,,Male,1605,
5856892,"Ng, Yuval",,,Male,1539,
5860415,"Maheshwari, Savya",,,Male,1499,
5831482,"Lim, Zi Yang Percy",,,Male,1471,
5872898,"Ng, Zhi Wei Josiah",,,Male,1429,
5844959,"Zhang, Dingxuan",,,Male,1415,
39908470,"Negarajan, Arjun",,,Male,1400,
5836360,"Tan, Yan Yee Chloe",,,Female,1400,
429089050,"Amish, Kumar Singh",,,Male,0,
5880262,"Seow, Wei Cheng Caleb",,,Male,0,
537078267,"Vivaan, Arora",,,Male,0,
5836131,"Wang, Ningnan",,,Male,1648,
5834910,"Tay, Jing Yi",,,Female,1576,
8639450,"Han, Yichen",,,Male,1565,
5837049,"Leong, Jia Hao Ethan",,,Male,1486,
5836891,"Phua, Yan Ying",,,Female,1467,
39976246,"Lu, Yuming Brian",,,Male,1429,
55889921,"Petrikov, Mikhail A",,1510,Male,,
5856868,"Xu, Maowen",,,Male,1423,
5836883,"Phua, Yii Xuann",,,Female,0,
5876915,"Chee, Jing Long",,,Male,0,
5835100,"Yang, Jialu",,,Male,1657,
5838037,"Koh En Jie, Jonathan",,1595,Male,1817,
5855780,"Kher, Kuang Hong",,,Male,1636,
5837588,"Chow, Jia Li Declan",,,Male,1634,
5866065,"Lim, Jia Hui Ember",,,Female,1405,
3665224,"Serrano Arevalo, Adrian Josue",,1617,Male,,
55730558,"Dolmatov, Egor",,1524,Male,,
34356819,"Svinin, Daniil",,1566,Male,,
55823076,"Khuzin, Alexey",,1454,Male,,
3642330,"Jaramillo Buele, Diego Misael",,1611,Male,,
32714580,"Samadifar, Mahdi",,2116,Male,,
32789319,"Moazzen, Amirali",,1982,Male,,
12504181,"Samadi, Hadi",,1929,Male,,
12596256,"Badihi, Seyed Esmaeil",,1894,Male,,
12516252,"Elahi, Mehdi",,1875,Male,,
36750956,"Jafar Bonyad, Reza",,1821,Male,,
428068297,"Elahi, Arta",,1688,Male,,
42502004,"Saei, Mostafa",,1663,Male,,
562027840,"Shipour, Hosein",,0,Male,,
536004529,"Ghasem Talebi, Helia",,1411,Male,,
88134539,"Kevin, Prince J",,,Male,0,
5863791,"Lee, Jun Rui Alaric",,,Male,0,
5871387,"Lee, Zheng Yi",,,Male,0,
1795007,"Nordstrom, Niclas",,,Male,0,
13231952,"Shin, Leejoon",,,Male,0,
5887259,"Shing, Tyler",,,Male,0,
5843898,"Tan, Caden Junpok",,,Male,0,
3261654,"Ng, Andrew",,,Male,1594,
5842182,"Tan, Leanne",,,Female,1580,
5838835,"Low, Ee Kai",,,Male,1546,
81406096,"Alejo Tenorio, Rivaldo Florencio",,1600,Male,,
5839831,"Phua, Yan Shuo",,,Male,1494,
5869188,"Muhammad, Shafiq",,,Male,1452,
5866103,"Sim, En Xi Audelia",,,Female,1433,
5854164,"Koe, Ruihe Joshua",,,Male,1429,
577018060,"Aggarwal, Viaan",,,Male,0,
5878144,"Anoop, Namitha",,,Female,0,
5888280,"Arun, Dhilan",,,Male,0,
5856434,"Chong, Yu Xiang Julius",,,Male,0,
5874513,"Ho, Rui Ian",,,Male,0,
5851076,"Huang, Liyuan Leon",,,Male,0,
531084206,"Jovin, J",,,Male,0,
5857597,"Koo, Jun Qi",,,Male,0,
5867118,"Lim, Hao Ze",,,Male,0,
5852897,"Ling, Enya Zera",,,Female,0,
574002007,"Liu, Yinxuan",,,Female,0,
564052745,"Neisa, Suhani",,,Female,0,
5874742,"Pujeshhar, Jegapriyan",,,Male,0,
5873045,"Quah, Zhi Xiang Leo",,,Male,0,
5887674,"Ranaweera, Osanda Methdinu",,,Male,0,
5887267,"Shing, Jasper",,,Male,0,
5847966,"Tan, Xuan Ning",,,Female,0,
5857031,"Teo, Zhe Kai George",,,Male,0,
5886724,"Yap, Shi Kang Aaron",,,Male,0,
5876800,"Yeh, Oscar",,,Male,0,
5846234,"Yeo, Gerome Zhen Kai",,,Male,0,
12458465,"Pham Thanh Long,",,,Male,1531,
5848784,"Anugu, Rohan Reddy",,,Male,1500,
5884721,"Abhinav, Samarth",,,Male,0,
5890489,"Adithyapuram Venkatakrishnan, Arjun",,,Male,0,
5876923,"Chee, Hong Yao",,,Male,0,
5860652,"Chen, Jiu Fu Tim",,,Male,0,
5890330,"Chia, Yong Cheng Ethan",,,Male,0,
5889731,"Ho, Yao Zachary",,,Male,0,
564040542,"Kapoor, Seher",,,Female,0,
5882095,"Kim, Aiden Jungyong",,,Male,0,
5870054,"Kwek, Jia Ern Nathan",,,Male,0,
5874890,"Lee, Kang Ming Alastair",,,Male,0,
5883997,"Lee, Yoonho",,,Male,0,
5878896,"Lo, Shuo En Ian",,,Male,0,
5884047,"Manikantan, Krish",,,Male,0,
547090103,"Nambiar, Aditi",,,Female,0,
5879051,"Ng, Yan Ning",,,Female,0,
5882508,"Peh, Ming Yang Daxton",,,Male,0,
5884829,"Quah, Wynston",,,Male,0,
558097317,"Siddharth, Saravana",,,Male,0,
5886767,"Soh, Zi Hong Jaylen",,,Male,0,
5882478,"Tan, Claire Marie",,,Female,0,
5883725,"Tan, Li Yan Skylar",,,Female,0,
5878942,"Wong, Yi Jie",,,Male,0,
5886031,"Xu, Qingxiang Kaelen",,,Male,0,
540004538,"Родионов, Андрей Дмитриевич",,1658,Male,,
4197380,"Соколовский, Виктор Степанович",,1614,Male,,
34492909,"Шафростова, Кристина Руслановна",,1513,Male,,
34288066,"Митрофанов, Леонид Сергеевич",,1474,Male,,
81464371,"Loayza Quispe, Edwin Henry",,1568,Male,,
34207732,"Петров, Александр Эдуардович",,1435,Male,,
540091368,"Ильин, Михаил Юрьевич",,1387,Male,,
540006093,"Белоусов, Дмитрий Михайлович",,1224,Male,,
55872166,"Муравьев, Леонид Павлович",,1507,Male,,
54138108,"Хакимуллин, Артур Александрович",,1481,Male,,
3668525,"Vega Ramon, Dylan Leonardo",,1605,Male,,
522067450,"Краснова, Владислава Сергеевна",,1182,Male,,
4111257,"Чуприков, Дмитрий Борисович",,2204,Male,,
54150540,"Кузьминых, Никита Андреевич",,2125,Male,,
54150590,"Воронин, Ярослав Юрьевич",,2104,Male,,
24157430,"Лебедев, Александр Александрович",,2100,Male,,
34347070,"Оганян, Арман Каренович",,2099,Male,,
54150604,"Яуров, Егор Сергеевич",,2095,Male,,
4120736,"Костин, Алексей Владимирович",,2091,Male,,
4171233,"Пономарев, Тимур Владимирович",,1962,Male,,
4106784,"Четверик, Максим Владимирович",,1899,Male,,
54193850,"Алешин, Роман Алексеевич",,1777,Male,,
55832997,"Куваев, Иван Ильич",,1646,Male,,
55623816,"Краснов, Даниил Евгеньевич",,1645,Male,,
522082573,"Коненков, Михаил Евгеньевич",,1637,Male,,
44146795,"Тарасенко, Денис Викторович",,1605,Male,,
34347283,"Романенков, Платон Андреевич",,1580,Male,,
55715109,"Бабков, Виталий Дмитриевич",,1501,Male,,
55878709,"Тихомиров, Владимир Александрович",,1489,Male,,
522090347,"Бабаев, Михаил Александрович",,1434,Male,,
522092498,"Куцый, Олег Викторович",,1340,Male,,
522062130,"Ларин, Алексей Михайлович",,1277,Male,,
522075780,"Кондрашов, Тимур Максимович",,1379,Male,,
5860644,"Chong, Yu Hang Brendan",,,Male,1460,
5882664,"Kang, En Ya",,,Female,0,
5876575,"Tay, Sin En Synie",,,Female,0,
522067078,"Яшин, Роман Антонович",,1204,Male,,
55703283,"Романенко, Владимир Сергеевич",,1423,Male,,
5882680,"Kang, Rui Heng Adler",,,Male,0,
5882672,"Kang, Rui Yang Asher",,,Male,0,
5871042,"Leong, Xin Yu Evan",,,Male,1544,
44111622,"Дверцов, Валерий Иванович",,1887,Male,,
34447644,"Алехин, Илья Павлович",,1628,Male,,
540039358,"Митерин, Егор Сергеевич",,1600,Male,,
54190002,"Кучеров, Сергей Алексеевич",,1510,Male,,
55635466,"Гостенов, Олег Аркадьевич",,1455,Male,,
55797857,"Новичихин, Артем Андреевич",,1447,Male,,
540006190,"Корякин, Никита Дмитриевич",,1420,Male,,
522090436,"Покачалов, Даниил Максимович",,1306,Male,,
55878679,"Новичихин, Андрей Николаевич",,1262,Male,,
540073319,"Глухов, Вячеслав Станиславович",1219,,Male,,
55674372,"Панов, Данил Ильич",,1982,Male,,
55710026,"Черепанов, Сергей Андреевич",,1832,Male,,
55694845,"Синякин, Артем Андреевич",,1717,Male,,
55694535,"Пентегов, Алексей Андреевич",,1597,Male,,
522088326,"Бахтиев, Артур Ришатович",,1596,Male,,
570003718,"Мелкобродов, Семен Валерьевич",,1589,Male,,
55749070,"Власов, Кирилл Игоревич",,1572,Male,,
55814174,"Ведерникова, Екатерина Алексеевна",,1555,Male,,
540093778,"Чиняев, Григорий Вадимович",,1552,Male,,
55838685,"Леготина, Дарьяна Павловна",,1521,Male,,
55836607,"Гарипов, Эрик Эдуардович",,1520,Male,,
55793568,"Мусин, Антон",,1505,Male,,
570003726,"Мезин, Роман Алексеевич",,1488,Male,,
540028470,"Быков, Сергей",,1411,Male,,
55838510,"Глумов, Алексей Павлович",,1387,Male,,
55701442,"Толпыго, Лев",,1764,Male,,
55782477,"Васильев, Владимир",,1606,Male,,
55759734,"Мысякин, Максим Н.",,1642,Male,,
55700900,"Мысякин, Алексей",,1617,Male,,
55728987,"Рашевская, Таисия",,1538,Female,,
540017737,"Сус, Андрей",,1581,Male,,
4804589,"Hasan, Abd Al Jabbar",1935,,Male,,
4802187,"Ridha, Abdul Sada Khudhair Al-Juhaish",1929,,Male,,
4820916,"Mohanad, Fadel Esmaeil",1886,,Male,,
538033399,"Alves, Gabriel Luka",,,Male,1414,
4810686,"Ahmed, Gawad Hammood",1857,,Male,,
4810716,"Hussain, Alwan Shandokh",1818,,Male,,
4836804,"Maytham, Salah Mahdi",1685,,Male,,
4841662,"Abdolla, Abdelrasool Sahib",0,,Male,,
4848780,"Abdulhafodh, Ameer Abdulhafodh",0,,Male,,
4844068,"Azad, Atheer Asaad Al-Taie",0,,Male,,
4844041,"Khaleel, Ismael Khaleel Al-Janabi",0,,Male,,
4841948,"Qassim, Tayeeh Algboori",0,,Male,,
4844114,"Yasar, Atheer Asaad Altaie",0,,Male,,
4848845,"Zaid, Khodher Abdulabbas",0,,Male,,
22779825,"Deretti, Lucas Jurk",,,Male,1986,
22758704,"Zanghelini, Cristian Silnei",,,Male,1935,
2172968,"Cezar, Ricardo de Almeida",,,Male,1905,
44724594,"de Assuncao, Victor Emanuel Costa",,1842,Male,,
44790422,"Zanghelini, Pedro Miguel",,,Male,1841,
44767820,"Santos, Leonardo Emerim",,,Male,1837,
2160030,"Campagnolo, Fabiola",,,Male,1822,
22722564,"Assis da Costa, Waldiney",,,Male,1788,
44724608,"de Assuncao, Ygor Gabriel da Costa",,1768,Male,,
2178257,"Campagnolo, Bruna",,,Male,1691,
44738269,"Goncalves, Enzo",,,Male,1626,
44790414,"Zanghelini, Bernardo",,,Male,1574,
22785990,"Tribess Marques, Leticia Gabriele",,,Male,1514,
44747357,"Ziegler, Sarah",,,Male,1456,
538036908,"Cota, Eduarda Jardim",,,Male,1423,
44790376,"Kolodziej, Larissa Manuele",,,Male,0,
538053217,"Meister, Ricardo Diogo",,,Male,0,
538071410,"Baldassari, Alice Sarmento",,,Male,0,
44747268,"Demathe, Alice Cristina",,,Male,0,
538033437,"Hanemann, Arthur",,,Male,0,
538021897,"Moreira Branco, Gustavo Henrique",,,Male,0,
44747349,"Ziegler, Lucas",,,Male,0,
44790384,"Kolodziej, Lucas",,,Male,0,
540091147,"Хантаков, Филипп Михайлович",,,Male,1103,
35830581,Muhammad Annas Syahmi Bin Md Rizam,,,Male,1705,
35871350,Azzubayr Bin Imran,,,Male,1701,
35843799,Tarruneshrajan Govintharajan,,,Male,1568,
35873191,Muhammad Ayub Bin Mohd Nur Al Sufi,,,Male,1547,
35833610,Karthik A/L Yogan,,,Male,1508,
35867507,Nur Afrina Binti Mohd Rahmat,,,Female,1473,
35879033,Ng Yi Xhing,,,Male,1463,
35876387,Adam Firas Bin Mohd Zaki,,,Male,1456,
35872594,Muhammad Rayyan Bin Rosli,,,Male,1440,
35896876,Muhamad Al Hariz Bin Mohd Adie,,,Male,1425,
35875690,Miftahul Aisyah Binti Mohd Nur Al Sufi,,,Female,1404,
565002458,Aariz Danish Bin Faznizam,,,Male,0,
565001486,Aesya Qaisara Binti Mohd Izzat,,,Female,0,
35897325,Ahmad Akasyah Bin Ahmad Asif,,,Male,0,
35890274,Ahmad Hafidz Bin Ameenur Rashid,,,Male,0,
35890266,Ainul Mardhiah Binti Ameenur Rashid,,,Female,0,
35853492,Aisyah 'afiyah Binti Kamarul Rahim,,,Female,0,
35822546,Aisyah Amani Binti Kamarul Rahim,,,Female,0,
35878568,Arun A/L Yogan,,,Male,0,
565002032,Chua Jui Cen,,,Male,0,
565002024,Dayini Affan Bin Khairun Najib,,,Male,0,
35871008,Deenesha A/P Yogeswaran,,,Female,0,
35835753,Defne Darwisyah Binti Zulkefli,,,Female,0,
35878282,Hariprasath A/L Mageswaran,,,Male,0,
35896981,Loh Zye Hoong,,,Male,0,
35896884,Muhamad Halfi Bin Mohd Adie,,,Male,0,
44763778,Lucas Kenzo Isobe,,1597,Male,,
4820959,"Zaid, Adwer Kadum",1780,1780,Male,,
35831111,Muhammad Syaraf Bin Mohd Shafie,,,Male,0,
35888539,Nur Laila Aisyah Binti Hussin,,,Female,0,
1185080,"Kosakowski, Jakub",,,Male,2543,GM
14129558,"Roshka, Yevgeniy",,,Male,2497,IM
13907034,"Martinovici, Ilia",,,Male,2471,IM
818860,"Valsecchi, Alessio",,,Male,2442,GM
25005812,"Dhulipalla, Bala Chandra Prasad",,,Male,2426,IM
1199510,"Czernek, Tymon",,,Male,2412,FM
3804852,"Espinoza Palomino, Willyam",,,Male,2335,IM
2839135,"Hercegovac, Neven",,,Male,2316,FM
2849033,"Cina`, Vittorio",,,Male,2298,FM
14100088,"Romanishin, Oleg M",,,Male,2267,GM
2827820,"Titze, Leo",,,Male,2264,
1172883,"Rudzinska, Michalina",,,Male,2245,WGM
2866221,"Fargetta, Vittorio",,,Male,2215,
2848584,"Zoncu, Roberto Alessio",,,Male,2184,
806382,"Calavalle, Giulio Michele",,,Male,2163,FM
2867724,"Ganci, Alberto",,,Male,2145,
21006300,"Dobrowolski, Kamil",,,Male,2144,
872342,"Gueci, Tea",,,Male,2122,WIM
28500598,"Verga, Francesco",,,Male,2120,
28501055,"Noto, Federico",,,Male,2113,
14960710,"Walter, Ema",,,Male,2105,WFM
2848460,"Miosi, Marco",,,Male,2098,
2848436,"Lo Presti, Giulio",,,Male,2096,
427357,"Wilks, Simon",,,Male,2082,
21892024,"Natoli, Alessia",,,Male,2057,
2848282,"Bianchi, Marco",,,Male,2041,
14940680,"Markova, Andrea",,,Male,2017,
28552024,"Catanzaro, Claudio",,,Male,2015,
850101,"Imburgia, Giuseppe",,,Male,2004,
2867686,"Blanda, Daniele",,,Male,1994,
2864083,"Zito, Enrica",,,Male,1973,WFM
54712262,"Amado Velazquez, Pedro Antonio",,,Male,1969,
28584376,"Merlino, Raffaele",,,Male,1967,
2867317,"Gervasi, Pietro",,,Male,1963,
804240,"Valguarnera, Girolamo",,,Male,1960,
2828010,"Maida, Federico",,,Male,1954,
23479701,"Motta, Mattia Stefano",,,Male,1952,
28539443,"Lentini, Alessandro",,,Male,1947,
14963140,"Mikova, Miriam",,,Male,1930,
41859570,"Stankowski, Wiktor",,,Male,1921,
570003939,"Пулик, Ярослав Дмитриевич",,1319,Male,,
570009902,"Самсонов, Глеб Николаевич",,1017,Male,,
29626749,"Lopez Cabrera, Christian",,1695,Male,,
522057358,"Панов, Александр Иванович",,1796,Male,,
522078304,"Сидорович, Ярослав Андреевич",,1660,Male,,
522078320,"Титов, Евгений Константинович",,1633,Male,,
55781268,"Зайнутдинов, Дамир Русланович",,1495,Male,,
540059227,"Шевчук, Мирон Георгиевич",,1481,Male,,
522078347,"Трухин, Данил Сергеевич",,1462,Male,,
55716814,"Имыхелов, Баир Сергеевич",,1457,Male,,
55883990,"Рогова, Юлия Игоревна",,1411,Male,,
570008582,"Стеценко, Фёдор Дмитриевич",,1393,Male,,
522078142,"Говорков, Егор Сергеевич",,1390,Male,,
522094830,"Дедков, Дмитрий Владимирович",,1352,Male,,
522097457,"Сальникова, Дарья Денисовна",,1350,Male,,
540043665,"Выгулярная, Александра Вадимовна",,1342,Male,,
540024946,"Потофеева, Регина Евгеньевна",,1298,Male,,
522077944,"Беркович, Даниил Вячеславович",,1257,Male,,
522078339,"Трубников, Роман Евгеньевич",,1250,Male,,
522088741,"Пешкова, Мария Сергеевна",,1239,Male,,
540087522,"Дружинина, Мария Дмитриевна",,1229,Male,,
540091929,"Дружинина, Аксинья Дмитриевна",,1189,Male,,
540059111,"Бороздин, Александр Дмитриевич",,1185,Male,,
522078185,"Клементьев, Артемий Сергеевич",,1177,Male,,
522097481,"Шовкопляс, Александра Александровна",,1112,Male,,
522078126,"Смыкова, Анна Юрьевна",,1108,Male,,
570003807,"Данильченко, Артём Робертович",,1096,Male,,
522058010,"Котов, Платон Павлович",,1000,Male,,
14398109,"Kgwale, Itumeleng",,0,Male,,
14398486,"Kgwale, Lesedi",,0,Male,,
29633370,"Campos, Moreno Francisco Leonardo",,,Male,1489,
35830573,Muhammad Haziq Haikal Bin Kamarul Azhar,,,Male,1643,
35846690,Tazeen Reyhana Bt Tajmul Rizwan,,,Female,1581,
35831103,Muhammad Syamil Bin Mohd Shafie,,,Male,1559,
35866519,Abdullah Awwad Bin Mohd Hazli,,,Male,1544,
35896868,Muhamad Al Hafiz Bin Mohd Adie,,,Male,1540,
35872764,Ng Yi Han,,,Female,1463,
565000609,Ho Chen Jing,,,Male,1456,
35871644,Jaden Tee Yie Shen,,,Male,1419,
35892315,Nur Raudhah Syuhada Binti Hussin,,,Female,1407,
35874511,Ruppeshh A/L Vicneas,,,Male,0,
35812150,Aisyah Ameerah Binti Kamarul Rahim,,,Female,0,
35862823,Altamis Daniel Bin Hussin,,,Male,0,
35872217,Caeden Tan Kye Ren,,,Male,0,
35861614,Fayyadh Ifwat Bin Abd Fathul Hakim,,,Male,0,
35868392,Lethika A/P Karnan,,,Female,0,
35843624,Muhammad Aqil Zahran Bin Kamarul Azhar,,,Male,0,
35835745,Muhammad Darwisy Bin Zulkefli,,,Male,0,
35867019,Muhammad Zakir Bin Zarizi,,,Male,0,
35872799,Murandass A/L Murugan,,,Male,0,
35893036,Nur Izzara Sofea Binti Mohd Izuan,,,Female,0,
35886560,Sanjif A/L Sivaganesan,,,Male,0,
35885513,Shasmithra A/P Jeganathan,,,Female,0,
35846682,Tazeen Ruheena Bt Tajmul Rizwan,,,Female,0,
35895349,Teo Yoey,,,Male,0,
35872730,Yohanntraaj A/L Murugan,,,Male,0,
5102766,"Davalos Prieto, Abel Justo",,,Male,2006,FM
12434590,"Pham, Dong Duong",,,Male,1520,
14398117,"Kgwale, Keratilwe",,0,Male,,
5180210,"Del Carpio Gallegos, Gonzalo",,,Male,1931,
5182085,"Perez Hernandez, Omar",,,Male,1909,
29626277,"Monjaras Perez, Jose Miguel",,,Male,1893,
5137195,"Cubas Carballo, Juan Francisco",,,Male,1772,
5117895,"Gomez Carbajal, Daniel",,,Male,1767,
29625602,"Rufino Torres, David",,,Male,1763,
5179823,"Gonzalez Flores, Carlos Daniel",,,Male,1761,
5182077,"Ramirez Alcazar, Daniel De Jesus",,,Male,1697,
29625858,"Camas, Vera Felix Ruben",,,Male,1686,
5117917,"Hernandez, Castillo Ricardo",,,Male,1648,
550001663,"Sanchez Garcia, Angel Alexander",,,Male,1644,
270005,"Neto, Jayme Amorim De Miranda",2220,,Male,,CM
270204,"Lima, Allan Gadelha Zaidan",2120,,Male,,
270801,"Lima, Rikelme Amorim Dos Santos",2060,,Male,,
270649,"Junior, Marcelo Jose Felix",1991,,Male,,
270090,"Ferreira, Rafael Emiliano",1975,,Male,,
621879,"Rodrigues, Fabiano",1921,,Male,,
273371,"Pimentel, Gabriel Calheiros",1889,,Male,,
602997,"Ferreira, André Rodrigues",1880,,Male,,
600628,"Ribeiro, Gabriel Ribeiro Da Silva",1877,,Male,,
273729,"Da Costa, Jessyckon Peterson Farias",1855,,Male,,
271400,"Da Silva, Lucas Fabricio De Oliveira",1806,,Male,,
615064,"De Oliveira, Samuel Barros",1800,,Male,,
622698,"Dias, Matheus Nunes",1800,,Male,,
622859,"Errami, Kaddour",1800,,Male,,
620625,"Moliterno, João",1800,,Male,,
617869,"Sousa, João Pedro Dos Santos",1800,,Male,,
274489,"Costa, Victor Durval Rios De Araujo",1795,,Male,,
274520,"Junior, Aguinaldo Barbosa De Assis",1788,,Male,,
607568,"Oliveira, André Felipe Da Silva",1767,,Male,,
270077,"Moura, Raissa",1743,,Male,,
14504804,"Režan, Saša",2389,,Male,,IM
14534177,"Šaravanja, Matija",2053,,Male,,
14587750,"Mrkić, Šimun",2018,,Male,,
14507978,"Šindija, Filip",1943,,Male,,
79304214,"Banić, Kasijan",0,,Male,,
79304249,"Lisica, Lucijan",0,,Male,,
79304257,"Lisica, Toma",0,,Male,,
79338780,"Mikulić, David",0,,Male,,
11644451,"Rancāns, Sandis",,0,Male,,
522056521,"Новикова, Екатерина Юрьевна",,1368,Male,,
55893171,"Чулкова, Ангелина Дмитриевна",,1364,Male,,
522075798,"Коршаков-Игнатов, Георгий Иванович",,1197,Male,,
55779182,"Кузовлев, Николай Дмитриевич",,1188,Male,,
35050028,"Gulshan, Batra",,,Male,1442,
5079128,"Tushar, Anand",,1953,Male,,
45015414,"Shivika, Rohilla",,1888,Male,,WFM
5078792,"Lakshay, Nagpal",,1661,Male,,
25174169,"Arul, Tripathi",,1535,Male,,
531005314,"Hardik Chawla,",,1516,Male,,
531040110,"Smile bansal,",,1513,Male,,
88120015,"Kritarth, Negi",,1510,Male,,
44756127,Gustavo Bertozzi,,1664,Male,,
564024350,"Vihaan, Saraswat",,0,Male,,
11634480,"Normants, Daniels",,0,Male,,
2101211,Igor Dos Santos Silva,,1947,Male,,
22730907,Daniel Costa Santana,,1933,Male,,
538045648,Celso Dos Santos Malachias,,1929,Male,,
44763794,Yan Philipe De Deus A Capobianco,,1896,Male,,
2109301,Sergio Mobaier,,1872,Male,,
44739761,Isabelle Namie Nishimori Akamine,,1845,Female,,
44757280,Pedro Yuki Yoshida Maset,,1843,Male,,
22784888,Vitor Jose Evangelista Tobal,,1812,Male,,
44735456,Felipe Zeuli Biller Dos Santos,,1784,Male,,
22770615,Eliana Aparecida De Souza,,1774,Female,,
538015480,Mauro Yuzo Fukushima,,1768,Male,,
22718257,Sidnei De Resende,,1762,Male,,
44771150,Joao Pedro M Soares Da Silva,,1745,Male,,
2197308,Laercio Lopes Da Silva,,1724,Male,,
22777857,Henrique Rocha Muniz,,1720,Male,,
2112531,Joao Batista Aragao Neto,,1714,Male,,
44712383,Bruno D Barbosa De Souza Moraes,,1710,Male,,
12453676,"Luu, Minh Minh",,,Female,1490,
538024454,Murilo Ferreira,,1658,Male,,
44726490,Kaio Santos Braga,,1642,Male,,
5182247,"Montes, Garcia Eduardo",1597,,Male,1597,
33407649,"Utkrisht, Singh",,1561,Male,,
48761761,"Avyaan, Ajay Singh",,1493,Male,,
558088210,"Ayaan, Kaushal",,0,Male,,
35010557,"Gursimar, Singh Arneja",,1863,Male,,
45032289,"Arijit, Ghosh",,1764,Male,,
547066156,"Shahid, Ansari",,1729,Male,,
531052576,"Anjaneya, Verma",,0,Male,,
25119133,"Akash, Tripathi",,1649,Male,,
46613021,"Abhishek, Tripathi",,0,Male,,
547062517,"Ram, Raj Kharbanda",,1717,Male,,
531039413,"Abhinav, Jaiswal",,1575,Male,,
537040855,"Tushar, Attri",,1499,Male,,
25943804,"Saumya, Anshul",,1548,Male,,
531025200,"Rajesh,",,1488,Male,,
564063631,"Alam, Md Taufiq",,0,Male,,
429027721,"Shivansh, Maheshwari",,0,Male,,
88164683,"Ishaan, Tyagi",,1538,Male,,
547030534,"Adhyan, Kumar",,1444,Male,,
48792454,"Khushika, Mittal",,1444,Male,,
564024210,"Arnav, Parashar",,0,Male,,
537026844,"Yuvaan Agarwal,",,1416,Male,,
45041415,"Rakesh, Kumar",,1432,Male,,
33380473,"Arpit, Singh*",,1573,Male,,
531059325,"Jyotishmaan, Ray",,0,Male,,
33421374,"Aarshiya, Sahu",,1546,Male,,
547065893,"Ayush, Chadha",,1549,Male,,
537083821,"Daksh, Kumar Singh",,0,Male,,
558091459,"Nikhil, Kashyap",,0,Male,,
22754741,Davison Soares Ribeiro,,2021,Male,,
44728220,Caua Lopes Santos,,1809,Male,,
22796991,Bernardo Valias Lassala,,1728,Male,,
22756965,Fabio Ferreira Damasio,,1584,Male,,
44726740,Fabio Takahara,,1577,Male,,
22707069,Wagner Maria Gangini Ferreira,,1576,Male,,
44781261,Gabriel Da Costa Corsini,,1559,Male,,
44726830,Rafael Sato Sarinho,,1550,Male,,
44781245,Juliana Vitiello Marangon,,1540,Female,,
44756062,Luiza Carvalho Da Silva,,1531,Female,,
22772650,Paulo Sunao Shintate Junior,,1526,Male,,
538024250,Sofia Jaffe Zacharias,,1524,Female,,
44710640,Luke Christian Coggan Slaughter,,1514,Male,,
44710631,Kevin Daniel Coggan Slaughter,,1435,Male,,
44767480,Giovanni Lucca Kitahara Grassi,,1404,Male,,
538057441,Jayesh Karahe,,0,Male,,
2128900,Mauro Amaral,,0,Male,,
538071690,Miguel Teixeira Andrade,,0,Male,,
12459070,"Vu, Ngoc Thang",,,Male,1490,
10300163,"Al-Hajiri, Bader",,2081,Male,,FM
10312463,"Alsaleh, Eissa",,1961,Male,,
10300201,"Hashem, Khaled",,1865,Male,,CM
10300198,"Alshourfaa, Hazaa",,1839,Male,,
10301771,"Alsaqer, Meshal",,1825,Male,,
10303553,"Alazmi, Amani",,1746,Female,,WCM
10303839,"Khalaf, Ali",,1745,Male,,
10308423,"Alsayer, Bader",,1710,Male,,
10312544,"Almeer, Khalid",,1651,Male,,
10306510,"Alrefae, Ahmad",,1649,Male,,
10309390,"Alhalwaji, Asaad",,1588,Male,,
10306560,"Jamal, Mohammad J",,1546,Male,,
10300708,"Almuneer, Muhammad",,1545,Male,,
10310355,"Alkandari, Ahmed Waleed",,1495,Male,,
10310037,"Alabdullah, Khalid",,1470,Male,,
10304274,"Almazeedi, Ahmad",,1447,Male,,
10306765,"Almutairi, Abdulaziz H",,1438,Male,,
10307036,"Alghanim, Faisal",,1434,Male,,
10306102,"Alajmi, Abdulrahman F",,0,Male,,
10311823,"Alalyan, Saleh",,0,Male,,
10312064,"Alasausi, Abdulrazzaq",,0,Male,,
10312315,"Alazem, Khaled Fawaz",,0,Male,,
10311815,"Albraheem, Shekhah",,0,Female,,
10311807,"Alebraheem, Omar",,0,Male,,
10312277,"Alfahad, Duaij",,0,Male,,
10312676,"Alqallaf, Abdullah",,0,Male,,
10312579,"Alsadani, Omar",,0,Male,,
4664540,"Lutz, Thomas",,2014,Male,,
1352458,"Von Burg, Carl Alexander",,1948,Male,,
1356267,"Rosen, Noah",,1929,Male,,
1356232,"Olarte, Stefan",,1876,Male,,
1318268,"Birchmeier, Martin",,1872,Male,,
1350030,"Mebarek, Khalil",,1850,Male,,
1306189,"Gogniat, Michel",,1836,Male,,
1361856,"Spichty, Martin",,1805,Male,,
1361813,"Haueter, Linus",,1794,Male,,
1332171,"Stojanovic, Ljubisa",,1790,Male,,
1369490,"Fuhrer, Tobias",,1761,Male,,
1370642,"Zehnder, Vinzenz",,1712,Male,,
1351028,"Denzel, Juergen",,1711,Male,,
1360655,"Allenbach, Silvan",,1699,Male,,
1355058,"Buffon, Christian",,1694,Male,,
1356194,"Gyr, Andreas",,1691,Male,,
1327313,"Frei, Gustav",,1617,Male,,
1369911,"Müller, Birgit",,1585,Male,,
1363018,"Sarkisian, Mischa",,1581,Male,,
1371681,"Ha, David",,0,Male,,
1376039,"Veraszto, Csaba",,0,Male,,
3635449,"Guerrero Cajeca, Matias Israel",2175,,Male,,
3529002,"Luis Alvarez, Elizabeth",2109,,Female,,WIM
24526150,"Badillo Ramos, Steve",2073,,Male,,
3631044,"Reinoso, Daniel",2066,,Male,,
3600149,"Castro Murillo, Gonzalo",2030,,Male,,
3600068,"Pazos Gambarrotti, Plinio",1987,,Male,,IM
3530337,"Luis Alvarez, Isabela",1946,,Female,,
3620786,"Norona Obaco, Wenceslao",1925,,Male,,
1554565,"Heran-Boily, Samuel",1882,,Male,,
3640370,"Vallejo Chavez, Francisco Paul",1672,,Male,,
3638235,"Alban Mendez, Carlos Billy",1656,,Male,,
3642267,"Palatte Murillo, Ivonne Leonella",1640,,Female,,
3646017,"Aguirre Proano, Christopher Alain",1621,,Male,,
3640264,"Yarpas Flores, Heidy",1591,,Female,,
3644537,"Rumipamba Chamorro, Lioney Andres",1569,,Male,,
3635864,"Tuquerrez Robalino, Pablo Randy",1511,,Male,,
3665984,"Montano Naranjo, Santiago David",1501,,Male,,
3652564,"Criollo Maldonado, Gabriela Valen",1494,,Female,,
3654168,"Fiallos Garces, Camila Isabel",1490,,Female,,
3643735,"Orozco Caceres, Raisa Victoria",1480,,Female,,
3651169,"Pachacamac Gualotuna, Emily Sabina",1469,,Female,,
3990745,"Mendoza Munoz, Sol Alejandria",1420,,Female,,
3625125,"Asquel Chicaiza, Miguel",0,,Male,,
525000128,"KOCAYİĞİT, AHMET KEREM",,,Male,1767,
3669505,"Cisneros Pazmino, Guillermo Franc",0,,Male,,
3678474,"Guano Sarango, Erik Fabricio",0,,Male,,
3672247,"Guggenheim Striem, Alfredo Leopol",0,,Male,,
79327427,"Biočić, Pavle",,,Male,0,
79332471,"Hari, Mak",,,Male,0,
79332480,"Hari, Oliver",,,Male,0,
79330282,"Hruškar, Zvonimir",,,Male,0,
79330967,"Jurinčić, Borna",,,Male,0,
79330215,"Krajačić, Janko",,,Male,0,
79327508,"Radan, Miro Erik",,,Male,0,
79323766,"Ratkaj, Juraj",,,Male,0,
79341721,"Štajnkler, Fran",,,Male,0,
3645800,"Rueda Yovera, Alex Rodrigo",1791,1753,Male,,
79301029,"Botonjic, Darian",,,Male,1477,
79309119,"Krizanic, Borna",,,Male,1458,
81400144,"Ore Chuchon, Renzo Alonzo",,1564,Male,,
3652866,"Munoz Aguilera, Alan Martin",1652,,Male,,
538002442,Fred Chahuaylla Palomino,,1509,Male,,
44758359,Joyce A Chahuares Chahuaylla,,1535,Female,,
538070111,Sebastian Nael Toco Laura,,0,Male,,
538009773,Brand Ritian Anahue Galiano,,1475,Male,,
538008424,Vigand Alenith Anahue Galiano,,1436,Female,,
79327648,"Bošnjak, Šimun",,,Male,0,
79310508,"Čepo, Vlado",,,Male,0,
79330290,"Čerkez, Karlo",,,Male,0,
79324207,"Ervaćanin, Ivan",,,Male,0,
79342531,"Goletić, Lucian",,,Male,0,
79327486,"Habazin, Bruno",,,Male,0,
79327494,"Hejlik Tišljar, Jakov",,,Male,0,
79328580,"Pupić Bakrač, Juraj",,,Male,0,
79327265,"Relota, Fran",,,Male,0,
79318797,"Rendeli, Ilan",,,Male,0,
79342043,"Soče, Matej",,,Male,0,
79342094,"Sulimanović, Mika",,,Female,0,
79335675,"Sviličić, Luka",,,Male,0,
79324223,"Užarević, Krešimir",,,Male,0,
79341675,"Vidaković, Rene",,,Male,0,
79323740,"Sarzynski, Aleksy",,,Male,0,
13903306,"Gidicov, Artiom",,,Male,2102,
13904345,"Filin, Nikolai",,,Male,2051,
13911511,"Novac, Vadim",,,Male,1877,
51672430,"ÖZAYDIN, YILMAZ EGE",,,Male,1746,
13911422,"Jimji, Vitali",,,Male,1847,
13912615,"Tatarciuc, Iuri",,,Male,1833,
1273477,"Popovici, Cristinel-Adrian",,,Male,1801,
42206081,"Rosu, Vlad-Andrei",,,Male,1771,
42212219,"Rosu, Razvan-Mihai",,,Male,1754,
13912658,"Crasnopiorov, Alexandr",,,Male,1753,
13918850,"Stoev, Evghenii",,,Male,1747,
1255088,"Bobu, Stefan-Valentin",,,Male,1745,
13913859,"Munteanu, Stanislav",,,Male,1740,
13909916,"Russu, Vladislav",,,Male,1713,
13904949,"Dermanschi, Andrei",,,Male,1695,
13909908,"Jingan, Boris",,,Male,1675,
13917510,"Bondarev, Veaceslav",,,Male,1667,
13917986,"Vasilevici, Stanislav",,,Male,1666,
13912933,"Mocanu, Andrian",,,Male,1639,
1257722,"Chesaru, Ioan-Constantin",,,Male,1616,
13917439,"Zatic, Petru",,,Male,1603,
13914235,"Leon, Alexandru",,,Male,1592,
34188070,"Aka, Timur",,,Male,1588,
13913603,"Comur, Dmitrii",,,Male,1552,
13917528,"Cornev, Serghei",,,Male,1514,
42217610,"Berbecel, Eric",,,Male,1500,
13918265,"Gospodinov, Bogdan",,,Male,1499,
13918419,"Grajdieru, Ion",,,Male,1493,
13918230,"Artimenco, Iurii",,,Male,1490,
13913840,"Mardari, Andrei",,,Male,1480,
42221374,"Jugaru, Victor",,,Male,1475,
13917757,"Jurcanu, Nicolae",,,Male,1475,
13913301,"Doncev, Alexandr",,,Male,1471,
13918311,"Panicerschii, Nikita",,,Male,1468,
13920677,"Tagirs, Tiberiu",,,Male,1466,
13915738,"Kissa, Maxim",,,Male,1463,
13920715,"Doncev, Andrei",,,Male,1460,
42253810,"Ion, Andrei",,,Male,1448,
13917340,"Casapu, Sergiu",,,Male,1446,
13914227,"Butuc, Bogdan",,,Male,1445,
42260302,"Botgros, Antonio-Darius",,,Male,1442,
13914987,"Panisco, Alexandr",,,Male,1439,
13917803,"Tafratov, Vadim",,,Male,1437,
529003962,"Vialov, Lavrentii",,,Male,1434,
13917820,"Butuc, Beatrice",,,Male,1413,
13917382,"Hudoba, Polina",,,Male,1411,
13918400,"Voinschii, Victor",,,Male,1409,
13914588,"Chireacova, Eva",,,Male,1407,
13913328,"Deli, Alevtina",,,Male,1400,
13920758,"Tirziu, Alexandru",,,Male,0,
13917811,"Velikoglo, Daria",,,Male,0,
79334415,"Blažeka, Rita Emilija",,,Female,0,
79341080,"Kos Grabar, Borna",,,Male,0,
79343708,"Kovačić, Luka",,,Male,0,
79330223,"Krajačić, Vinko",,,Male,0,
79338119,"Mihaljević, Matija",,,Male,0,
79342108,"Sulimanović, Kai",,,Male,0,
14592533,"Mesic, Erik",,,Male,1610,
79303455,"Puhalo, Robert",,,Male,1544,
79310460,"Sachin Lacko, Karlo",,,Male,1533,
79320694,"Doko, Marin",,,Male,1482,
14592479,"Vlasic, Kruno",,,Male,1464,
79336043,"Conjar, Dorian",,,Male,0,
79337937,"Graf, Philippe David",,,Male,0,
79307299,"Ilić, Juraj",,,Male,0,
14597128,"Konjar, Antonio",,,Male,0,
79327664,"Majstorović, Ivan",,,Male,0,
79340890,"Režek, Mihael",,,Male,0,
79330673,"Stojčević, Josip",,,Male,0,
79327680,"Šipura, Matej",,,Male,0,
79330959,"Šušković, Viktor Izak",,,Male,0,
14593084,"Tikulin, Goran",,,Male,0,
14592584,"Živković, Marko",,,Male,0,
14588510,"Mesic, Josip",,,Male,1670,
79327290,"Bagaric, Mihael",,,Male,1651,
79302173,"Jakic, Jakov",,,Male,1627,
79314694,"Karan, Vid",,,Male,1606,
79327516,"Mazar, Josip",,,Male,1599,
14582554,"Capjak, David",,,Male,1595,
14586274,"Novosel, Zvonimir",,,Male,1578,
79320708,"Lolic, Frano",,,Male,1551,
14598850,"Stepanic, Ivan",,,Male,1546,
79323804,"Juric Boskovic, Petar",,,Male,1476,
79331190,"Lovretin, Lovro",,,Male,1476,
79327672,"Mazar, Matija",,,Male,1461,
79323782,"Markanovic, Ivan",,,Male,1448,
79327460,"Djordjevic, Jan",,,Male,1422,
79323944,"Jenenčić, David Andy",,,Male,0,
79325750,"Kralj, Juran",,,Male,0,
79330916,"Mihalić, Marko",,,Male,0,
79326099,"Pintar, Emanuel Peponi",,,Male,0,
79343929,"Stojaković, Bruno",,,Male,0,
79342540,"Goletić, Amora",,,Male,0,
79341918,"Jarić, Dalia",,,Male,0,
79340881,"Ratkaj, Margita",,,Male,0,
14597110,"Šuligoj, Maša",,,Male,0,
14597136,"Maracic, Karla",,,Female,1536,
14597098,"Buri, Klara",,,Female,0,
14592576,"Đurašin, Melanija",,,Female,0,
79330908,"Jurinčić, Maria",,,Female,0,
79329071,"Paro, Vida",,,Female,0,
79323758,"Sarzynski, Izabela",,,Female,0,
14598841,"Kosar, Ines",,,Female,1565,
14587530,"Zivcec, Larisa",,,Female,1413,
14572826,"Kos, Maja",,,Female,1410,
14591804,"Horvačić, Sara",,,Female,0,
3661849,"Serrano Benitez, Franklin Oswaldo",,1596,Male,,
35861509,Noraini Binti Rohani,,,Male,0,
5163340,"Castillo Coronado, David Arturo",1953,,Male,,
5181470,"Angeles Vera, Mario Alberto",1876,,Male,,
5166667,"Rocha Avalos, Juan Antonio",1872,,Male,,
5151147,"Loera Patino, Gabriel",1867,,Male,,
29670179,"Hernandez Gomez, Hector Gael",1846,,Male,,
5168430,"Palafox Garcia, Juan Jacobo",1841,,Male,,
5181160,"Pecero Hernandez, Julio Andres",1829,,Male,,
5116406,"Morales Quezada, Jose Guadalupe",1798,,Male,,
29662591,"Sanchez Cruz, Mateo",1768,,Male,,
5188300,"Enriquez Corona, Jesus Aaron",1764,,Male,,
5188334,"Ostos Vazquez, Nicolas",1715,,Male,,
5182590,"Cardenas Hernandez, Franco Adolfo",1625,,Male,,
29657695,"Jimenez Salazar, Frida Leilani",1618,,Male,,
29622611,"Reyes Miranda, Hector",1617,,Male,,
29656346,"Carreno Bravo, Angello Emiliano",1599,,Male,,
5188326,"Lopez Sanchez, Paola Zoe",1509,,Male,,
29645662,"Cabrera Rangel, Rodrigo",0,,Male,,
5110874,"Padilla Loo, Miguel",0,,Male,,
5188709,"Ramos Puga, Paola Cristal",0,,Male,,
5189330,"Trevino Martinez, Carlos",0,,Male,,
29657733,"Tristan Moreno, Jose Guadalupe",0,,Male,,
14993848,"Novak, Michal",,1500,Male,,
14993678,"Felsoci, Matej",,1409,Male,,
14990202,"Barna, Alexander",,1299,Male,,
14990326,"Detsyura, Bohdan",,1278,Male,,
14993686,"Felsoci, Simon",,1174,Male,,
14990822,"Oremus, Kristof",,1138,Male,,
14996820,"Vavrik, Richard",,1120,Male,,
14990601,"Krajcovic, Maxim",,1118,Male,,
14990776,"Mrenica, Martin",,1115,Male,,
14990881,"Rosenberger, Adam",,1103,Male,,
14990750,"Misik, Filip",,1081,Male,,
14992604,"Vinc, Jakub Leonard",,1070,Male,,
14993651,"Danis, Lukas",,1057,Male,,
14992485,"Sima, Jan",,1053,Male,,
14992361,"Halmi, Alexander",,1028,Male,,
549005987,"Choloyan, Iulia",,1000,Female,,
14990660,"Labanc, Timon",,1000,Male,,
14993732,"Martincek, Theo",,1000,Male,,
549006126,"Nekhoroshkov, Viktor",,1000,Male,,
14993759,"Pecnikova, Jana",,1000,Female,,
14998068,"Polakova, Lucia",,1000,Female,,
14990580,"Kostura, Melitta",,1221,Female,,
14990610,"Krajcovicova, Vivien",,1207,Female,,
14990440,"Groshev, Nikolai",,1199,Male,,
14990253,"Brokhina, Ekaterina",,1181,Female,,
14993775,"Tomasovic, Lukas",,1181,Male,,
14990482,"Howland, Noah Elliot",,1146,Male,,
14990970,"Spuchliak, Nikolas",,1139,Male,,
14990318,"Detsiura, Timofej",,1121,Male,,
14990733,"Michalovi, Martin",,1118,Male,,
14990199,"Balazova, Lia",,1106,Female,,
14998009,"Skamla, Adam",,1105,Male,,
14990490,"Hudak, Samuel",,1099,Male,,
14990695,"Lucenic, Nikolas",,1098,Male,,
14990946,"Serinova, Tereza",,1098,Female,,
14993740,"Oleksak, Sebastian",,1090,Male,,
14990458,"Grosheva, Varvara",,1080,Female,,
14996944,"Potocar, Oliver",,1075,Male,,
14990393,"Fesinets, Veronika",,1066,Female,,
14990539,"Jurek, Oliver",,1049,Male,,
14998262,"Zahradnik, Filip",,1045,Male,,
14990504,"Janco, Matti",,1041,Male,,
14990679,"Lasz, Ondrej",,1041,Male,,
14990741,"Miklos, Peter",,1028,Male,,
14990903,"Rossi, Aurora",,1028,Female,,
14991039,"Vagner, Alex",,1028,Male,,
14996804,"Fridrich, Oskar",,1015,Male,,
14993767,"Remenar, Peter",,1015,Male,,
14992493,"Skorychenko, Artem",,1004,Male,,
14990628,"Krasnansky, Frantisek",,1003,Male,,
14990180,"Augustini, Nina",,1000,Female,,
14992337,"Barnova, Evelin",,1000,Female,,
14997843,"Csiba, Boris",,1000,Male,,
549005995,"Daskevic, Diana",,1000,Female,,
14990334,"Dmytrenko, Yaryna",,1000,Female,,
14990423,"Gazikova, Linda",,1000,Female,,
14990431,"Gregan, Isabell",,1000,Female,,
549006096,"Hlava, Orivel",,1000,Male,,
14998076,"Khomich, Kateryna",,1000,Female,,
14996898,"Klimova, Zuzana",,1000,Female,,
14991217,"Korosy, Liam",,1000,Male,,
14990571,"Kosanic, Tara",,1000,Female,,
14990652,"Kvasnickova, Andrea",,1000,Female,,
14996790,"Letovanec, Jakub",,1000,Male,,
14991250,"Limbrick-Schifferova, Ninka",,1000,Female,,
549006002,"Mamontova, Kira",,1000,Female,,
14990717,"Masarovicova, Caroline",,1000,Female,,
14990725,"Mazgut, Adam Jan",,1000,Male,,
14990768,"Molnarova, Juliana",,1000,Female,,
14990784,"Murga, Maximilian Marian",,1000,Male,,
14990814,"Olsovsky, Oliver",,1000,Male,,
14990849,"Plavcanova, Laura Linda",,1000,Female,,
14990911,"Sabolova, Viktoria",,1000,Female,,
549006029,"Sladeckova, Lydia",,1000,Female,,
14990962,"Smahel, Mia",,1000,Female,,
14990989,"Spuchliakova, Vanesa",,1000,Female,,
14990997,"Steele, Maximilian",,1000,Male,,
549006169,"Stefan, Sofian",,1000,Male,,
14991004,"Sterba, Ferdinand",,1000,Male,,
549007491,"Vaculikova, Anetta",,1000,Female,,
14991047,"Valach, Bianka",,1000,Female,,
549006045,"Yurychko, Solomiia",,1000,Female,,
14991063,"Zahradnikova, Tereza",,1000,Female,,
14991080,"Zlocha, Adam",,1000,Male,,
14372126,"Singh, Shaurya",,,Male,1812,
14352710,"Opperman, Connor",,,Male,1761,
14303191,"Southey, Andrew Mcnab",,,Male,1753,
534009744,"Kudiyarov, Maxim",,,Male,1658,
14380935,"Louw, Frederik Wignan",,,Male,1566,
12496634,"Nguyen, The Thien",,,Male,1480,
14990555,"Klucka, Juraj",,1397,Male,,
14365537,"Karsten, Keagan",,,Male,1561,
14997967,"Lepskiy, Robert",,1045,Male,,
14997800,"Bondova, Laura",,1015,Female,,
14997754,"Adamca, Dean",,1000,Male,,
14997762,"Alexik, Mathias",,1000,Male,,
549005952,"Borikova, Zuzana",,1000,Female,,
549005960,"Buchamer, Hana",,1000,Female,,
549005979,"Bushueva, Anna",,1000,Female,,
14997835,"Cipciarova, Elena",,1000,Female,,
14997851,"Detsyura, Artem",,1000,Male,,
549006070,"Fatianov, Artem",,1000,Male,,
14997924,"Howland, Callum Nathaniel",,1000,Male,,
14999994,"Hric, Timur Alexander",,1000,Male,,
14997940,"Kremmerova, Stela",,1000,Female,,
14997959,"Lagin, Oskar",,1000,Male,,
14997983,"Miskolci, Samuel",,1000,Male,,
549000055,"Misturik, Samuel",,1000,Male,,
549000071,"Murga, Michal",,1000,Male,,
549006010,"Perez, Fatima",,1000,Female,,
14997991,"Petrasova, Isabella",,1000,Female,,
549000128,"Reich, Eliana",,1000,Female,,
549006150,"Siroky, Maxim",,1000,Male,,
14998017,"Stanko, Leonard",,1000,Male,,
14998033,"Tatransky, Teo",,1000,Male,,
549006037,"Tkachenko, Arina",,1000,Female,,
557004099,"Kulchikov, Tabylgan",,1814,Male,,
557004242,"Raiymberdi, Nurniaz",,1789,Male,,
13747215,"Sarkisov, Aleksandr",,1767,Male,,
447052210,"Orakov, Artykgali",,1763,Male,,
557004269,"Sarman, Abyl",,1742,Male,,
13755854,"Kashaganov, Serikbay",,1623,Male,,
447069325,"Talasbayev, Abylai",,1612,Male,,
13760785,"Mazan, Merke",,1607,Male,,
13781855,"Izbassarov, Baurzhan",,1586,Male,,
13760793,"Abdirakhman, Kuanyshbek",,1551,Male,,
13755897,"Shamshiev, Arman",,1524,Male,,
13746383,"Mannapov, Koyshi",,1503,Male,,
13747142,"Airapetov, Armen",,1496,Male,,
13739360,"Shaikhymova, Aylina",,1469,Female,,
447069171,"Bekeev, Jalgas",,1464,Male,,
13789996,"Kalamov, Yessengali",,1455,Male,,
13778544,"Marintseva, Svetlana",,1424,Female,,
447065761,"Aibosynov, Maksud",,0,Male,,
447065770,"Aitbaev, Abay",,0,Male,,
447069155,"Aitzhanov, Zhanar",,0,Male,,
13757741,"Burkitbayev, Serik",,0,Male,,
557004641,"Ermolai, Nauryzbai",,0,Male,,
447028777,"Kildyakova, Elena",,0,Female,,
13778510,"Kurdoglyan, Airapet",,0,Male,,
13781863,"Kussain, Talant",,0,Male,,
557004145,"Makhmut, Al-Mukhammed",,0,Male,,
447005319,"Nesibekov, Rysbek",,0,Male,,
557004234,"Nursalbidinov, Musir",,0,Male,,
13781880,"Nygmet, Maksat",,0,Male,,
557004358,"Tlevgaziev, Zharas",,0,Male,,
557004404,"Urazimbetov, Nuraly",,0,Male,,
557004498,"Zhubanazarov, Nurzhan",,0,Male,,
17023912,"Gut, Kende David",,1715,Male,,
923559,"Dimitrijevic, Nenad",,2250,Male,,FM
907227,"Bulajic, Ratko",,2201,Male,,FM
9217686,"Bilic, Jovan",,2061,Male,,
14402785,"Divljan, Borisa",,2058,Male,,
935964,"Torbica, Milos",,1996,Male,,
4128028,"Aliabiev, Boris",,1941,Male,,
55853927,"Gatin, Artur",,1902,Male,,
979821,"Lalic, Nikola",,1859,Male,,
918342,"Pantic, Miroslav",,1791,Male,,
9216191,"Ubiparip, Jovan",,1774,Male,,
9232626,"Plavsic, Rastko",,1765,Male,,
973050,"Pavlovic, Radivoj",,1751,Male,,
9207958,"Savic, Uros",,1732,Male,,
9260298,"Ignjatovic, Nenad",,1716,Male,,
922021,"Kostadinovski, Slobodan",,1716,Male,,
9250756,"Kozomora, Marko",,1707,Male,,
980722,"Majoros, Aleksandar",,1678,Male,,
978159,"Medan, Vladislav",,1668,Male,,
987662,"Stanisavljevic, Tijana",,1664,Male,,
993956,"Lipai, Vjaceslav",,1635,Male,,
9262126,"Dragicevic, Djordje",,1564,Male,,
912204,"Pjetlovic, Petar",,1564,Male,,
16500598,"Luburic, Stefan",,1560,Male,,
9246880,"Marinkovic, Ivan V",,1469,Male,,
17024609,"Szarvas, Lili Greta",,0,Male,,
1600907,"Schroll, Gerhard  Dr. MMag.",,2259,Male,,IM
1616846,"Matevosyan, Andy",,2142,Male,,
1600346,"Salamon, Werner",,2132,Male,,
1600702,"Wiedner, Robert",,2123,Male,,
1601016,"Kummer, Helmut",,2037,Male,,IM
302066,"Vrana, Frantisek",,2013,Male,,FM
1607219,"Braun, Karl-Heinz  Mag.",,1987,Male,,
1602152,"Wetscherek, Gerhard",,1985,Male,,
1604856,"Savio, Alfred Jun.",,1975,Male,,
302775,"Vranova, Zdenka",,1937,Male,,
1688316,"Gold, Theodor",,1932,Male,,FM
784710,"Merei, David",,1923,Male,,
1610619,"Kogler, Norbert",,1888,Male,,
1618997,"Wetzenkircher, Markus",,1862,Male,,
1605569,"Schmoll, Arnold",,1859,Male,,
1618040,"Wild, Franz",,1858,Male,,
1685589,"Prober, Raphael",,1854,Male,,CM
81450028,"Cotera Cari, Jose Alfredo",,1464,Male,,
530003512,"Leban, Karl  Mag.",,1840,Male,,
1623354,"Plank, Reinhard",,1838,Male,,
1696807,"Jevremovic, Filip",,1826,Male,,
1665421,"Sölkner, Julian",,1823,Male,,
1632043,"Fischer, Johannes",,1804,Male,,
1689819,"Fitz, Jonathan David",,1773,Male,,
1632248,"Remmel, Wolfgang  MMag.",,1763,Male,,
1677438,"Schuster, David",,1754,Male,,
934259,"Radic, Radivojko",,1742,Male,,
1650270,"Kahr, Johannes",,1718,Male,,
1658646,"Riegler, Moritz",,1709,Male,,
16253442,"Mönius, Thomas",,1698,Male,,
16225597,"Handrich, Lothar  MMag.",,1696,Male,,
1681133,"Bosnjak, Daniel",,1683,Male,,
902829,"Bojkovic, Slobodan",,2034,Male,,FM
1625101,"Lammer, Michael",,1672,Male,,
1675362,"Aichinger, Johannes",,1659,Male,,
1657402,"Bauer, Wolfgang",,1654,Male,,
1634496,"Plank, Roland",,1636,Male,,
530017815,"Soral, Alexander",,1611,Male,,
1681370,"Schabauer, Dominik",,1587,Male,,
1681281,"Hammerling, Julian",,1559,Male,,
1647474,"Woltron, Karl",,1550,Male,,
1636120,"Hebenstreit, Heinz",,1549,Male,,
1682237,"Groessing, Daniel-Yosuke",,1534,Male,,
530006660,"Dögl, Karl",,1499,Male,,
530012775,"Kleiber, Armin",,1439,Male,,
1657410,"Englitsch, Thomas",,1419,Male,,
530014484,"Fedenko, Herman",,1326,Male,,
1698974,"Abakah-Hagen, Edna",,1293,Male,1559,
530018935,"Liesbauer, Nico",,0,Male,,
42205883,"Tuzlaru, Darius-Mihai",,1625,Male,,
42214386,"Bostina, Teodor",,1609,Male,,
42207819,"Balan, Vladimir",,1583,Male,,
42261490,"Baltac, Andrei-Cristian",,1579,Male,,
42209781,"Diaconescu, Andrei-Cristian",,1541,Male,,
1296574,"Cristea, George-Cristian",,1513,Male,,
42201284,"Omer, Emir Arman",,1449,Male,,
42253373,"Anea, Cezar-Mihai",,701,Male,,
42214874,"Dospin, Nicola-Diana",,1638,Male,,
42224810,"Toma, Maria C.",,1576,Male,,
42209749,"Balan, Anastasia",,1434,Male,,
42214653,"Gavrila, Anastasia-Maria",,1428,Male,,
42214882,"Lazar, Sara",,1408,Male,,
1261827,"Criveanu, Maria",,1693,Male,,
1290894,"Caraghete, Ana-Marina",,1517,Male,,
42201217,"Benczedi, Raluca-Elena",,1511,Male,,
1296809,"Cotoros, Carina",,1472,Male,,
1278762,"Plotic, Patricia-Stefania",,1455,Male,,
1280066,"Cazan, Mircea-Andrei",,1987,Male,,
1260146,"Cotoros, Eduard",,1981,Male,,
42238501,"Draghici, Alexandru-Denis",,1584,Male,,
1290983,"Trofimov, Andrei",,1556,Male,,
42228859,"Cara, Lucas-Marian",,1551,Male,,
1278746,"Ghenea, Bogdan-Ioan",,1549,Male,,
1294075,"Radu, Silviu Cristian",,1498,Male,,
1290908,"Focsa, Edward-Andrei",,1435,Male,,
1289977,"Nedelcu, Darius-Andrei",,1021,Male,,
2301040,Johann Ragnarsson,,2076,Male,,
2313804,David Stefansson,,1851,Male,,
2306816,Oddgeir Ottesen,,1807,Male,,
2323028,Kristinn Bjarnason,,1751,Male,,
2311038,Bjarnsteinn Thorsson,,1749,Male,,
2310015,Arnar Ingi Njardarson,,1689,Male,,
2326175,Dagur Sverrisson,,1655,Male,,
3642232,"Pauta Cuenca, Luis Mateo",,1594,Male,,
3423646,"Soto Miranda, Ignacio Jesus",,1714,Male,,
3408159,"Barria Villarroel, Emilio Alfonso",,1682,Male,,
3419762,"Alcalde Soto, Richard Mauricio",,1187,Male,,
17041449,"Cziczka, Zoltan",,0,Male,,
146030,"Tornquist, Carlos",,1920,Male,,
117331,"Canello, Jose Luis",,1909,Male,,
20069375,"Satler, Lucio",,1855,Male,,
20062010,"Legarralde, Facundo",,1852,Male,,
118532,"Argento, Elizabeth Mariel",,1823,Male,,
20073135,"Andreoli, Pilar",,1709,Male,,
20072783,"Esquivel, Agustin",,1626,Male,,
136107,"Argento, Ramon Francisco",,1612,Male,,
185000,"Halac, Cristian",,1558,Male,,
197955,"Ruffa, Arturo",,1497,Male,,
197181,"Morales, Ariel",,0,Male,,
2535874,"Qiao, Jingxuan",1549,,Male,,
42211573,"Badea, Anastasia",1528,,Female,,
42204356,"Stanica, Maria",1470,,Female,,
42220556,"Zegrea, Ana",0,,Female,,
42238030,"Dinu, Alesia-Mihaela",0,,Female,,
42240654,"Matala, Anthony-Radu",1546,,Male,,
42259258,"Dima, Stefan-Matei",1545,,Male,,
26307448,"KIRAN, SEYİT KAAN",,,Male,1722,
42257549,"Balaban-Grajdan, Rafail",1412,,Male,,
42233909,"Stefan, Robert-Gabriel",0,,Male,,
42261384,"Ifrim, Alexandru-Leon",0,,Male,,
42257581,"Rentea, Vlad-Mihai",0,,Male,,
42221951,"Tanasa, Vlad",1634,,Male,,
42257816,"Haidau, Tudor-Andrei",1595,,Male,,
42236983,"Deaconu, Raul-Alexandru-Adrian",1552,,Male,,
42239052,"Popa-Cirlig, Petru",1548,,Male,,
42249848,"Momirleanu, Mihai-Vlad",1546,,Male,,
42246814,"Ardeleanu, Carina",1510,,Female,,
42234611,"Apostoaiei, Maria",1463,,Female,,
42234590,"Apostoaiei, Magdalena",1460,,Female,,
2302144,Pall Sigurdsson,,1974,Male,,
35821876,Iman Izzuddin Bin Roslan,0,,Male,,
22770879,"Barbosa, Eduardo",,2061,Male,,
42201594,"Moldoveanu, Vlad",,1488,Male,,
42214904,"Omer, Sofia",,1494,Male,,
42261546,"Velica, Alberto-Gabriel",,701,Male,,
2309092,Gauti Pall Jonsson,,2253,Male,,
2313278,Thorsteinn G Sigurdsson,,1840,Male,,
2311593,Pall Isak Aegisson,,1552,Male,,
42233151,Curca Maria-Magdalena,1736,1605,Male,,
42232546,Tudorache Matei,1470,,Male,,
42204160,Oprea Calin-Andrei,0,,Male,,
42224276,Alecu Daniel,1506,,Male,,
42232554,Vana Maria-Emilia,1477,,Female,,
42221480,Zaharia Sofia-Ana,0,,Female,,
42215749,Craciun Bianca-Maria,0,,Female,,
42249570,Anton Anisia-Maria,0,0,Female,,
42257840,Tomulescu Teodor,0,1491,Male,,
42240638,Badea Dan-Mihail,0,1452,Male,,
42223040,Calotescu David-Andrei,1653,,Male,,
42242258,Pasca Tudor-Petru,1613,,Male,,
42216974,Dumitru Miruna-Ioana,1495,,Female,,
42250765,Buteica Tudor-Stefan,1486,,Male,,
42224039,Puscasu Iosif-Calin,1476,,Male,,
42251907,Voicu Cristian-Nectarie,0,1581,Male,,
42240808,"Matala, Sophia-Lenina",1449,,Female,,
51692805,"YILDIRIM, MUSTAFA EYMEN",,,Male,1722,
42234603,"Apostoaiei, Malvina",0,,Female,,
42253039,"Ionescu, Ilinca",0,,Female,,
42257638,"Balaban-Grajdan, Mihail",0,,Male,,
51603470,"AGİT, OZAN",,,Male,1667,
529017572,"Danshyna, Varvara",0,,Female,,
42249767,"Laceanu, Andrei-Paul",0,,Male,,
42250226,"Stanciu, Edward-Florin-Cristian",0,,Male,,
42261848,"Criste, Vlad",0,,Male,,
1966197,"Afonso, João Pedro Pinto Costa",2048,2069,Male,,
1942999,"Monteiro, Paulo Alexandre Gomes",,2055,Male,,
1904787,"Pintor, Simão Maciel Abranches",,2046,Male,,
1942514,"Andrade, Ricardo Sarmento",,1804,Male,,
2107813,"Duarte, Duarte Nuno Nogueira",,1784,Male,,
1990969,"Araújo, Henrique Fernandes",,1779,Male,,
1907336,"Andrade, João Miguel Machado De",,1663,Male,,
1970453,"Rodrigues, Gonçalo Azevedo",,1543,Male,,
1976664,"Gonçalves, António Guilherme Almeida",,1522,Male,,
1981315,"Cruz, João",,1510,Male,,
525046233,"Erkan, Arda",,0,Male,,
2114607,Diogo Angeli Silva,,,Male,1881,
2180669,Alex Rodrigues Cirino,,,Male,1870,
22785671,Renato M P N Branco Bortoletto,,,Male,1680,
2158256,Helio Tsutomu Saito,,,Male,1678,
538045265,Jhonatan Marcandali Floriano,,,Male,1613,
22797211,Thiago Namidomi Branco Bortoletto,,,Male,1524,
22754598,Jair Ferreira Brazileiro,,,Male,1496,
44729227,Wilson Martins Gomes,,,Male,1404,
538002353,Rafael Deizepe,,0,Male,,
29631599,"Herrera Alonso, Isaac Emmanuel",,,Male,1730,
2116715,Denrick Cabral Jose Jorge,,1987,Male,1869,
2105128,Joaquim De Deus Filho,,1964,Male,1893,
2153289,Leopoldo Tetsuo Ishida,,1739,Male,1800,
538047098,Victor Ferreira De Souza,,1625,Male,,
22738495,Aline Werneck,,1676,Female,1698,
538071983,Pedro Lima Theodoro De Oliveira,,1650,Male,,
538002434,Rafael Fernandes Koga,,1588,Male,,
22707638,Seido Nakanishi,,0,Male,1972,
2183137,Carlos Alessandro de Moraes Silva,,2035,Male,,
538040395,Jose Aparecido Chaves Mariano,,1960,Male,,
538034166,Diego Benedito Camara Vasconcelos,,1817,Male,,
538057077,Mariana Alves Silva,,1803,Female,,
538012790,Henrique de Souza Leite,,1731,Male,,
538047802,Geraldo Cesar Randi,,1722,Male,,
538040239,Marcio Giovani da Fonseca Armada,,1625,Male,,
538020734,Guilherme Costa Lepesqueur,,1607,Male,,
538040328,Mauricio Faria de Oliveira,,1600,Male,,
538040352,Fabiano Finotti,,1478,Male,,
538040280,Fellipe Aparecido Pereira da Silva,,0,Male,,
538040425,Euripedes de Jesus Goncalves Sousa,,0,Male,,
538084562,Gustavo Delmiro de Sousa,,0,Male,,
538084570,Denis Barreto e Silva,,0,Male,,
538044838,Benedito Custodio Carneiro,,0,Male,,
538040263,Arthur Henrik Batista Da silva,,0,Male,,
538040247,Aleandre da Silva Cardoso,,0,Male,,
538040387,Sophya Thane Sampaio Lara,,0,Female,,
538040298,Pablo Cezar Ferreira da Silva,,0,Male,,
538040212,Loimer Enrique Lugo Acosta,,0,Male,,
10601902,"Raslan, Moustafa",,2123,Male,,
10601082,"Sobhy, Raafat",,2091,Male,,
10613188,"Helmy, Amro",,2008,Male,,
10600914,"Atea, Khaled",,2007,Male,,
555011861,"Mohamed, Abd Allah",,1907,Male,,
54248582,"Saad Mohamed, Yahia",,1906,Male,,
10617132,"Elfaham, Mahmoud",,1888,Male,,
10648089,"Fared, Karim",,1865,Male,,
10686495,"Shehab Elsayed, Mohamed",,1844,Male,,
10608095,"Elsayed, Gamal",,1831,Male,,
10620818,"Abdel Razik, Islam",,1826,Male,,
10614540,"Sawers, Kerlus",,1802,Male,,
54203740,"Yaser, Eyad",,1798,Male,,
10633367,"Abdel Hameid, Zaki",,1797,Male,,
10613200,"Ibrahim, Sameh",,1794,Male,,
10638202,"Abdel Aziz, Mohamed",,1742,Male,,
555012540,"Mohamed Hani, Ahmed",,1729,Male,,
54235057,"Essam Khaiy, Rawan",,1727,Male,,
11512687,"Abouzour, Masoud",,1711,Male,,
10660836,"Elgamal, Hamdy",,1698,Male,,
54222907,"Mahmoud Wael, Mohamed",,1678,Male,,
10686657,"Medhat, Ahmed",,1648,Male,,
54291542,"Islam Farouk, Eyad",,1633,Male,,
555011357,"Helmy Metry, Sameh",,1632,Male,,
555011691,"Abdel Razik Morsy, Abdel Rahman",,1624,Male,,
555003923,"Khamis, Mohamed",,1624,Male,,
10635491,"Abdel Fattah, Salah",,1617,Male,,
10667547,"Eltabei Ahmed, Omar",,1609,Male,,
54232198,"Ali Qatry, Youssef",,1605,Male,,
179680,"Marinesco, Tomas",,1788,Male,,
55692869,"Чеботарев, Александр Антонович",,1610,Male,,
540022285,"Казимиров, Александр Вячеславович",,1486,Male,,
34337695,"Паршин, Даниил Андреевич",,1437,Male,,
55846580,"Горелов, Александр Васильевич",,1404,Male,,
42250447,Balint Ionut-Cezar,0,,Male,,
42257964,Iordache Andrei-Cristian,0,0,Male,,
42230390,Stefan Carol-Bogdan,1507,,Male,,
42237831,Stoian Stefan-Mihail,0,,Male,,
42237009,Constantinescu Andrei I.,0,,Male,,
42252768,Caiali Zayra,0,,Female,,
42259878,Fratila Teodor,0,,Male,,
42246920,Tigaeru Vladimir,0,,Male,,
22797041,Matheus Bellentani Marmilli,,,Male,1733,
42258677,Matei Damian,0,,Male,,
44700865,Mariana Safadi,,,Female,1419,
555012558,"Mohamed Mahdi, Omar",,1603,Male,,
555011500,"Mohamed Elsayed, Yousef",,1597,Male,,
54238846,"Sameh Sobhy, Ahmed",,1596,Male,,
555001378,"Eyad Yousry, Aser",,1568,Male,,
555011128,"Ahmed Elsharkawy, Taha",,1564,Male,,
54226511,"Abdel Ghani Ahmed, Maryam",,1553,Male,,
54228212,"Abdelrahman, Gihan",,1548,Male,,
555012531,"Mohamed Hamouda, Omar",,1544,Male,,
54206855,"Ahmed Gaber, Rawda",,1517,Male,,
54256461,"Seed Amr, Yaseen",,1517,Male,,
54273331,"Mohamed Ahmed, Abd Elrahman",,1511,Male,,
54296463,"Ismail Sallam, Yousef",,1503,Male,,
54271258,"Abdel Razak Mostafa, Nader",,1500,Male,,
54271266,"Ahmed Fathy, Omar",,1489,Male,,
54203473,"Ahmed Gaber, Raghad",,1487,Male,,
54296579,"Yassin Ahmed, Yassin",,1487,Male,,
54290945,"Mousa Moahoud, Hussien",,1463,Male,,
555011497,"Mohamed Ellethy, Mahoumed",,1447,Male,,
555011616,"Sameh Helmy, Steven",,1442,Male,,
555004539,"Hassan Mohamed, Zain",,1429,Male,,
555012159,"Aboud, Belal",,0,Male,,
555008887,"Ali Mahmoud Mostafa, Hussein",,0,Male,,
555015972,"Haitham Hassan, Hassan",,0,Male,,
555012370,"Hassan Mohamed Mostafa, Ziad",,0,Male,,
555016049,"Mohamed Jadalla, Tarek",,0,Male,,
555012566,"Mohamed Saiid, Adam",,0,Male,,
555008925,"Tarek Mohamed, Ahmed",,0,Male,,
555012191,"Wael, Adam",,0,Male,,
81481802,"Ascencio Marca, Javier Yazid",,0,Male,,
81485204,"Escate Brena, Uriel Yosef",,0,Male,,
81485093,"Huaman Paredes, Zoe Valentina",,0,Male,,
81460236,"Polo Peralta, Mariam Fabiana",,0,Female,,
5143110,"Flores Zamora, Javier",,,Male,1821,
51604213,"ERGÜN, MUSTAFA KEREM",,,Male,1662,
550007777,"Baeza Ruiz, Leonardo",,,Male,1678,
39905527,"Boulis, Christos",,,Male,1816,
39968375,"Ayalew, Brook",,,Male,1806,
39966500,"Mohan, Vishnu",,,Male,1806,
2004607,"Kuhner, Mary",,,Female,1772,WCM
39983323,"Wentz, Austin",,,Male,1749,
39904873,"Cheng, Selina",,,Female,1738,
39909891,"Zhou, Yuchen",,,Male,1691,
39917037,"Shankaranand, Deeksha",,,Female,1664,
39948650,"Pai, Vihaan",,,Male,1629,
39968472,"Maharaja, Imai Subramonia",,,Male,1549,
3804844,"Cordova Vicente, Rodrigo J",,2067,Male,,
3844587,"Medrano Laura, Raul Zocimo",,1929,Male,,
3817954,"Vasquez, Cesar",,1811,Male,,
3825124,"Cancino Montes, Fabrizio Omar",,1770,Male,,
81477937,"Nizama Salazar, David Jesus",,1748,Male,,
3894797,"Llagas Sanchez, Leonardo Alonso",,1651,Male,,
81431465,"Acero Paucas, Thiago Salvador",,1473,Male,,
81486642,"Acuna Medina, Mateo Sebastian",,0,Male,,
3894983,"Alanya Fajardo, Samin Adrian",,0,Male,,
81483945,"Huillcamisa Torres, Benjamin Samir",,0,Male,,
81486421,"Perez Fernandez, Andres",,0,Male,,
3816362,"Carlos Inga, Augusto",,1934,Male,,
3814033,"Luna Isidro, Jose",,1927,Male,,
3804020,"Aliaga Salinas, Rafael",,1916,Male,,
3837769,"Varillas Jimenez, Ivan",,1905,Male,,
3840859,"Obesso Uribe, Juan De Dios Gabriel",,1893,Male,,
3883990,"Salas Gonzales, David Ademar",,1890,Male,,
3815625,"Orosco Flores, Albert Johann",,1786,Male,,
3834557,"Rojas, Irving",,1778,Male,,
81410182,"Morante Bautista, Tiago Daniel",,1772,Male,,
3832872,"Villanueva Valiente, Geordy",,1760,Male,,
12459348,"Nguyen, Chinh Trung",,,Male,1476,
3885208,"Quevedo Perales, Aaron Wilfredo",,1741,Male,,
81400985,"Zuniga Ugarte, Danya Alexia",,1705,Male,,
81427565,"Copello Burga, Fabio Antonio",,1669,Male,,
3644324,"Urgiles Ajila, Danna Julieth",,1570,Male,,
3816028,"Alhuay, Abel",,1619,Male,,
81458983,"Hurtado Laiza, Marco Enrique",,1584,Male,,
81427573,"Copello Burga, Luciana Fernanda",,1549,Male,,
81457472,"Torres Moreno, Max Junior",,1529,Male,,
3836126,"Sanchez Villena, Ruben Alexander",,1528,Male,,
81432631,"Crispin Asencios, Ian Gabriel",,1507,Male,,
3853926,"Torres Salas, Max Orlando",,1483,Male,,
81447159,"Meneses Morales, Pilar Nicolle",,1419,Male,,
81464614,"Alberto Toledo, Sebastian",,0,Male,,
3834204,"Cabrera C., Raul",,0,Male,,
81483988,"Huanco Lloclla, Andres",,0,Male,,
81484720,"Janampa Gonzales, Moises Angel",,0,Male,,
81486561,"Marengo Amaut, Fabrizio Emmanuel",,0,Male,,
81486545,"Mendoza Figueroa, Jaziel Manuel",,0,Male,,
81478410,"Minaya Peralta, Jeriel Darek",,0,Male,,
3889475,"Moreno Lopez, Sebastian Snaider",,0,Male,,
81460562,"Mostacero Velarde, Abner Ali",,0,Male,,
81486243,"Ortega Pineda, Azahel Ronaldinho",,0,Male,,
81475993,"Ortiz Huaman, Karel Francisco",,0,Male,,
81476000,"Ortiz Huaman, Kevin Victor",,0,Male,,
81486693,"Papa Fernandez, Aldo David",,0,Male,,
81408676,"Robles Moras, Rafael Johan Michael",,0,Male,,
20006705,"Garcia, Pablo Nahuel",,2009,Male,,
181668,"Ferrari, Franco",,1955,Male,,
169358,"Sanz, Manuel",,1883,Male,,
20060440,"Casella, Leandro",,1876,Male,,
3633918,"Lainez Reyes, Isaac",,1860,Male,,
194611,"Garcia, Facundo",,1806,Male,,
3838609,"Torres Ccahuay, Dayana Nievevska",1892,1748,Male,,WFM
81431112,"Huapaya Pariona, Amet Aaron",,1442,Male,,
3838960,"Arevalo Perez, Luis Alexander",,2032,Male,,
81458843,"Crispin Asencios, Dana Valentina",,0,Male,,
29627966,"Bravo Alvarez, Layla Constanza",,,Male,1631,
14102340,"Mikhaletz, Lubomir",,2192,Male,,GM
14196190,"Yeropunov, Hlib",,2159,Male,,CM
14106019,"Polishchuk, Oleg",,2140,Male,,
14115336,"Goroshchenko, Dmitry",,2052,Male,,
14116090,"Troshchenko, Pavel",,2028,Male,,FM
14127512,"Mukataev, Yriy",,1978,Male,,
34104658,"Bevziuk, Dmytro",,1927,Male,,
34196773,"Kilanov, Oleksandr",,1924,Male,,
14116375,"Trofimova, Anastasiy",,1886,Male,,
34134409,"Tsviatko, Artem",,1885,Male,,
14165449,"Makarov, Oleg",,1798,Male,,
3434079,"Ramirez Sanchez, Vicente",,1735,Male,,
34157530,"Isaev, Konstantin",,1777,Male,,
14118530,"Kulish, Vladimir",,1755,Male,,
529000769,"Korynfskyi, Yurii",,1747,Male,,
14146657,"Chernetchenko, Viktor",,1745,Male,,
34134948,"Chornopyskyi, Arystarkh",,1731,Male,,
34196790,"Mytrofanova, Anna",,1718,Male,,
14100711,"Mitchenko, Gennady",,1695,Male,,
34162232,"Sagotian, Oleksandr",,1691,Male,,
14169010,"Gorodashin, Nikolay",,1671,Male,,
34198601,"Ogorodnikov, Serhii",,1670,Male,,
34101624,"Petkov, Maxim",,1666,Male,,
14112558,"Martinuk, Alexandr",,1652,Male,,
529029007,"Dubrovin, Semen",,1638,Male,,
14146690,"Nisinets, Vladimir",,1622,Male,,
529022169,"Rozsokha, Serhii",,1605,Male,,
529025494,"Anishchenkov, Semen",,1591,Male,,
529019990,"Fedoriuk, Makar",,1575,Male,,
529017963,"Klimov, Roman",,1536,Male,,
34191739,"Klimov, Artem",,1515,Male,,
529034060,"Repin, Volodymyr",,1513,Male,,
34110941,"Petruk, Vasiliy",,1509,Male,,
529015812,"Pylypenko, Artem",,1495,Male,,
14148668,"Slobodian, Vasilii",,1485,Male,,
529005620,"Tsavolyk, Yehor",,1484,Male,,
34196781,"Kilanova, Marya",,1458,Male,,
529005566,"Budzhurak, Oleksiy",,1452,Male,,
529011990,"Zhelan, Viktor",,1435,Male,,
529005639,"Tsurkan, Oleksandr",,1433,Male,,
529037751,"Varaksa, Leonid",,1420,Male,,
529018048,"Yeropunov, Bohdan",,1409,Male,,
529018030,"Velychko, Artem",,1402,Male,,
529017939,"Avdeev, Maxim",,0,Male,,
529025630,"Bargan, Volodymyr",,0,Male,,
529015715,"Bilous, Anna",,0,Male,,
529015758,"Gvozdieva, Anastasiia",,0,Male,,
529017130,"Lahuta, Margaryta",,0,Male,,
529029015,"Lahuta, Serhii",,0,Male,,
529037778,"Nikolaenko, Volodymyr",,0,Male,,
529037700,"Revin, Kostiantyn",,0,Male,,
529017181,"Vihura, Zlata",,0,Male,,
34166424,"Vladykin, Vadym",,0,Male,,
3504158,"Fuentes Dominguez, Felix",,2257,Male,,FM
3836878,"Vasquez Vargas, Henry Richard",,2087,Male,,FM
3840530,"Chichizola Canale, Giancarlo Agustin",,2055,Male,,
3801225,"Palacios, Efrain",,2039,Male,,
3893847,"Bolarte Santos, Esteban Carlo",,1765,Male,,
3811611,"Barrera Ricra, Victor Hugo",,1734,Male,,
81457189,"Gonzales Olazo, Rodrigo",,1651,Male,,
3853004,"Paniagua Gonzales, Oliver Felix",,1628,Male,,
81426992,"Rojas Raraz, John Arick",,1563,Male,,
81457693,"Finquin Pissani, Diego",,1601,Male,,
81457162,"Salas Vilchez, Arianna Loretta",,1550,Male,,
3465420,"Ramirez Gatica, Carlos",,1491,Male,,
3872696,"Huarcaya Gonzales, Yhony Sebastian",,1445,Male,,
81424655,"Apaza Humpire, Victor Joel",,1408,Male,,
81482272,"Alvarado Cruz, Maria Victoria",,0,Male,,
81443412,"Huarcaya Gonzales, Emily Abihail",,0,Male,,
81485140,"Ramos Remuzgo, Rodrigo Roy",,0,Male,,
81427000,"Rojas Raraz, Jarely Katty",,0,Male,,
81482140,"Yudi, Daniel Marcelo",,0,Male,,
522029753,"Шишмарев, Мирон Михайлович",1611,,Male,,
55872034,"Ларионов, Максим Юрьевич",1525,,Male,,
522061274,"Исимбаев, Расим Ильясович",1310,,Male,,
522061339,"Смычек, Владимир Иванович",1296,,Male,,
522061363,"Якупов, Тимофей Рамильевич",1218,,Male,,
522061380,"Жданов, Дмитрий Романович",1110,,Male,,
55622526,"Ли, Дмитрий Сергеевич",,1964,Male,,
24123960,"Шевченко, Андрей",,1858,Male,,
24276529,"Орлов, Александр",,1838,Male,,
34385002,"Кургин, Сергей",,1659,Male,,
522055762,"Калинин, Сергей",,1648,Male,,
24129437,"Трегуб, Анатолий Александрович",,1618,Male,,
540049663,"Незнамов, Кирилл",,1531,Male,,
55888259,"Писарев, Антон",,1529,Male,,
522017577,"Азиатцев, Всеволод Антонович",,1508,Male,,
88174590,"Geetika, Patel",,,Male,0,
14100223,"Довжик, Юрій Мм",,,Male,2378,
14125455,"Муха, Микола Мф/Мс",,,Male,2297,
14102501,"Найгебавер, Семен Кмс",,,Male,2221,
14111489,"Бемак, Михайло Кмс",,,Male,2164,
34168605,"Скиба, Владислав І",,,Male,2097,
81434910,"Veramendi Pihue, Thiago Valentino",,1516,Male,,
81432747,"Garcia Barrantes, Yareli Antonella",,1492,Male,,
81458720,"Remar Garay, David",,0,Male,,
34102280,"Савицький, Артем Кмс",,2133,Male,,CM
3434060,"Ramirez Sanchez, Martin",,1445,Male,,
34195904,"Turchanenko, Ivan",1946,1654,Male,,
34198610,"Rudenko, Ivan",1800,1492,Male,,
529025788,"Shakhrai, Valentina",1778,1669,Male,,
34160612,"Uzun, Pavlo",2040,1896,Male,,
529005612,"Tereshchenko, Dmytro",1725,1421,Male,,
3463036,"Ramirez Sanchez, Gonzalo Antonio",,1431,Male,,
14108542,"GUIVAN, Vasily",,2082,Male,2172,
34660461,"Haas,  Valentina",1489,,Male,,
2534517,"Cahill, James A",1543,,Male,,
34103066,"Сухан, Олег І",,,Male,2024,
14167905,"Стерчо, Степан Кмс",,,Male,2022,
34168524,"Найгебавер, Злата І",,,Male,1997,
34169415,"Поліщук, Ярослав І",,,Male,1961,
8013,"Ганзе, Василь Кмс",,,Male,1942,
14101637,"Шталь, Віктор І",,,Male,1932,
14147289,"Анікеєв, В'ячеслав І",,,Male,1871,
34168621,"Юрковський, Андрій І",,,Male,1858,
34191399,"Мага, Олег ІІ",,,Male,1649,
8187,"Хазитарханов, Юрій І",,,Male,0,
33340196,"Anshit, Lariya",,,Male,1445,
547091770,"Atul, Pandey",,,Male,0,
53100289,"Manvendra Singh,",,,Male,0,
55789021,"Долгополов, Архип Кириллович",,1640,Male,,
55850839,"Радченко, Егор Денисович",,1592,Male,,
540040577,"Могдалянов, Станислав Тимурович",,1412,Male,,
540052036,"Егоров, Данила Андреевич",,1371,Male,,
540023982,"Ширшов, Светослав Игоревич",,1326,Male,,
55886566,"Бекасов, Кирилл Равиндраевич",,1053,Male,,
88128245,"Jeshil, Briston Clitus J",,,Male,0,
537099671,"Sakthi, Sri Kumaran S",,,Male,0,
48788783,"Kavinesh, P K A",,,Male,1441,
547052783,"Jackson, R",,,Male,0,
88118720,"Joshil, Christon Titus J",,,Male,0,
537053582,"Mukesh, K",,,Male,0,
537099639,"Mukilesh, S",,,Male,0,
537099507,"Pragin, Joshva A",,,Male,0,
537099353,"Karthick, G",,,Male,1512,
88151824,"Ahilesh, R L",,,Male,0,
48700576,"Nandhana, Keerthana",,,Female,0,
88118584,"Bharani, Sudhakar S",,,Male,1591,
88124762,"Jade, Adrian",,,Male,1571,
33468362,"Shanjiv, Bala T",,,Male,1542,
88199800,"Prajith, A",,,Male,1484,
88128199,"Jeyprakash, S",,,Male,1474,
429016703,"Suba, Pooneesh P",,,Male,1471,
547000023,"Ganesh, Ram V",,,Male,1466,
33468338,"Nilavan, M",,,Male,1436,
429021367,"Maria, Joffil A",,,Male,1430,
33475717,"Hari, Nanthana A T",,,Female,1425,
88119114,"Supathrajith, M",,,Male,1423,
537051725,"Shafriyaa, V T",,,Female,1412,
88119050,"Sri, Vaibhavan M",,,Male,1404,
537099612,"Aaron, I",,,Male,0,
88118266,"Anissh, R L",,,Male,0,
531013961,"Dhanya, A",,,Female,0,
34150266,"Багаутдинов, Ильгиз Исхакович",,1873,Male,,
4168690,"Хазеев, Ильгиз Магсумович",,1609,Male,,
34156825,"Сергеев, Павел",,1466,Male,,
44115350,"Иванов, Павел",,1405,Male,,
54199930,"Лобзин, Вячеслав",,1389,Male,,
44137885,"Шайдуллин, Сальман Сулейманович",,1226,Male,,
33400393,Ayaanraj Kottapally,,,Male,1446,
48732621,Krithikdev K,,,Male,1411,
547035595,Jyoshwin Jami,,,Male,1403,
533036292,"Wälde,  Jose",1072,,Male,,
33376590,Adhyayan Banerjee,,,Male,1689,
537041002,"Himanshu, Soni",,,Male,1428,
33493103,Prahalad Moola,,,Male,1560,
25124560,Aarush Singhai,,,Male,1476,
88181936,R Veera Mahendra,,,Male,1437,
537075314,Gowlikar Sree Devansh,,,Male,0,
33383847,Aarohi Mathur,,,Male,1552,
88132889,Khadeeja Fatima,,,Male,1547,
537005251,Sharika Tunki,,,Male,0,
537074423,Gowlikar Suhaseeka,,,Male,0,
537076124,Gowlikar Suravinda,,,Male,0,
558081208,Sreenithi Tunki,,,Male,0,
39970337,"Leal, Kaue",1961,,Male,,
529006082,"Pylypenko, Tymur",1939,,Male,,
28596730,"Grimaldini, Riccardo",1937,,Male,,
827053,"Speciale, Francesco",1923,,Male,,
2867210,"Taormina, Antonino",1912,,Male,,
886491,"Lombardo, Corrado",1910,,Male,,
28595114,"Picone Chiodo, Luigi",1903,,Male,,
2892060,"Faldetta, Antonio",1899,,Male,,
819077,"Rota, Giacomo",1873,,Male,,
28594657,"Di Fede, Umberto",1865,,Male,,
2838970,"Campanella, Riccardo",1857,,Male,,
28565924,"Serio, Vittorio",1853,,Male,,
28554337,"Lombardo, Antonio",1852,,Male,,
14164434,"Pakina, Varvara",1839,,Male,,
23430508,"Zito, Alessandro",1823,,Male,,
28552830,"Genualdi, Loreto",1820,,Male,,
28566513,"Giaconia, Giorgio",1816,,Male,,
28550510,"Carlino, Alessandro",1815,,Male,,
807753,"Simeoni, Matteo",1813,,Male,,
91160995,"Hrybacz, Pawel",1807,,Male,,
861111,"Randazzo, Vincenzo",1795,,Male,,
23432780,"Sposito, Francesco",1794,,Male,,
840726,"Furnari, Francesco",1786,,Male,,
23420421,"Pelle, Giuseppe Pantelis",1776,,Male,,
552016145,"Mei, Nicola",1766,,Male,,
28593596,"Viscuso, Manfredi",1753,,Male,,
30906989,"Lo Manto, Emiliano",1751,,Male,,
23449489,"Curcio, Giacinto",1746,,Male,,
28556992,"Lipani, Alessandro",1746,,Male,,
23402822,"Korecki, Pietro",1743,,Male,,
28593553,"D`Amico, Gabriele",1742,,Male,,
23401176,"D`Angelo, Giovanni",1738,,Male,,
28509790,"Fargetta, Chiara",1733,,Male,,
28500954,"Gervasi, Giulia",1731,,Male,,
28578740,"Scolaro, Antonio",1719,,Male,,
23419490,"Boschiero, Andrea",1706,,Male,,
28526333,"Garra, Gianvito",1703,,Male,,
28507509,"Calcara, Giuseppe",1692,,Male,,
23419121,"Riggio Di Fiore, Giulio",1688,,Male,,
2818634,"Ruperto, Michele",1674,,Male,,
33476454,"Viaan, Surana",,,Male,1477,
33392978,"P, Sri Sai Vedaansh",,1562,Male,,
537005537,Jathin Reddy Kondeti,,,Male,0,
33396973,Jasveen Kaur,,,Male,0,
28577442,"Di Iasio, Alessandro",1662,,Male,,
23471271,"Vallone, Giorgio",1654,,Male,,
28576624,"Porisini, Gabriele",1643,,Male,,
826146,"Cottone, Salvatore",1641,,Male,,
42221048,"Gavril, Ioan",1631,,Male,,
28576063,"Serio, Angela",1618,,Male,,
28571436,"Di Liberto, Gabriel",1612,,Male,,
28564243,"Giaccone, Emanuele Matteo",1608,,Male,,
28552032,"Catanzaro, Enrico",1601,,Male,,
23418940,"Giannusa, Marco",1694,,Male,,
28519108,"Brugnone, Francesco",1688,,Male,,
23442387,"Mancino, Glenda",1679,,Male,,
23478870,"Gaetani, Federico",1654,,Male,,
23449365,"Daidone, Davide",1642,,Male,,
23434821,"Gulletta, Luca",1640,,Male,,
28542975,"Balistreri, Luigi",1631,,Male,,
2834060,"Terenzi, Flavio",1621,,Male,,
552011976,"Di Chiara, Giuseppe",1602,,Male,,
23442700,"Renzi, Marco",1598,,Male,,
23403578,"Flaccomio, Marco",1582,,Male,,
552032086,"Scalia, Giacomo",0,,Male,,
28581989,"Agliano`, Angelo",1576,,Male,,
2867325,"Lanza, Manfredi",1575,,Male,,
23418907,"Lanza, Samuele",1572,,Male,,
28597478,"Romano, Davide",1568,,Male,,
23468963,"Parisi, Mattia",1555,,Male,,
249432,"Vandurme, Philippe",1552,,Male,,
23471395,"Korecki, Flavia",1550,,Male,,
23492481,"Fraccone, Roberto",1548,,Male,,
28563239,"Scalia, Santo",1542,,Male,,
890162,"Croce, Erasmo",1536,,Male,,
2845461,"Cusenza, Manfredi",1536,,Male,,
28589602,"Geraci, Daniele",1535,,Male,,
28583868,"Iacono Manno, Vittorio",1533,,Male,,
28594576,"Piazza, Claudio",1529,,Male,,
23474564,"Fodaro, Giuseppe Lorenzo",1524,,Male,,
28552016,"Bruno, Francesco",1521,,Male,,
28519981,"Gervasi, Alessio",1518,,Male,,
28594711,"Trovato, Gabriele",1518,,Male,,
28550226,"Iannone, Raffaella",1516,,Male,,
23403535,"Bellina, Chiara",1511,,Male,,
23433230,"Tonon, Damiano",1511,,Male,,
552003981,"Fraccone, Francesca",1507,,Male,,
2875905,"Moscarella, Claudia",1507,,Male,,
28501985,"Sillitti, Giulia",1496,,Male,,
23441054,"Modica, Antonio",1495,,Male,,
23419067,"Galioto, Michele",1492,,Male,,
2850953,"Messina, Antonino",1491,,Male,,
23492473,"Fardella, Giulio",1489,,Male,,
552045358,"Di Giovanni, Simone",1483,,Male,,
817473,"Camarda, Giuseppe",1482,,Male,,
552008312,"Sciortino, Marta",1482,,Male,,
6628389,"Passuello, Olivia Ginevra",1481,,Male,,
23418990,"Tarantino, Giulio",1475,,Male,,
23403632,"Ruvolo, Elena",1469,,Male,,
2864091,"Zito, Pietro",1466,,Male,,
23400013,"Cadelo, Marcello",1461,,Male,,
23447273,"Lo Manto, Julian",1461,,Male,,
28566548,"Testaverde, Carlo",1457,,Male,,
861049,"Bongiovanni, Riccardo",1453,,Male,,
28597893,"Sarcia`, Alida",1451,,Male,,
525033093,"Akguney, Hasim",1442,,Male,,
552026876,"Gambino, Piervittorio",1422,,Male,,
23418982,"Quartararo, Salvatore",1421,,Male,,
28570588,"Ruffino, Martin Carlo",1420,,Male,,
28597486,"Aiello, Chiara",0,,Male,,
525026445,"Aksu, Ozgun Soyer",0,,Male,,
552057798,"Amato, Mattia",0,,Male,,
28597494,"Arnetta, Sofia",0,,Male,,
525040316,"Baslar, Ahmet Mustafa",0,,Male,,
552045528,"Bonifacio, Marco",0,,Male,,
23450169,"D`Agostino, Claudio",0,,Male,,
23497220,"D`Agostino, Giorgio",0,,Male,,
23418931,"Ferrante, Paola Dorotea",0,,Male,,
23465808,"Fiore Mancini, Luca Emanuele",0,,Male,,
42259487,"Gavril, Teodor",0,,Male,,
552012018,"Noto, Paolo",0,,Male,,
552012042,"Pirrone, Christian",0,,Male,,
525033085,"Sari, Idil",0,,Male,,
525046578,"Sari, Ilay",0,,Male,,
5300100,"Najjar, Ahmad",,2129,Male,,FM
5309085,"Kassar, Bashar",,2028,Male,,
5316669,"Haddad, Peter",,1819,Male,,
5329000,"Kaafarani, Abbas",,1774,Male,,
5315271,"Abou Taam, Fatima",,1667,Male,,
5318904,"Masri, Ali Rida",,1605,Male,,
5319048,"Masri, Mohamad",,1604,Male,,
5329779,"Abou Ghaida, Marc",,1601,Male,,
5307392,"Kassar, Paul",,1544,Male,,
5331730,"Kaafarani, Mohamad Jawad",,1500,Male,,
5307325,"Louak, Milad",,1476,Male,,
5320623,"Kobeissey , Jessica",,1452,Male,,
5329167,"Khatib,Younis, El",,1447,Male,,
5329035,"Kaafarani, Majd",,1403,Male,,
5332907,"Abdelkader, Omar",,0,Male,,
5329027,"Kaafarani, Jad",,0,Male,,
11525959,"Rayya, Samir",,0,Male,,
33474885,"Gopika, M",,,Female,1737,
33363080,"Meghana, V B",,,Female,1508,
25628941,"Mattania, Wilfred",,,Female,1430,
564018091,"Aditi, K Gowda",,,Female,0,
25642502,"Venkatesh, Babu N",,,Male,1572,
25745387,"Chandhan, G",,,Male,1491,
25136682,"Suhas, G S",,,Male,1447,
429081416,"Kishan, P Rao",,,Male,1424,
547068485,"Gaurav, Chaudhry",,,Male,0,
1981900,"Fonseca, Maria Francisca Morais dos San",0,,Female,,
5015952,"Pawar, Rohit",,,Male,2009,
48795682,"Pawar, Chandrakant",,,Male,1668,
25183672,"Bhore, Mahadev",,,Male,1536,
429043670,"Langore, Soham",,,Male,1530,
33499080,"Jadhav, Bhagwan",,,Male,1485,
564026540,"Majage, Pranav",,,Male,1482,
531012175,"Agarkar, Ved",,,Male,1472,
537012304,"Lagdive, Shreyas",,,Male,1466,
5086663,"Gawade, Avinash",,,Male,1407,
547084014,"Bhosale, Harshita",,,Female,0,
25146297,"Deshmukh, Praveer",,,Male,0,
564026116,"Hakke, Balu",,,Male,0,
564026108,"Harel, Pandurang",,,Male,0,
46611991,"Wankhede, Avishkar",,1822,Male,,
33472890,"Shriram, Kailas Mhasane",,1819,Male,,
35059270,"Borse, Pankaj",,1718,Male,,
25605178,"Joshi, Ajit",,1684,Male,,
558034420,"Shreyas, Prashant Sonawane",,1656,Male,,
25070940,"Bhagare, Abhishek",,1640,Male,,
558027602,"Bolij, Tanmay Gokul",,1629,Male,,
429050359,"Aarush, Sagar Shinde",,1607,Male,,
429045800,"Rajveer, Manoj Sanap",,1584,Male,,
33341974,"Ojas, Rajesh Hiware",,1580,Male,,
25152912,"Ayush, Thombare",,1541,Male,,
25615270,"Bagul, Vinit",,1523,Male,,
558097210,"Shirsat, Hrushikesh",,1519,Male,,
531096212,"Ishwari, Devdatta Naik",,1518,Female,,
429025818,"Kashish, Manoj Sanap",,1518,Female,,
35079441,"Pawar, Bhushan",,1516,Male,,
25904353,"Bagul, Aditya",,1516,Male,,
558096701,"Dahanke, Chaitanya",,1516,Male,,
558096523,"Kadam, Vedant",,1487,Male,,
558096418,"Chopade, Sarvesh",,1486,Male,,
35023489,"Chavan, Madhav R",,1479,Male,,
537012347,"Aaradhy, Pramod Mate",,1465,Male,,
429014018,"Darshan, Ram Dhage",,1450,Male,,
25686038,"Rathi, Tanishka",,1422,Female,,
33357528,"Shinde, Nishant",,1422,Male,,
48711918,"Janhavi, Mahesh Sakhare",,1402,Female,,
429090504,"Manoj, Shrikrishna Ansingkar",,1401,Male,,
558096450,"Chavan, Shlok",,0,Male,,
88199541,"Chavan, Vallabh",,0,Male,,
531044590,"Divya, Sandeep Kale",,0,Female,,
35079379,"Gandhgole, Vedant",,0,Male,,
558097155,"Kankariya, Neevansh",,0,Male,,
558097341,"Khairnar, Krishna",,0,Male,,
429089832,"More, Siddharth Dipak",,0,Male,,
33441057,"Parth, Nitin Palekar",,0,Male,,
1983903,Guilherme Resende Miranda De Sousa,,1802,Male,,
3658848,"Lopez Chamaidan, Oswaldo Renato",,1539,Male,,
1985914,Mateus Gomes Teixeira,,1648,Male,,
1992139,Duarte Lima Antunes,,0,Male,,
1988727,Santiago Almeida Marques,,0,Male,,
529026610,Bohdan Velykyi,,0,Male,,
1986325,Afonso Zeng Xu,,0,Male,,
11601841,"Vidruska, Renate",,2091,Female,,WFM
11611782,"Stinka, Gustavs",,1830,Male,,
11637625,"Azarkevics, Aleksejs",,1747,Male,,
11649631,"Ozolins, Gatis",,1679,Male,,
11635487,"Angens, Dags",,1443,Male,,
11653353,"Parkovs, Ivars",,0,Male,,
13752820,"Tursynova, Aisha",,,Male,1645,
447055782,"Alikova, Albina",,,Male,1596,
447077123,"Amangali, Sanim",,,Male,0,
447030674,"Bershikova, Yasmina",,,Male,0,
12426792,Nguyễn Lê Nguyên,2018,,Male,,
12432105,Nguyễn Vũ Bảo Lâm,1959,,Male,,
35805110,Ainul Fikri Aqilah Husna,1946,,Female,,
12431656,Nguyễn Nhất Khương,1897,,Male,,
12433500,Trần Hoàng,1816,,Male,,
12429155,Trần Minh Hiếu,1812,,Male,,
12498068,Nguyễn Ngọc Phong,1715,,Male,,
12445312,Vương Tuấn Khoa,1715,,Male,,
12429201,Võ Mai Phương,1706,,Female,,
12477877,Chu Đức Phong,1694,,Male,,
4311515,Willson Dallas J.G,1694,,Male,,
12433586,Nguyễn Gia Minh,1687,,Male,,
12442330,Phan Đăng Khôi,1683,,Male,,
12471682,Huỳnh Thiên Ân,1654,,Male,,
12432113,Nguyễn Vũ Bảo Châu,1638,,Female,,
12448176,Lê Trọng Nghĩa,1617,,Male,,
12476820,Bùi Đức Khang,1590,,Male,,
12445975,Đào Khánh Lâm,1570,,Male,,
12480860,Nguyễn Hoàng Bảo Huy,1546,,Male,,
12450308,Võ Minh Triết,1508,,Male,,
12490334,Chung Uy Bách,0,,Male,,
12494682,Lê Hồng Anh,0,,Male,,
12494674,Lê Hồng Vũ,0,,Male,,
561003018,Lương Tấn Sinh,0,,Male,,
12498190,Lưu Đức Minh,0,,Male,,
12489026,Mai Huy Sơn,0,,Male,,
12471070,Nguyễn Phạm Bích Ngọc,0,,Female,,
12442658,Nguyễn Phạm Lam Thư,0,,Female,,
12485853,Phạm Nam Quân,0,,Male,,
12448508,Phạm Thiên Phú,0,,Male,,
12444588,"Nguyen, Xuan Phu",,,Male,1445,
533012512,"Weber,  Frank",1059,,Male,,
13709810,"Urazayev, Arystanbek",,2360,Male,,IM
13713264,"Sadubayev, Airat",,2330,Male,,FM
13720244,"Amangeldy, Ernur",,2300,Male,,FM
13777831,"Beristenov, Kair",,2294,Male,,
13714287,"Akhmedinov, Satbek",,2283,Male,,IM
13712802,"Kamalidenova, Meruert",,2281,Female,,IM
13703404,"Igambergenov, Alibek",,2269,Male,,IM
13784951,"Anetov, Amirzhan",,2187,Male,,CM
13755579,"Dauren, Darmen",,2159,Male,,CM
13705610,"Rashit, Alikhan",,2148,Male,,
13702424,"Kaiyrbekov, Rustam",,2116,Male,,IM
447003073,"Nurakyn, Suleiman",,2088,Male,,
13727915,"Galymzhanuly, Ibragim",,2086,Male,,
13724452,"Suleimen, Ergali",,2357,Male,,IM
13712799,"Kairbekova, Amina",,2206,Female,,WGM
1987259,Guilherme Duarte De Lima Caetano,,1600,Male,,
1989162,Christian Fong Bryant,,1594,Male,,
1992155,Pedro Dos Santos Cardoso,,1553,Male,,
1989170,Eduardo Tomás Pereira Sá,,1478,Male,,
1982486,Sara Luísa Fernandes Gil,,0,Female,,
1986422,Edgar Alves Sequeira,,0,Male,,
13725831,"Kurmangaliyeva, Liya",,2168,Female,,WGM
13733125,"Bolat, Inayat",,2133,Male,,FM
13722271,"Zhakan, Erasyl",,2085,Male,,
11655321,"Stalgis, Edmunds",,1889,Male,,
11649470,"Jefimovs, Akims",,1911,Male,,
447013001,"Nurshin, Nurali",,2037,Male,,CM
13737058,"Kuanyshev, Miras",,2004,Male,,
13784960,"Bakhyt, Rauan",,1992,Male,,
13725637,"Sergazin, Ansar",,1992,Male,,
13735365,"Bakhytzhan, Madiyar",,1987,Male,,CM
13718665,"Zhumabekov, Shakhmardan",,1972,Male,,
13787209,"Bulatov, Dinmukhamed",,1964,Male,,
12445215,"Phan, Linh Anh",,,Female,1442,
34642676,"Rafikov,  Artur",1011,,Male,,
13792199,"Mirzhanov, Arlan",,1918,Male,,CM
13727125,"Ayapov, Alimzhan",,1910,Male,,
13764322,"Mamakova, Aknur",,1907,Female,,
13720503,"Kaldarova, Ayaulym",,1887,Female,,WIM
2533901,"Rudroju, Aarav",1542,,Male,,
13777521,"Nauryzbay, Ayana",,1608,Female,,
42768462,"nafezi alamdari, adrina",,,Male,1498,
42797543,"oloumi alamdari, amirreza",,,Male,1433,
13760718,"Onoglu, Ali",,2015,Male,,
13782266,"Umbetkali, Nurpeiis",,1845,Male,,
13726790,"Gabitova, Dilyara",,1824,Female,,
13706470,"Maksotov, Aibek",,1786,Male,,
13798600,"Zhakenova, Medina",,1678,Female,,
447032448,"Shavaliyev, Amirkhan",,1589,Male,,
447073470,"Maratuly, Yerasyl",,1586,Male,,
447028050,"Tles, Islam",,1565,Male,,
447035080,"Ermek, Nurtilek",,1513,Male,,
447090995,"Yedilbayev, Alikhan",,1501,Male,,
447035129,"Ersain, Kairat",,1454,Male,,
447091045,"Bakhytgerey, Alikhan",,1453,Male,,
447091126,"Amanzhan, Ibrahim",,1435,Male,,
447035099,"Ermek, Sanzhar",,1431,Male,,
13788531,"Medetov, Shokan",,0,Male,,
557020914,"Orynbay, Ali",,0,Male,,
540071995,"Федоров, Максим Сергеевич",,,Male,1159,
5904188,"Koulaxidis, Arkadios",,1867,Male,,
55762670,"Zilbert, Evgeny",,1664,Male,,
55869874,"Belyaev, Ivan",,1554,Male,,
94786321,"Deblas Guzman, Daniel",,1497,Male,,
55850880,"Zakirova, Liliia",,1471,Male,,
540085015,"Gurfov, Amir",,1454,Male,,
2891360,"Belyaev, Alexey",,0,Male,,
540030393,"Butko, Dmitrii",,0,Male,,
55718248,"Gaynulin, Oskar Rus",,0,Male,,
540094855,"Karageur, Daniil",,0,Male,,
5907861,"Pavlov, Ivan",,0,Male,,
1954342,"Silva, José Lucas Ferreira",,2106,Male,,
1982532,"Silva, Daniel Alexandre Sousa Da",,1654,Male,,
1984470,"Ribeiro, Rita Marina Da Costa",,1528,Female,,
1948148,"Silva, António José Mendes Abreu Ferr",,1510,Male,,
1936956,"Zeferino, Rogério Pedro Machado",,1488,Male,,
1989405,"Coelho, António Gil Moreira Sá",,1456,Male,,
1981668,"Reis, Eduardo Pinto",,1446,Male,,
1976486,"Bessa, Gonçalo Teixeira",,0,Male,,
1985043,"Cardoso, Leonardo Ribeiro",,0,Male,,
1974718,"Freitas, Rita Bernardo",,0,Female,,
540001199,"Khudorozhkov, Iaroslav",,,Male,1535,
540033350,"Zilbert, Mikhail",,,Male,1512,
91195349,"Dominiak, Oskar",,,Male,0,
540015670,"Ermoshin, Vsevolod",,,Male,0,
540096050,"Karslian, Artem",,,Male,0,
540076768,"Kurpas, Sergey",,,Male,0,
540091104,"Sazonov, Vasilii",,,Male,0,
429081785,"Aaryan, Chaitas Shah",,,Male,1528,
5913934,"Monoyios, Onoufrios",,,Male,1503,
5912911,"Christodoulou, Stratos",,,Male,1468,
5911770,"Ioannou, Alexandros",,,Male,0,
42178525,"Konosidis, Alexandros",,,Male,0,
5911443,"Kurguzkin, Artyom",,,Male,0,
5914612,"Osadcha, Elena",,,Male,0,
5913896,"Pafitis, Marios",,,Male,0,
5913861,"Pafitis, Vasilios",,,Male,0,
540050068,"Riakhov, Andrei",,,Male,0,
522004572,"Rumiantseva, Aleksandra",,,Male,0,
5913810,"Theodoulou, Emilios",,,Male,0,
540091422,"Trubnikova, Anastasiia",,,Male,0,
3645100,"Acosta Garcia, Fabricio Martin",,1537,Male,,
9237580,"Radenkovic, Luka",,1498,Male,,
9220970,"Dedic, Andrej",,1416,Male,,
9263327,"Bitevic, Veljko",,0,Male,,
9263335,"Bojovic, Branislav",,0,Male,,
9263343,"Debljovic, Bogdana",,0,Male,,
9263351,"Filipovic, Uros",,0,Male,,
9239990,"Gorohovski, Mark",,0,Male,,
9246902,"Jablanovic, Aleksandar",,0,Male,,
9247062,"Jovanovic, Petar N",,0,Male,,
9259583,"Lekic, Matija A",,0,Male,,
9263394,"Petrovic, Igor O",,0,Male,,
9263416,"Pribanovic, Danilo",,0,Male,,
9263424,"Radivojevic, Tea Andjelija",,0,Male,,
9238454,"Rakovic, Dusan",,0,Male,,
10101314,"Silva, David",2334,,Male,,IM
10100792,"Miguel, Sergio",2270,,Male,,FM
10100253,"Domingos, Catarino",2219,,Male,,IM
10111140,"Sonhy, Jaime",2157,,Male,,CM
10100431,"Oliveira, Luciano",2134,,Male,,IM
10101284,"Gama, Edivaldo Jr",2128,,Male,,
10100520,"Simoes, Joao",2124,,Male,,CM
10115102,"Santos, Luther",2109,,Male,,FM
10107592,"Prospero, Alexandre",2105,,Male,,
10100636,"Dias, Vanderson",2077,,Male,,
10109846,"Da Costa, Joaquim",2030,,Male,,
10100180,"Agnelo, Amorim",2028,,Male,,IM
10100717,"Sapalo, Gabriel",2023,,Male,,
10100563,"Cambando, Jose",2018,,Male,,CM
10111786,"Andrade, Pedro",2017,,Male,,
10106316,"Sousa, Estevao",2013,,Male,,
10108270,"Segunda, Angelo",1902,,Male,,
10113371,"Belchior, Lino Lopes",1880,,Male,,
55749941,"Загвоздкин, Юрий Валентинович",,1951,Male,,
13785036,"Mukashev, Alrami",,1895,Male,,
9246953,"Zupanjac, Petar",,1457,Male,,
13712667,"Muratov, Batyrkhan",,1874,Male,,FM
9246945,"Zupanjac, Jakov",,1467,Male,,
13774441,"Mamyrov, Beybarys",,1901,Male,,FM
55601286,"Дель, Никита Михайлович",,1875,Male,,
34177547,"Двигун, Евгений Витальевич",,1803,Male,,
4198760,"Завьялов, Владимир Васильевич",,1768,Male,,
34396934,"Стерликов, Никита Алексеевич",,1685,Male,,
55634044,"Шевцов, Ратмир Вячеславович",,1663,Male,,
525002864,"GÜMÜŞ, YUSUF EMİR",,,Male,1634,
34440569,"Иванов, Вячеслав Михайлович",,1550,Male,,
34327002,"Артюхов, Евгений Михайлович",,1473,Male,,
24211575,"Пустов, Станислав Юрьевич",,1456,Male,,
55709303,"Бузанов, Артемий Андреевич",,1441,Male,,
4189191,"Медведев, Николай Николаевич",,1416,Male,,
34303006,"Шустрова, Вероника Вячеславовна",,1355,Male,,
540089940,"Иванов, Михаил Николаевич",,1138,Male,,
522007784,"Абазов, Асланбек Эдуардович",,1077,Male,,
55768652,"Кутафин, Петр Андреевич",,0,Male,,
525035177,"CONTUK, AHMET ERAY",,,Male,1619,
25855581,"Athanasopoulos, Georgios",,1914,Male,,
25817035,"Stenos, Ioannis",,1771,Male,,
547020261,"Raghav, Singla*",,,Male,1413,
42174090,"Galerakis, Panagiotis Spyridon",,1713,Male,,
4270398,"Kazalis, Manos",,1681,Male,,
42178770,"Oustampasidis, Georgios",,1631,Male,,
13725980,"Akylbek, Zhaksylyk",,1939,Male,,
12471992,"Nguyen, Khanh An",,,Female,1437,
557004757,"Bayskakov, Andrey",,1920,Male,,
13715739,"Kalin, Ilyas",,1903,Male,,
13707612,"Seytesh, Serzhan",,1846,Male,,
13708007,"Tureshov, Zhanbolat",,1839,Male,,
13750852,"Abdygaliyev, Sabyr",,1819,Male,,
13710796,"Mukanov, Adilzhan",,1780,Male,,
13715003,"Karagayev, Rakhimzhan",,1779,Male,,
13723383,"Berdigaliyev, Almabek",,1762,Male,,
447069090,"Sarsen, Demis",,1761,Male,,
13737198,"Akaev, Aman",,1757,Male,,
13702904,"Sagnayev, Kunanbay",,1748,Male,,
13759590,"Ansabayev, Sagynysh",,1731,Male,,
13717553,"Kushenov, Erbolat",,1696,Male,,
13722387,"Kirgizbekov, Arman",,1687,Male,,
13733087,"Dzharkinbayev, Zhaser",,1677,Male,,
447064684,"Zhandaulet, Bekarys",,1676,Male,,
447099194,"Salykbayev, Nurlan",,1656,Male,,
13720902,"Aimbetov, Kazbek",,1647,Male,,
447054638,"Sabitov, Zhaxylyk",,1635,Male,,
13735462,"Sagyndyk, Dana",,1630,Female,,
447010150,"Kozhemzharov, Almas",,1622,Male,,
13727443,"Bozhgulova, Zaynabkhan",,1599,Female,,
13716697,"Vakhitov, Kaztugan",,1597,Male,,
447065893,"Dyusenbaev, Sanat",,1579,Male,,
13710192,"Dukembayev, Kairbek",,1572,Male,,
557004919,"Akhmetov, Baktiyar",,1563,Male,,
447029692,"Sarsembayev, Kairat",,1563,Male,,
13722034,"Mamrayev, Beksultan",,1561,Male,,
447069880,"Seitakhmet, Yernar",,1557,Male,,
447098570,"Bagzi, Erkinbek",,1551,Male,,
447031760,"Khuanbai, Yerkhanat",,1542,Male,,
447096349,"Yerekeshev, Azamat",,1538,Male,,
13714333,"Beisembayev, Baltabai",,1536,Male,,
447000279,"Oraztay, Yernar",,1531,Male,,
13783602,"Nurlankyzy, Zhadyra",,1524,Female,,
447031387,"Gutovskiy, Sergey",,1513,Male,,
13750844,"Tassygozhin, Nurlan",,1494,Male,,
13717715,"Haval, Beiimbet",,1478,Male,,
447064676,"Nurlybayev, Beksultan",,1460,Male,,
447046554,"Aktayev, Zhengisbek",,1428,Male,,
557014612,"Akimov, Kuanysh",,0,Male,,
13718134,"Babayev, Aldanazar",,0,Male,,
557016615,"Begalimov, Ilyas",,0,Male,,
2856506,"Marchenko, Alexey",1525,,Male,,
447081392,"Karshalov, Yerlik",,0,Male,,
13790544,"Kenzhalin, Baurzhan",,0,Male,,
13735543,"Mussabayev, Yerkanat",,0,Male,,
447077719,"Nurtaza, Samat",,0,Male,,
447053801,"Sagymbayev, Abzal",,0,Male,,
447083271,"Tursynbayev, Arsen",,0,Male,,
557008515,"Tusupov, Serik",,0,Male,,
88118568,"Ashwath, Ram U S",,1823,Male,,
33468311,"Haaziq, S",,1769,Male,,
33496838,"Ajin, P R",,1657,Male,,
48742678,"Abhinav, R",,1609,Male,,
547069031,"Bharathi, M",,1570,Male,,
537013149,"Joffin, Steve",,1555,Male,,
33401691,"Fecilika, Fiance S",,1548,Female,,
33424772,"Advaith, S B",,1535,Male,,
33401675,"Dhashya, Fiance S",,1531,Female,,
48725455,"Pranav, D Rakesh",,1531,Male,,
558002723,"Ronald, Victor A",,1506,Male,,
88151298,"Kiruthiga, M G",,1491,Female,,
547062215,"Dhanwin, Krishnah A",,1483,Male,,
25905554,"Rajna, S R",,1480,Female,,
88118908,"Nithin, Bright",,1465,Male,,
531072135,"Nithish, F J R",,1430,Male,,
88151476,"Adshaya, M G",,0,Female,,
13714929,"Urazbekov, Arystan",,1774,Male,,
447029650,"Assylbekov, Dulat",,1707,Male,,
13773089,"Abdrakhmanov, Serik",,1713,Male,,
13785168,"Tolengit, Arman",,1933,Male,,
4134877,"Кайданович, Марина Викторовна",,1541,Male,,
34297405,"Тямисов, Николай Эрисенович",,1470,Male,,
522021256,"Черемискин, Антон Николаевич",,1312,Male,,
34107913,"Ногаев, Геннадий Иванович",,1283,Male,,
55642551,"Рыжков, Александр Васильевич",,1239,Male,,
13702726,"Zhuravlev, Viktor",,1889,Male,,
13802429,"Kozhamberdiev, Maratbek",,1606,Male,,
55836054,"Parshinov, Bato Tsy",,1702,Male,,
26397048,"ÖKER, SİNAN",,,Male,1553,
88118312,"Akshayaah, A",,0,Female,,
531073328,"Gowsalya, R S",,0,Female,,
531072194,"Sethupathi, R",,0,Male,,
531072526,"Sivaguru, A",,0,Male,,
33497036,"Sreejith, P R",,0,Male,,
3644561,"Santana Ortiz, Alina Scarlet",,1481,Male,,
3506223,"Gomez Arnau, Reinerio",,2191,Male,,CM
5175020,"Moreno Arteaga, Gerson",,1953,Male,,
5198674,"Lopez Fuentes, Wilberth Sebastian",,1859,Male,,CM
5180740,"Jimenez Bautista, Luis Fernando",,1632,Male,,
550000470,"Cruz Morales, Andres",,1627,Male,,
550000454,"Canto Barbudo, Julio Cesar",,1636,Male,,
550000616,"Apodaca Carrillo, Bryan Alexis",,1601,Male,,
550000527,"Vazquez Miranda, Joaquin Roberto",,1586,Male,,
5188849,"Valladares Camara, Ana Valeria Del Mar",,1565,Male,,
13839810,"Mokenov, Elmyrza",,1572,Male,,
51672421,"ÖRS, YİĞİTCAN",,,Male,1533,
447055677,"Kuznetsov, Vladislav",,1666,Male,,
447022620,"Myrzhussupov, Yerlan",,1648,Male,,
447065311,"Abzal, Beibarys",,1584,Male,,
447055766,"Tuyenbayev, Amirsan",,1583,Male,,
447067179,"Kaldybayev, Yerkanat",,1553,Male,,
447054751,"Akzhanov, Alan",,1524,Male,,
447018852,"Seilkhanov, Dastan",,1489,Male,,
447065443,"Iskakov, Amir",,0,Male,,
13749919,"Karabay Sanzhar,",,0,Male,,
447030143,"Nurlybek, Alisher",,0,Male,,
10100903,"Caxita, Esperanca",2001,,Male,,WIM
10101012,"Pires, Luzia",1963,,Male,,WFM
10110836,"Paulo, Jemima",1948,,Male,,WFM
10105980,"Junior, Ednasia",1938,,Male,,WFM
10115358,"Felicidade, Felicia",1785,,Male,,
10100768,"Domingos, Maria M",1755,,Male,,WIM
10107860,"Antonio, Renelsa Taiane",1728,,Male,,
10110828,"Martins, Edivania",1675,,Male,,
10118225,"Luisa, Tembo Cassanza",1636,,Male,,
10115943,"Santana, Daniela",1626,,Male,,
10112170,"Domingas, Fernandes",1624,,Male,,
10107967,"Andre, Claudia Vandunen",1583,,Male,,
10118721,"Castro, Fernanda",1567,,Male,,
10107916,"Mutumbulua, Rosalina Nahambo",1526,,Male,,
10106952,"Paixao, Sonia",1479,,Male,,
10116532,"Felix, Filipa",1417,,Male,,
17037808,"Kokenyesi, Zoe",,0,Male,,
33362041,"Aadik, Theophane Lenin",,,Male,2176,CM
33452911,"Ahaz, E U",,,Male,2167,
25043870,"Marthandan, K U",,,Male,2052,
5022673,"Pran, Abhijith",,,Male,1908,
25016253,"Ajith, D",,,Male,1905,
46600884,"Ebin, Benny",,,Male,1892,
5007356,"Satheeshan, U.S.",,,Male,1828,
25758390,"Rahan, Ramesh",,,Male,1768,
5011116,"Raveendran, C.R.",,,Male,1732,
12454982,"Bui, Mai Chi",,,Female,1429,
531025668,"Sourav, Krishna V S",,,Male,1714,
5024250,"Suresh, K.G.",,,Male,1702,
5065933,"Jos, Paul Davis",,,Male,1701,
48793337,"Akash, S",,,Male,1690,
35002309,"Ajayan, K V",,,Male,1689,
35032399,"Nasser, N A",,,Male,1686,
35014765,"Vincent, Dave",,,Male,1674,
25063693,"Jagadis, Chandra Bose",,,Male,1665,
25024868,"Prathapan, J S",,,Male,1665,
564029832,"Sabarinath, Biju",,,Male,1657,
33313385,"Prayag, Sumod",,,Male,1633,
366096072,"Amresh, S Kumar",,,Male,1616,
25092367,"Peter, K P",,,Male,1606,
46605444,"Satheesh, A S",,,Male,1600,
25016334,"Lakshmanan, K A",,,Male,1573,
547056100,"Naitvik, M",,,Male,1571,
547077573,"Aadarsh, S Kumar",,,Male,1501,
88109690,"Adarsh, S",,,Male,1560,
537026330,"Angel, Antony",,,Male,1543,
531023045,"Saket, S Shenoy",,,Male,1543,
88109623,"Aadinath, S A",,,Male,1540,
45006725,"Sudheesh, M A",,,Male,1534,
35068113,"Thulaseedharan, K",,,Male,1534,
531025595,"Rajesh, U S",,,Male,1523,
35014501,"Benny, Thomas",,,Male,1513,
45047260,"Laiju, Ct",,,Male,1505,
558024441,"Vaibhav, Sumod",,,Male,1505,
531099700,"Abhinav, Sreejith",,,Male,1500,
537029088,"Shreya, Srikumar Menon",,,Male,1498,
531000711,"Adithya, Sreejith",,,Male,1492,
25619500,"Valsaraju, V",,,Male,1486,
33478007,"Niranjan, A Nair",,,Male,1483,
25012886,"Antony, Simethy",,,Male,1461,
547062363,"Fabiano, Riant",,,Male,1453,
537029142,"Sourav, Srikumar Menon",,,Male,1432,
25024850,"Prabhu, R V",,,Male,1597,
23726970,"Komárek, Tobiáš",,1706,Male,,
23760320,"Pešková, Sára",,1603,Male,1603,
23773928,"Böhm, Ondřej",,1590,Male,,
23798319,"Chlup, Patrik",,1461,Male,,
23792310,"Veteška, Adam",,1414,Male,,
23771364,"Benda, Matěj",,1378,Male,,
23798343,"Štulíř, Jan",,1309,Male,,
23784059,"Vlasák, Matěj",,1304,Male,,
23799188,"Ničovský, Adam",,1272,Male,,
23798335,"Sís, Robin",,1237,Male,,
23767049,"Komárková, Mína",,1217,Male,,
23785519,"Čupr, Tomáš",,1205,Male,,
23792817,"Loubal, Michael",,1201,Male,,
23774584,"Vyskočil, Vojtěch",,1175,Male,,
23759364,"Temenugov, Leo Filip",,1170,Male,,
23745134,"Kalod, Radek",,1057,Male,,
23799196,"Seget, Richard",,1052,Male,,
55816010,"Алман, Никита",,1648,Male,,
522017526,"Журавлев, Илья Александрович",,1633,Male,,
522017542,"Михайлов, Александр",,1535,Male,,
540075249,"Орехов, Михаил",,1463,Male,,
447010819,"Garayev, Bakhtiyar",,1716,Male,,
447090162,"Zhapar, Akniet",,1518,Male,,
557000336,"Nurullin, Ratmir",,1468,Male,,
447036419,"Yedresheva, Amaliya",,1478,Male,,
447049847,"Omurzakov, Altair",,1714,Male,,
540075290,"Кантеев, Глеб",,1205,Male,,
5075025,"Aadhav S Kumar,",,,Male,1731,
547040939,"Niranjan, S",,,Male,1519,
547077611,"Dhyuvan, V",,,Male,1499,
33418705,"Emmanuel, Riju",,,Male,1477,
537097644,"Pranav, P Nair",,,Male,1466,
547041021,"Dakshesh, S Nair",,,Male,1453,
558024530,"Kevin, Job Putharickal",,,Male,1450,
547056088,"Nehal, V Roshin",,,Male,0,
547055928,"Rohin, V Roshin",,,Male,0,
558011730,"Subhag, Grinesh",,,Male,0,
547056126,"Vidyut, Chittoor Sankar",,,Male,0,
10103651,"Manuel, Vander",,1917,Male,,
10104844,"Assis, Antonio Henriques",,1807,Male,,
10107541,"Miranda, Cristian",,1812,Male,,
3800512,"Alarcon Principe, Wilfredo Ruy",,2042,Male,,CM
3818977,"Risco Alarcon, Julio Snaider",,1895,Male,,
3837858,"Fuentes Alarcon, Paolo Eduardo",,1872,Male,,
3837270,"Fuentes Alarcon, Angelo Moises",,1869,Male,,
13840649,"Turdubekov, Azamat",,1495,Male,,
3881164,"Arteaga Campos, Oscar Enrique",,1755,Male,,
81482817,"Gabriel Munoz, Carlos Aldhair",,1616,Male,,
81422342,"Alvarado Angulo, Adriano Angel",,1538,Male,,
81461887,"Miranda Tavara, Eliel Abdiel",,1507,Male,,
81448635,"Florian Cumpa, Rafael Valentino",,0,Male,,
17039347,"Bozo, Barnabas",,0,Male,,
17033284,"Dobosi, Vince",,0,Male,,
17037786,"Eger, Matyas Istvan",,0,Male,,
17027004,"Feher, Levente",,0,Male,,
429099471,"Abram, Aarvin",,,Male,1490,
547077735,"Arhaan, A Nandikadu",,,Male,1444,
564040330,"Nikitha, R",,,Male,1411,
29627265,"Vasquez Hernandez, Juan Carlos",1677,,Male,,
29699738,"Burgos Santiago, Maximiliano Rafael",1651,,Male,,
550002260,"Lopez, Perdigon Nestor",1594,,Male,,
5199085,"Torres Lopez, Valeria",1657,,Male,,
5179840,"Albores, Avendano Juquila Nathalia",1622,,Male,,
29699711,"Gomez Lopez, Gerardo Said",1821,,Male,,
5179815,"Sanchez, Gomez Cristobal Aldair",1748,,Male,,
5163447,"Guillen Moreno, Karina Guadalupe",1934,,Male,1934,
5179807,"Sanchez Gomez, Ana Valeria",1745,,Male,,
550000276,"Orantes Sanchez, Ananda Sofia",1675,,Male,,
5180023,"Albores, Avendano Andrea Monserrath",1616,,Male,,
5180155,"Moreno Samayoa, Hector Ivan",1799,,Male,,
5179858,"Gutierrez Gonzalez, Miguel Angel",1730,,Male,,
5179793,"Escalante, Perez Bryan Elihu",1704,,Male,,
5179750,"Torres, Marroquin Angel Arturo",1649,,Male,,
522073620,"Смирнов, Артур",,1523,Male,,
540049604,"Кравчук, Михаил",,1272,Male,,
25178989,"Maras, Sahejveer Singh",,1848,Male,,
5088925,"Patil, Akshay",,1780,Male,,
25146920,"Yuval, Sunil Mohurle",,1771,Male,,
25173685,"Kushagra, Paliwal",,1745,Male,,
533016348,"Gerber,  Martin",1570,,Male,,
33422613,"Aaradhya, Swapnil Ubale",,1709,Male,,
33423415,"Vishwaditya, Awasthi",,1695,Male,,
25727729,"Thakur, Aarit",,1693,Male,,
33423300,"Swaraj, Mishra",,1689,Male,,
25191799,"Sabir, Adnan",,1661,Male,,
46631755,"Lohit, Rushikesh",,1651,Male,,
537017578,"Paras, Santosh Kosarkar",,1613,Male,,
35038753,"Taide, Siddhant",,1596,Male,,
33359350,"Bhagchandani, Mohak",,1595,Male,,
25043609,"Hariramani, R N",,1586,Male,,
25975021,"Chandrashekhar, Sable",,1584,Male,,
547081848,"Adarsh, Vijay Iyer",,1581,Male,,
25053272,"Borkar, B C",,1570,Male,,
33422630,"Aditya, Kamlapurkar",,1568,Male,,
531012736,"Sontakke, Anvit",,1561,Male,,
25969617,"Ramteke, Yugant",,1558,Male,,
88172279,"Mrudul, Rajesh Tijare",,1548,Male,,
88135799,"Agrawal, Ridhaan",,1540,Male,,
564058611,"Samarth, Devanand Gawande",,1540,Male,,
531030408,"Dushyant, Nakade",,1534,Male,,
531008046,"Karnase, Manas",,1520,Male,,
33423377,"Vihaan, Vaibhav Deshmukh",,1517,Male,,
531009395,"Kubde, Paris",,1515,Male,,
46629998,"Shendre, Ajinkya S",,1513,Male,,
531004032,"Kale, Rugved",,1506,Male,,
429082404,"Reyansh, Harish Chaudhari",,1503,Male,,
88127915,"Khode, Nihansh",,1502,Male,,
88100545,"Bhange, Sanjay",,1494,Male,,
537086936,"Prabhat, Kumar Chourasiya",,1490,Male,,
25053167,"Abhilash, Raut",,1489,Male,,
45055505,"Bahadure, Shreyas",,1489,Male,,
558052917,"Priyank, Goud",,1489,Male,,
531004040,"Ghagare, Aarnav",,1479,Male,,
564058336,"Luvvya, Sohan Dahake",,1478,Male,,
531012671,"Rekhi, Rishik",,1461,Male,,
25975129,"Prabhakar, Patil",,1456,Male,,
45055777,"Ramteke, Pramod J",,1455,Male,,
558021280,"Rishi, Kiran Dakhane",,1450,Male,,
558021299,"Rudra, Kiran Dakhane",,1449,Male,,
25681419,"Dubey, Vaibhav Rajeshwar",,1445,Male,,
25635670,"Rajpathak, Bhushan",,1431,Male,,
33379505,"Nitesh,",,1427,Male,,
88105130,"Gandhi, Dev",,1426,Male,,
537017748,"Sharanya, Shailesh Meshram",,1419,Male,,
25148133,"Mahajan, Sadanand",,1417,Male,,
547081929,"Ratan, Ananta Fulzele",,1416,Male,,
88147428,"Krishna, Girish Wadhwani",,1414,Male,,
48798436,"Jambhulkar, Sanskar",,1411,Male,,
558096167,"Reyansh, Peeyush Gupta",,1411,Male,,
429086825,"Aakansh, Akash Thakur",,0,Male,,
537017810,"Aarav, Chetan Madan",,0,Male,,
537017802,"Arth, Chetan Madan",,0,Male,,
547085290,"Arun, Omprakash Kushwaha",,0,Male,,
537032305,"Deepak, Shrirang Bhaisare",,0,Male,,
531009344,"Deshmukh, Veer",,0,Male,,
81460210,"Benavides Calonge, Fabricio Eduardo",,1438,Male,,
537017535,"Hemant, Kumar Dewangan",,0,Male,,
564027139,"Kabir, Karangami",,0,Male,,
537018906,"Parineet, Shailesh Bahadure",,0,Male,,
547057769,"Pragnay, Kaushik Deshmukh",,0,Male,,
33424330,"Prasanna, Prashant Bhagat",,0,Male,,
558095209,"Sankalp, Shailendra Patil",,0,Male,,
558095195,"Shailendra, Patil",,0,Male,,
547057459,"Shashvat, Harshad Mude",,0,Male,,
547057530,"Shounak, Mrugendra Bodhankar",,0,Male,,
531032443,"Virat, Pawan Punekar",,0,Male,,
25968548,"Vritika, Krushna Game",,1678,Female,,
25789910,"Shreeya, Gaikwad",,1601,Female,,
537046942,"Abhaya, Chaore",,1561,Female,,
25969498,"Junghare, Avanti",,1535,Female,,
531030599,"Gauri, Harkare",,1526,Female,,
547081937,"Advika, Dilip Yamde",,1516,Female,,
33426082,"Tanishka, Shailendra Bhardwaj",,1514,Female,,
48798444,"Jambhulkar, Sanskriti",,1498,Female,,
45090572,"Tijan, Punaram Gawar",,1497,Female,,
531007805,"Harkare, Gargi",,1480,Female,,
25703102,"Mishrikotkar, Vidhi",,1479,Female,,
88105202,"Zade, Chhavi",,1475,Female,,
88130134,"Deshpande, Anushka",,1474,Female,,
531009433,"Ramteke, Jeevika",,1464,Female,,
33387907,"Swara, Rahul Gandhi",,1461,Female,,
88162265,"Khedkar, Shambhavi",,1448,Female,,
48761702,"Tijare, Simran",,1447,Female,,
88172295,"Ojasvi, Amit Poharkar",,1445,Female,,
429080274,"Lavanya, Shashank Mahadik",,1444,Female,,
429086035,"Ritul, Atul Jain",,1436,Female,,
429010004,"Ayaanshi, Nikhil Bhengade",,1413,Female,,
531007821,"Ghodeswar, Anvika",,1413,Female,,
547057599,"Garvi, Kishor Manapure",,1406,Female,,
537019570,"Ariya, Shailesh Bahadure",,1402,Female,,
537019538,"Aahi, Shailesh Meshram",,0,Female,,
531030513,"Advika, Ashwin Bhoyar",,0,Female,,
33346020,"Aishani, Janbandhu",,0,Female,,
558091378,"Diwija, Sakale",,0,Female,,
531037666,"Panchware, Dhwani",,0,Female,,
547057866,"Shireen, Amol Titarmare",,0,Female,,
531081916,"Srujana, Shaliesh Apte",,0,Female,,
531080561,"Tejal, Ashwin Bhoyar",,0,Female,,
81446918,"Quispe Enriquez, Mauricio Julian",,1403,Male,,
32790597,"Kakavand, Ramtin",,2332,Male,,FM
51676940,"GÖZCÜ, YİĞİT KAAN",,,Male,1529,
12563897,"Hoseini, S.Alireza",,2107,Male,,
12502030,"Ardeshi, Mehrdad",,2022,Male,,IM
42527988,"Alizadeh, Amirhosein",1953,2128,Male,,
22582304,"Rahmatpisheh, Amir Hossein",,1906,Male,,
12511340,"Azbaghi, Enayat",,1889,Male,,
42705320,"Kazemi, Kiarash",,1845,Male,,
12505994,"Ghanbari, Mahdi",,1830,Male,,
36782890,"Younesi, Abolfazl",,1817,Male,,
32792786,"Naderiyan, Amir Hosein",,1816,Male,,
12566209,"Gol, Arshia",,1810,Male,,
22597042,"Sodachi, Saba",,1786,Male,,
12532568,"Sohrabi, Hessam",,1784,Male,,
536047350,"Hadinezhad, Erfan",,1753,Male,,
42795664,"Mohammadi, Armin",,1718,Male,,
12511676,"Taghikhani, Amir Ali",,1710,Male,,
428034767,"Khoshakhlagh, Alireza",,1704,Male,,
12527530,"Khalili, Reza",,1669,Male,,
32721021,"Khan Ahmadi, Mohammad Reza",,1669,Male,,
428029232,"Tahawwori, Mohammad Amin",,1654,Male,,
562004590,"Reza Soltani, Mohammad",,1645,Male,,
536082864,"Aliakbari, Aban",,1630,Male,,
32711034,"Ghadiri, Soleiman",,1626,Male,,
42505704,"Basiri, Hasan",,1624,Male,,
12583227,"Gholipoor, Esmaeil",,1621,Male,,
36794260,"Hazeghfetratjoo, Pezhman",,1595,Male,,
536093971,"Zamen Ghadiri, Hamidreza",,1588,Male,,
428027655,"Babaei, Mohammadpouyan",,1586,Male,,
42518725,"Vasheghani, Behrad",1912,1866,Male,,
22553053,"Khalaji, Saead",,1578,Male,,
536047244,"Pirayandeh, Hossein",,1563,Male,,
12553484,"Namazi Shirazi, Ali",,1561,Male,,
12533912,"Nazari Nia, Shahram",,1550,Male,,
428002210,"Ghanbarzadeh, Mohammad Mahdi",,1546,Male,,
42789486,"Sobhani, Alireza",,1531,Male,,
42515467,"Teimouri Yadkuri, Shahdad",,2362,Male,,FM
22549986,"Hojjatinejad, Ilia",,2325,Male,,
36757527,"Ghoreishi Amiri, Seyed Kian",,2305,Male,,FM
12502766,"Sedaghati, Mehrdad",,2276,Male,,FM
42529271,"Mohammadi, Melika",,2233,Male,,WIM
12503312,"Abedi, Ali",,2233,Male,,
12502910,"Ghorbani, Hadi",,2171,Male,,FM
36710830,"Neshan, Arshiya",,2159,Male,,
36798339,"Shokoohi Pooya, Pouyan",1802,1836,Male,,
22501371,"Ebadi, Seyed Ali",,2117,Male,,
36792934,"Roshantab, Sadra",,2110,Male,,
36771856,"Faramarzi Garousi, Maartia",,2088,Male,,
12501360,"Mahmoody, Mohammad Sadegh",,2045,Male,,
22597018,"Rahmani, Pedram",,2045,Male,,
12506443,"Pilvaieh, Ali",,2041,Male,,
42712769,"Barati Masihi, Kevin",,1998,Male,,
42515424,"Karimpour Talebi, Arman",,1965,Male,,
12528188,"Alipour, Arman",,1942,Male,,
536005355,"Haghighinia, Amir Ali",,1915,Male,,
32787189,"Mahdi Zadeh, Mohamad",,1828,Male,,
42702267,"Ebrahimibasyaei, Amirali",,1811,Male,,
42511828,"Fazlali, Soheil",,1806,Male,,
36784419,"Rezaei, Sohrab",,1768,Male,,
12502987,"Ghobadibigvand, Ali",,1724,Male,,
32741529,"Norouzi, Mahdiar",,1719,Male,,
42743273,"Shojapour, Mahan",,1704,Male,,
42707242,"Ostovari, Tarannom",,1673,Male,,
12583480,"Rahnamai Namin, Mohammadreza",,1671,Male,,
36772526,"Sharifi, Soroush",,1662,Male,,
22553703,"Karimi, Ashkan",,1656,Male,,
536047260,"Rouzbahani, Amirali",,1552,Male,,
36705772,"Parichehr, Arash",,1515,Male,,
42789699,"Hosseintehrani, Mahan",,1458,Male,,
32716362,"Maleki, Mahdi",,1457,Male,,
32721919,"Shakeri, Fatemeh",,1410,Male,,
536007846,"Amirkhani, Mohammadparsa",,1409,Male,,
562010913,"Fayyaz Monfared, Sadra",,0,Male,,
42724619,"Ghorbani Delivand, Kiana",,0,Male,,
36776777,"Noorallah Pourarchi, Kheirali",,0,Male,,
42789761,"Sarrafzadehghadimi, Parsa",,0,Male,,
12576050,"Eslami, Hamidreza",,1738,Male,,
22549250,"Raji Kashani, Arash",,1724,Male,,
42786215,"Lavvafzadeh, Mohammad Yasin",,1569,Male,,
12555428,"Mohammadzadeh, Mohammadhossein",,1428,Male,,
428068548,"Foroghian, Mohammaderfan",,1412,Male,,
4131207,"Сергеев, Игорь Борисович",,1888,Male,,
55808492,"Лифантов, Александр Евгеньевич",,1721,Male,,
4128699,"Кравец, Владислав Валерьевич",,1712,Male,,
522046577,"Самбуров, Савелий Александрович",,1668,Male,,
54165504,"Абрамов, Владимир Иванович",,1488,Male,,
55826903,"Носков, Евгений Сергеевич",,1452,Male,,
24221651,"Орлов, Денис Алексеевич",,1450,Male,,
3656799,"Calderon Jumbo, Luna Mickaela",,1447,Male,,
55682340,"Ваделов, Александр Тимурович",,1085,Male,,
6388655,"ÇELİKEL, FATİH",,,Male,1908,
6388663,"DEMİRCİ, FATİH",,,Male,1905,
51635801,"GİRGİN, MUHAMMED FURKAN",,,Male,1850,
6301967,"DÖNMEZ, YUSUF",,,Male,1795,
6384404,"TETİK, MUHAMMED",,,Male,1765,
6376380,"GÖLCÜ, MÜNÜR",,,Male,1698,
51622181,"KUM, BÜŞRA",,,Male,1669,
525040146,"ÜSTÜN, OZAN RIZA",,,Male,1660,
525014870,"AKYILDIZ, MEVLÜT",,,Male,1656,
51684560,"DAYIOĞLU, EMİR",,,Male,1655,
51668696,"YÜKSEL, ÖMER FARUK",,,Male,1644,
51692139,"ÇETİN, İHSAN SAİD",,,Male,1628,
6315682,"KOÇ, ABDULLAH",,,Male,1621,
6394906,"KARABÜBER, AHMET",,,Male,1604,
44543140,"ERÇİL, HALUK",,,Male,1566,
525045571,"GÜLEÇ, MUHAMMED ONUR",,,Male,1544,
34572295,"KONAL, EMİNE NURSEL",,,Male,1522,
525026119,"GÖKTEPE, MURAT HAMZA",,,Male,1513,
525040120,"ASLAN, GÖRKEM GÜRBÜZ",,,Male,1500,
51609940,"TONCA, TİBET ULAŞ",,,Male,1476,
26354853,"AKPINAR, MUHAMMED EMİN",,,Male,1464,
525040073,"DİLER, MUHAMMED ENES",,,Male,1416,
525042696,"ÜSTÜN, EMİR",,,Male,1364,
51629160,"OKUDUCU, CELALETTİN",,,Male,1343,
51696126,"AKGÜL, DORUK",,,Male,1194,
525044745,"ÜNLÜER, AYKUTHAN",,,Male,1123,
525043854,"İSPAHA, AHMED FEHİM",,,Male,1118,
525012746,"KARABÜBER, RAMAZAN",,,Male,0,
550012932,"Smiers Guillermo, Jasper Uriel",,1592,Male,,
29656923,"Santoyo Roman, Luis Alberto",,1588,Male,,
550017802,"Rueda Diaz, Yumil",,1538,Male,,
29667968,"Carrasco Zanini Perles Blanco, Diego",,1513,Male,,
45022500,"Aashman Gupta,",,,Male,2080,CM
5048257,"Harshal Shahi,",,,Male,2074,FM
5006813,"Harish Sharma,",,,Male,1983,
33407886,"Vidit Sethi,",,,Male,1979,
25174738,"Gopal Krishna Maheshwari,",,,Male,1886,
25114034,"Akshat Negi,",,,Male,1847,
25977890,"Amartya Saumitra Gupta,",,,Male,1838,
25949012,"G.Gopalakrishnan,",,,Male,1816,
25032801,"Om Batra,",,,Male,1812,
33357145,"Ojasya Saxena,",,,Male,1789,
25076574,"Shami Vipin K,",,,Male,1779,
5045886,"A K Kalshyan,",,,Male,1753,
88119289,"Naitik Sethi,",,,Male,1749,
46657452,"Hariom Solanki,",,,Male,1742,
46667180,"Saikat Nath,",,,Male,1740,
33408335,"Abhibhav Kumar,",,,Male,1713,
35058096,"Gaurav Sharma,",,,Male,1694,
51672375,"GÜNGÖR, EKREM BAHA",,,Male,1527,
429068363,"Tarun Gautam,",,,Male,1687,
33401446,"Divyansh,",,,Male,1664,
48778591,"Dhruv Gupta,",,,Male,1659,
25089811,"Prakhar Raj,",,,Male,1657,
48753734,"Garvit Jain,",,,Male,1656,
25700731,"Sushant Tiwari,",,,Male,1647,
5095786,"Kuldeep Shankar,",,,Male,1627,
25630768,"Rahul Tomar,",,,Male,1603,
531066828,"Kavish Saxena,",,,Male,1601,
25964011,"Shivam Chaudhary,",,,Male,1595,
564014347,"Paras Agarwal,",,,Male,1593,
25149130,"Naman Sati,",,,Male,1574,
25100769,"Manish Yadav,",,,Male,1569,
429027586,"Rudransh Sharma,",,,Male,1562,
33387117,"Viaan Jai Singh,",,,Male,1546,
531002340,"Akshit Sharma,",,,Male,1543,
547095261,"Aadyant Singh,",,,Male,1534,
429076005,"Sarthak Singh Bisht,",,,Male,1533,
429092230,"Pranit Rajput,",,,Male,1496,
531028977,"Akshat Shrivastav,",,,Male,1489,
25174118,"Amitabh Jain,",,,Male,1485,
429084857,"Abhay Kaushik,",,,Male,1483,
25672495,"Prabindra Mani Verma,",,,Male,1480,
537066196,"Aaryan Yadav,",,,Male,1479,
81412711,"Linares Lozano, Victor Fernando",,0,Male,,
429088208,"Charvik A.G,",,,Male,1462,
88185621,"Divam Talwar,",,,Male,1454,
429067715,"Aaryav Agrawal,",,,Male,1438,
33499918,"Saksham Singh Bisht,",,,Male,1425,
531024670,"Aayush Bhardwaj,",,,Male,0,
558027416,"Alakh,",,,Male,0,
429054109,"Gayatri Lamba,",,,Male,0,
33420408,"Shakya, Singha Modak",,,Male,1923,
33361436,"Aaradhya, Das",,,Female,1840,WCM
25757725,"Agrajit, Paul",,,Male,1836,
55843271,"Фридэ, Александр Андреевич",,1787,Male,,
55737498,"Пацюк, Пётр Сергеевич",,1382,Male,,
36770086,"Akrami, Moeid",,1752,Male,,
36792993,"Taghinejad Gilvaei, Irik",,1649,Male,,
536014133,"Bazesh, Mohammadtaha",,1471,Male,,
33373183,"Mehekdwip, Gope",,,Male,1775,
33427887,"Pranjal, Debnath",,,Male,1718,
45010951,"Dibyajyoti, Sarkar",,,Male,1709,
25153340,"Prasenjit, Namasudra",,,Male,1655,
45019649,"Dipak, Chowhan",,,Male,1637,
558045023,"Abhik, Das",,,Male,1626,
25036718,"Bapu, Debbarma",,,Male,1612,
5029830,"Pradip, Kumar Debnath",,,Male,1593,
33306311,"Prandhan, Debnath",,,Male,1569,
25713019,"Dipak, Das",,,Male,1549,
25732030,"Nil, Kumar Datta",,,Male,1537,
88127575,"Subhrajit, Sutradhar",,,Male,1537,
531022197,"Swastik, Majumder",,,Male,1530,
429036232,"Debatirtha, Das",,,Male,1522,
48703184,"Ratnadeep, Sutradhar",,,Male,1515,
33481768,"Nabhya, Dey",,,Female,1507,
48703168,"Pitambar, Debnath",,,Male,1505,
531022081,"Dilshad, S",,,Female,1503,
537018388,"Sumit, Dhar",,,Male,1486,
537046594,"Ayushman, Bhowmik",,,Male,1483,
33492972,"Abhranil, De",,,Male,1482,
88188434,"Antarip, Acharya",,,Male,1474,
537045679,"Shatadru, Das",,,Male,1472,
531021824,"Aradhyaa, Choudhuri",,,Female,1469,
33484341,"Ayantika, Deb",,,Female,1467,
33411298,"Md, Shahi Alam Mia",,,Male,1467,
429036305,"Shivam, Pratap Paul",,,Male,1467,
537082922,"Aadya, Deo",,,Female,1461,
33492239,"Rohil, Saha",,,Male,1460,
88188523,"Dwiptaneel, Deb",,,Male,1458,
537082876,"Meghoja, Das Sharma",,,Female,1454,
33429464,"Tamajit, Saha",,,Male,1452,
537045610,"Aditya, Bhowmik",,,Male,1450,
88127486,"Debraj, Bhattacharya",,,Male,1447,
88127524,"Pratirup, Paul",,,Male,1442,
25185543,"Ashish, Chakraborty",,,Male,1433,
25953117,"Mouli, Bhattacharjee",,,Female,1429,
531021948,"Debamoy, Kar",,,Male,1428,
547040068,"Shantanu, Choudhury",,,Male,1412,
33404054,"Adrija, Saha",,,Female,1411,
48710113,"kousumi, Sarkar",,,Female,1404,
537045539,"Rudraneel, Das",,,Male,1401,
88188469,"Abantika, Chakraborty",,,Female,0,
547005165,"Abhirup, Gupta",,,Male,0,
564014827,"Aditro, Talukdar",,,Male,0,
88127443,"Aishani, Bhowmik",,,Female,0,
537082906,"Aishani, Deb",,,Female,0,
33418608,"Anirudhya, Majumder",,,Male,0,
33499519,"Anwesha, Debnath",,,Female,0,
564014819,"Aryaditya, Saha",,,Male,0,
564068200,"Atanu, Sarkar",,,Male,0,
88188442,"Ayanjit, Nag",,,Male,0,
564010414,"Baibhab, Pal",,,Male,0,
429036224,"Bhargavi, Dhar",,,Female,0,
537086812,"Bishal, Saha",,,Male,0,
537082868,"Debapriya, Debnath",,,Male,0,
558099247,"Debopriyo, Paul",,,Male,0,
547016809,"Dhanamanti, Dey",,,Female,0,
531021980,"Dridhayu, Kasari",,,Male,0,
537018469,"Ishaan, Verma",,,Male,0,
88168638,"Kanishk, Choudhuri",,,Male,0,
547068973,"Karnajeet, Shil",,,Male,0,
564009203,"Kishore, Sen",,,Male,0,
531050662,"Prantik, Mahajan",,,Male,0,
558005781,"Priyansu, Bishnu",,,Male,0,
537082795,"Saksham, Biswas",,,Male,0,
547023546,"Samriddhi, Roy",,,Female,0,
564014886,"Satyanshu, Malakar",,,Male,0,
537018604,"Shramana, Bhattacharjee",,,Female,0,
564009238,"Souhardh, Deb",,,Male,0,
537018590,"Souraneel, Debnath",,,Male,0,
564014894,"Sreyanshu, Malakar",,,Male,0,
48710385,"Srijit, Dey",,,Male,0,
537044028,"Srijita, Das",,,Female,0,
537082809,"Srijita, Saha",,,Female,0,
558099220,"Subranil, Acharjee",,,Male,0,
537082760,"Tathagata, Das",,,Male,0,
547005211,"Thrishika, Kumarapu",,,Female,0,
547005386,"Tista, Bhowmik",,,Female,0,
537083090,"Uday, Shankar Roy",,,Male,0,
1991078,"Canaria, Pedro Miguel Alberto",,1973,Male,,
2164450,"Peixoto, Hélio Ricardo Soutinho",,1959,Male,,
1901176,"Paulino, José Manuel Gonçalves",,1947,Male,,
1904981,"Botelho, Luis Miguel Rodrigues",,1933,Male,,
1925300,"Esteves, Gonçalo Maria Franco Vasconcel",,1873,Male,,
1940570,"Jacinto, Hélder Manuel Amaro Guerreiro",,1868,Male,,
1988220,"Prado, Vitor Manuel Varela",,1821,Male,,
1905473,"Figueiras, Carlos Manuel de Almeida",,1810,Male,,
1976095,"Correia, Hélder Manuel Bento",,1734,Male,,
1902741,"Sousa, Carlos Nuno Gonçalves Fantasia",,1732,Male,,
1903004,"Figueiras, José Salvador de Almeida",,1696,Male,,
1971530,"Viegas, Anibal Fernando",,1684,Male,,
1992457,"Medel, José Estêvão Catarino",,1681,Male,,
1991086,"Valente, Pedro Afonso Lopes",,1643,Male,,
1919733,"Hips, Valentyn",,1637,Male,,
16239318,"Salwasser, Andrej",,1620,Male,,
20624867,"Zeitoun, Bernard",,1620,Male,,
1966138,"Jeremias, Damaim Luís Capitão",,1598,Male,,
1918281,"Boto, Ricardo Jorge Louzeiro dos San",,1594,Male,,
11640049,"Almanis, Gabriels",,1592,Male,,
1960016,"Mariano, José Maria Guerreiro",,1575,Male,,
1987453,"Berezovsky, Taras",,1535,Male,,
1982540,"Barradas, Filipe Manuel Custódio",,1534,Male,,
1991671,"Costa, André Ramos",,1489,Male,,
1991841,"Ruskov, Volodymyr",,1487,Male,,
1985272,"Tiago, Rodrigo Miguel Alemão Santos",,1482,Male,,
79334784,"Milovac, Josipa",,1476,Female,,
3960137,"Amaya Moncada, Diosney Fernando",,0,Male,,
29639042,"Martin Del Campo Cuellar, Jesus",,1715,Male,,
29671795,"Guerrero Martinez, Jesus Alejandr",,1666,Male,,
29602424,"Lopez Fuentes, Andre Nicolas",,1648,Male,,
29656028,"Santoyo Roman, Carlos Alberto",,1628,Male,,
5190800,"Jimenez Flores, Maria Jose",,1606,Male,,
5154197,"Marin Garrido, Carolina",,1603,Male,,
29653452,"Hernandez Radnai, Nicolas",,1596,Male,,
29696771,"Santos Cordova, Alexander",,1588,Male,,
5188997,"Valdez Toh, Emiliano",,1561,Male,,
5185556,"Garcia Noriega, Diego Paolo",,1560,Male,,
29696763,"Dzul Ceron, Aldo",,1550,Male,,
550000560,"Nadal Tregonin, Diego",,1510,Male,,
29685346,"Trechuelo Salazar, Ana Valentina",,1465,Male,,
29659841,"Martin Del Campo Cuellar, Yaretzi",,1400,Male,,
23752106,"Křivka, Matěj",,2052,Male,,
23748842,"Rudlof, Adam",,2051,Male,,
23771143,"Křivka, Jan",,1977,Male,,
23747498,"Ježek, Jakub",,1962,Male,,
23757256,"Macho, Michal",,1887,Male,,
23752092,"Křivka, Lukáš",,1849,Male,,
23750200,"Zelenka, Tomáš",,1833,Male,,
23771330,"Vokoun, Michal",,1822,Male,,
23760648,"Buvalič, Josef",,1803,Male,,
23785837,"Kešner, Jakub",,1748,Male,,
23771186,"Lebiš, Denis",,1692,Male,,
23771062,"Heřman, Michal",,1667,Male,,
23754672,"Ježek, Jiří",,1661,Male,,
23774398,"Šneberk, Vít",,1630,Male,,
23780053,"Křivka, Jakub",,1601,Male,,
23768762,"Jakobec, Karel",,1568,Male,,
23773383,"Kodýdek, Filip",,1488,Male,,
23785748,"Halmeš, David",,1483,Male,,
23779527,"Hůrka, Alexej",,1473,Male,,
23790350,"Umanets, Myroslava",,1431,Male,,
23754656,"Jankovec, Kryštof",,1429,Male,,
23770961,"Bejvl, Jiří",,1287,Male,,
23796537,"Žižka, Ondřej",,1232,Male,,
23766786,"Kovanda, Šimon",,1227,Male,,
23770953,"Bejvl, Antonín",,1194,Male,,
23779535,"Karimov, Idel",,1128,Male,,
23770996,"Buršík, Jakub",,1125,Male,,
23783290,"Legová, Barbora",,1009,Male,,
917117,"Kotrla, Sebastian",,2213,Male,,
900257,"Kotrla, Stefan",,2117,Male,,
997650,"Rajlic, Boris",,2079,Male,,
3669866,"Guerrero Sigcho, Cristhian Mathia",,1420,Male,,
969087,"Toncic, Danilo",,2021,Male,,
9213729,"Jurisic, Lukas",,2009,Male,,
911747,"Hlebec, Darko",,1971,Male,,
979210,"Lazovic, Milos",,1911,Male,,
989495,"Lazovic, Marko",,1856,Male,,
9213664,"Dimitrijevic, Filip",,1847,Male,,
980170,"Palamarevic, Mina",,1824,Female,,
9229978,"Vujnovic, Vuk Vojin",,1806,Male,,
9253712,"Strugar, Vasilije",,1759,Male,,
9251426,"Omic, Aleksandar",,1745,Male,,
13808990,"Kylychbekov, Islam",,1433,Male,,
980153,"Lazovic, Emilija",,1730,Female,,
9210720,"Ristic, Ivan V",,1712,Male,,
9216930,"Bobisuth, Leonard",,1706,Male,,
9231484,"Roman, Jon",,1675,Male,,
9254220,"Benovic, Aleksa",,1672,Male,,
9218208,"Jevtic, Petar",,1603,Male,,
540050670,"Nikolaev, Daniil",,1593,Male,,
570007241,"Skopintsev, Evgeny",,0,Male,,
9262240,"Somborski, Aleksandar",,0,Male,,
570007160,"Zagvozkin, Vasili",,0,Male,,
570004897,"Zakirov, Milan",,0,Male,,
12484660,"Pham, Quang Vinh",,,Male,1419,
12814911,"Persinas, Vilius",,2021,Male,,
525016954,"KUYRUK, BERKAY AREL",,,Male,1493,
9201232,"MATIC, Aleksa",1835,1947,Male,,
12813346,"Zybartas, Gintas",,1710,Male,,
12876470,"Astapov, Zachar",,0,Male,,
12876500,"Giedrys, Vincentas",,0,Male,,
13781634,"Bakytzhan, Didar",,1793,Male,,
447032472,"Dadoboev, Khumoyun",,1727,Male,,
447030445,"Kabylbek, Daniyal",,1681,Male,,
447061073,"Alzhanov, Nurali",,1884,Male,,
447034726,"Meiram, Kurmet",,1641,Male,,
13769936,"Akhmet, Daulet",,1636,Male,,
447049510,"Batyrzhanuly, Altair",,1616,Male,,
447038756,"Orymbay, Kuanysh",,1612,Male,,
447033100,"Kabylbek, Alisultan",,1593,Male,,
447013427,"Orazbay, Aitugan",,1584,Male,,
55725180,"Soustin, Lev",,1565,Male,,
447008547,"Aliyev, Ali",,1508,Male,,
447049618,"Rekhimzhan, Rashiddin",,1491,Male,,
447008156,"Nurlanov, Zhangir",,1490,Male,,
447033894,"Zhakai, Arlan",,1477,Male,,
13772902,"Chasovnikov, Dmitriy",,1476,Male,,
13753134,"Kiyash, Myrzhakyp",,1475,Male,,
13757938,"Pak, Konstantin",,1438,Male,,
447078723,"Tyu, Roman",,1423,Male,,
447074949,"Azamatuly, Aldiyar",,0,Male,,
447052490,"Dadazhanov, Amirkhan",,0,Male,,
557021791,"Ermekbai, Nurbol",,0,Male,,
557021805,"Garipov, Isa",,0,Male,,
447084138,"Khaidarov, Aishuak",,0,Male,,
447049588,"Maksut, Ansar",,0,Male,,
13783866,"Nurlan, Ansar",,0,Male,,
447068744,"Shynarbek, Asylkhan",,0,Male,,
557018758,"Sibagatov, Elaman",,0,Male,,
557021813,"Tursunov, Sultan",,0,Male,,
23000651,"Gilbert, Giana",,1591,Male,,
12988146,"Lieberwirth, Kasimir",,2114,Male,,
447034530,"Bakhytzhan, Aidyn",,1668,Male,,
12821551,"Zvirblis, Andrius",,1978,Male,,
12825611,"Ketlerius, Arijus",,1886,Male,,
12874590,"Sulmanas, Balys",,1860,Male,,
12842800,"Tutinas, Romualdas",,1822,Male,,
12830399,"Lescikas, Vladas",,1812,Male,,
12811947,"Diciunas, Valdas",,1704,Male,,
12847100,"Kuzmas, Boris Jonas",,1658,Male,,
12843954,"Grincevicius, Matas",,1548,Male,,
12829749,"Jocius, Kazimieras",,1468,Male,,
9226790,"DAMJANOVIC, Marko Z",1832,1752,Male,,
167105368,"STOJANOVIC, Mirjan",1555,1591,Male,,
13794540,"Ospan, Adi",,1498,Male,,
9211203,"Georgijev, Vuk",,1894,Male,,
9225131,"Senicar, Filip",,1937,Male,,
23001224,"Lambert, Kiara",,1409,Male,,
23001305,"Alcee, Melanie",,1223,Male,,
23001348,"Hyacinth, Azariah",,1218,Male,,
23001429,"Phillip, Monica",,1215,Male,,
23000740,"St Marthe, Avani",,1204,Male,,
23001364,"Oculien, Julianne",,1186,Male,,
23001259,"Elumalai, Krishika",,1173,Male,,
23001240,"Elumalai, Sibani Sri",,1159,Male,,
23001356,"Johnson, Jordyn",,1071,Male,,
33387230,"Ashwath, Kaushik",,2064,Male,,FM
72900180,"Kapoor, Satvik",,2007,Male,,
5823404,"Siddharth, Sai",,1854,Male,,
129057748,"Lakshminarasimhan, Rahul",,1821,Male,,
5803500,"Rujok, Najwa Jiahui",,1773,Female,,
5836425,"Sim, En Rui Audelle",,1734,Female,1877,
5826659,"Gan, Wei En Justin",,1694,Male,,
5824885,"Hari, Advay",,1661,Male,,
72900369,"Kapoor, Tanush",,1648,Male,,
5832608,"Fong, Yu Ze Chayes",,1546,Male,,
5836310,"Lim, Aiden Tze Choon",,1493,Male,,
5838312,"Tan, Asher Teng En",,1483,Male,,
5852986,"Goh, Joseph",,1470,Male,,
522034749,"Куницын, Александр Дмитриевич",,1354,Male,,
5832640,"Tan, Utt Heng Trevan",,1456,Male,,
547058218,"Akshant, Desai",,0,Male,,
5882117,"Ang, Yi Han Nathaniel",,0,Male,,
5842204,"Chai, Alexander Zheng Wei",,0,Male,,
5883580,"Lim, Jake",,0,Male,,
7143346,"Nathan, Gunardi",,0,Male,,
5882362,"Ong, Tian Ci Matthias",,0,Male,,
5883288,"Ong, Tian Le Mikkel",,0,Male,,
81462999,"Rafael Zavaleta, Jim William",,0,Male,,
5863031,"Teo, Wen Kai Kriston",,0,Male,,
7101651,"Susilodinata, Andrean",,2206,Male,,IM
5821975,"Wong, Zhenyong Jayden",,2232,Male,,IM
5204127,"Villanueva, Nelson",,2144,Male,,FM
5201322,"Paciencia, Enrique",,2203,Male,,IM
8602425,"Gong, Qianyun",,2220,Female,,WGM
5819156,"Goh, Zi Han",,,Male,2090,FM
5829810,"Lee, Tsuen Jin Aiesec",,,Male,2046,
5828678,"Sanjay, Vasu",,1819,Male,,
25996045,"Sreekarthika, Velmurugan",,1972,Female,,WFM
5827701,"Wong, Yen-Hsiu Elliot",,1941,Male,,
5833655,"Vijay, Rege",,,Male,1991,
12419214,"Doan, The Duc",,,Male,1961,
13013955,"Zaw, Ye Htut",,2004,Male,,CM
5835518,"Teo, Hong Kai Javier",,1982,Male,,
6008623,"Bonnet, Gabriel Misa Jean",,2007,Male,,
5835828,"Liew, Tze Yu",,1720,Female,,
5806003,"Nisban, Cyrus",,1970,Male,,CM
25108867,"Aaradhya, Suyog Bagul",,,Male,1856,
5837340,"Ng, Yong Rui Benjamin",,,Male,1832,
5834562,"Ng, Zheng He Sherman",,1694,Male,,
5846170,"Huang, Junren",,1599,Male,,
5835917,"Lin Yi, Christopher",,,Male,1788,
5807808,"Tan, Jin Chew Andrew",,,Male,1783,
5827248,"Liew, Tze Hsien",,1739,Male,,
5836271,"Lim, Shi Han Magnus",,1557,Male,,
6008291,"Song, Sichen",,1656,Male,,
35068601,"Saravanan, Durga",,1723,Female,,
5856116,"Manjunathan, Janani Yokgan",,1606,Male,,
5852471,"Lim, Julian Jia Rui",,,Male,1736,
5836069,"Yeo, Si En Faith",,1556,Female,,
5877873,"Yin, Haoran",,1482,Male,,
5840830,"Ngu, Joel Yue Zhe",,1636,Male,,
5800528,"Mooi, Kok Onn Osric",,1753,Male,,
5855535,"Jin, Yi",,,Male,1573,
5834341,"Lim, Xiao Xian Tobias",,1727,Male,,
5840325,"Raman, Kanav",,1521,Male,,
5841992,"Li, Jiazuo",,,Male,1661,
5823722,"Nisban, Corwin",,,Male,1649,
5827825,"Lee, Jie Zhen Tedric",,1420,Male,,
5837529,"Yeap, Jing Chen",,,Male,1617,
5835810,"Sophie, Judith Supatra",,,Male,1593,
5823137,"Tan, Xuan Ying",,,Male,1586,
5829020,"Tobin, William Christie",,,Male,1584,
5829011,"Tobin, Paul Nicholas",,,Male,1582,
30971470,"Chin, Colin Hou Yin",,,Male,1572,
5833205,"Ngiam, Liyou",,,Male,1570,
5867827,"Moses, Jaden Paul",,,Male,1560,
5851270,"Ang, Jin Xing",,,Male,1561,
5831296,"Wong, Ming Wei Benjamin",,1597,Male,,
5847885,"Kwan, Alexander",,1459,Male,,
5837561,"Pang, Jun Rui",,,Male,1554,
5845351,"Chia, Tai Wen Lucas",,1683,Male,,
5831393,"Cheng, Jarrell",,,Male,1549,
5835763,"Zhang, Wei En Joel",,,Male,1545,
5828350,"Neo, Wei Long Marius",,,Male,1542,
5847800,"Ng, Jayden En Shuo",,1516,Male,,
5831636,"Goy Tang Siang, Andrius",,,Male,1539,
5835569,"Christopher, George Oscar",,1505,Male,,
88183386,"Nitin, Chandok",,1554,Male,,
13225960,"Lee, Junwoo A",,1479,Male,,
8662193,"Song, Yuchen(Sh)",,,Male,1520,
5883474,"Chng, Caleb",,0,Male,,
5836085,"Yeo, Si Xun Shaun",,1403,Male,,
5835380,"Machiraju, Pranav Anagh",,,Male,1502,
5882060,"Janahan, Aathira",,,Male,1491,
5882516,"Wu, Qizhi Ian",,,Male,1481,
5838061,"Tay, Ye Zhe Eliot",,,Male,1531,
5823714,"Loh, Jen Kang Karol Gerard",,1421,Male,,
5857503,"Liang, Yuchen",,1444,Male,,
25943294,"Kartik, Goel",,1495,Male,,
5859840,"Goh, Grant Nathaniel",,1492,Male,,
39964060,"Li, Yaoyang",,1459,Male,,
5828333,"Chew, Jun Ren Zaccheus",,0,Male,,
5823293,"Yeo, Klaus Lucas",,,Male,1885,
5836352,"Wee, Yu Heng Lucas John",,1687,Male,,
5836077,"Yeo, Si Xu Shane",,1545,Male,,
5838959,"Rajesh, Nathaniel",,,Male,1538,
5836050,"Wee, Yu Xi Lyndon",,1516,Male,,
5850134,"Tan, Jing Xun Jayden",,,Male,1491,
5877989,"Eu, Jun Lei Andrew",,0,Male,,
5887836,"Ong, Junqi",,0,Male,,
5838266,"Kelmendi, Paolo",,,Male,1463,
5863481,"Lee, Yu Xi Ansel",,,Male,1462,
5811473,"Lim, Heng Lip James",,,Male,1436,
5882702,"Loh, Philip",,,Male,1434,
5831407,"Yeo, Matthias Kiran",,,Male,1430,
5844657,"Pok, Yu Heng Owen",,,Male,1429,
5860440,"Raman, Mudit",,,Male,1426,
5841356,"Lee, Chloe Ling En",,,Male,1413,
5883520,"Balamurugan, Sharan",,,Male,0,
5874203,"Chee, Jin Xian Brandon",,1465,Male,1566,
5882036,"Dinesh Babu, Pranaav",,,Male,0,
5877210,"Goh, Kyler",,,Male,0,
5885175,"Ho, Rui Deng Brayden",,,Male,0,
5880289,"Kuek Jia Cheng, Tyler",,,Male,0,
5864372,"Kusumo, Charis Avigail",,,Male,0,
5874920,"Lee, Hong Yi",,,Male,0,
5874564,"Lee, Jia Le Jayden",,,Male,0,
5884381,"Lim, Ting Le Aiden",,,Male,0,
5856094,"Luo, Jiayin Lillian",,,Male,0,
561006297,"Pham, An Khang",,,Male,0,
5888883,"Safari, Nico Putri",,,Male,0,
5887615,"Say, Xian Ze Zander",,,Male,0,
5884756,"Sivananthamoorthy, Janahan",,,Male,0,
3649105,"Lafebre Pozo, Emilio Nicolas",,,Male,1557,
5886201,"Yeo, Meng Yi Dylan",,,Male,0,
13784943,"Anetov, Aisultan",,1801,Male,,
447040041,"Matayev, Armat",,1714,Male,,
13779958,"Kurmangazinov, Beibarys",,1640,Male,,
447017252,"Kazakbay, Suleyman Arif",,1632,Male,,
3668150,"Alcivar Alcivar, Maykel Anderson",,0,Male,,
12442283,"Nguyen, Minh Anh",,,Female,1418,
3669793,"Calberto Icaza, Jezabel Keyla",,0,Male,,
3851044,"Arenas Lavado, Luciana Andrea",1841,,Female,,WFM
3860191,"Gomez Gonzales, Fabiana",1838,,Female,,WCM
3836223,"Maravi Ceron, Ayme",1834,,Female,,WFM
5867762,"Rathi, Surya Rao",,,Male,0,
3851982,"Gaspar Guevara, Darling",1791,,Female,,WFM
81408773,"Andrade Guerreros, Gabriela Jimena",1763,,Female,,
3897818,"Ninahuanca Salazar, Ana Lucia",1682,,Female,,
3862518,"Olazo Ricra, Leninka Estefany",1627,,Female,,
81432640,"Chavez Campos, Hannah Letizia Margaret",1510,,Female,,
3842444,"Ygarza Crisostomo, Antonela Abigail",1493,,Female,,
3841316,"Nole Alvarez, Antuannet Huguette",1429,,Female,,
81418337,"Meneses Vertiz, Luana",1422,,Female,,
81422580,"Callupe Matias, Rebeca Victoria",0,,Female,,
447017732,"Amangeldy, Aibyn",1462,,Male,,
447054913,"Kuropatkina, Alyona",1458,,Male,,
447017899,"Khassenov, Alimzhan",1448,,Male,,
13785990,"Issen, Ailin",1443,,Male,,
447039663,"Abashin, Pavel",0,,Male,,
447016531,"Bakhytkhan, Aishanur",0,,Male,,
447044144,"Bakhytkhan, Mansur",0,,Male,,
447039400,"Bayanbek, Medina",0,,Male,,
447070030,"Issimbayev, Rodion",0,,Male,,
447079681,"Kasymbaev, Abzal",0,,Male,,
12807575,"Salna, Aleksandras",,2276,Male,,FM
12807346,"Paulauskas, Andrius",,2226,Male,,
12807370,"Valantiejus, Vaidotas",,2000,Male,,
12825786,"Bubnys, Robertas",,1961,Male,,
12835838,"Michailovas, Ugnius",,1950,Male,,
12847585,"Ribinskas, Gediminas",,1949,Male,,
12876739,"Brazenas, Edmundas",,1831,Male,,
12815799,"Labanauskas, Ignas",,1828,Male,,
12801054,"Sevrukas, Gediminas",,1815,Male,,
12820938,"Gerasimovic, Stanislav",,1775,Male,,
12813036,"Matulaitis, Mantas",,1767,Male,,
12813770,"Songaila, Gintaras",,1744,Male,,
35068563,"Ramesh, Krishnan Ar",,1741,Male,,
12857637,"Baranauskas, Nojus",,1707,Male,,
12806501,"Jurcius, Mantas",,1699,Male,,
12826081,"Baguzis, Gintaras",,1698,Male,,
12857718,"Meskauskas, Pijus",,1673,Male,,
12829455,"Pemkus, Arunas",,1632,Male,,
12826049,"Simeliunas, Aurimas",,1611,Male,,
12867390,"Drulia, Faustas",,1600,Male,,
12832316,"Budrys, Bronius",,1586,Male,,
12810444,"Matulaitis, Vidmantas",,1581,Male,,
12853143,"Zumeris, Marius",,1557,Male,,
12874043,"Andrijauskas, Aurius",,1542,Male,,
12812188,"Bajarkevicius, Tautvydas",,1542,Male,,
12847372,"Achremovas, Igoris",,1494,Male,,
12873845,"Sablinskij, Daniel",,1493,Male,,
12841668,"Davidavicius, Jonas",,1487,Male,,
12873837,"Lavrinovicius, Nikas",,1405,Male,,
13710427,"Nogerbek, Kazybek",,2530,Male,,GM
51693143,"ÖZLÜSÖZ, KAMİL SELİM",,,Male,1462,
447010193,"Primbetov, Nurassyl",,2020,Male,,CM
13708058,"Alin, Azamat",,2010,Male,,
13710303,"Yerkenov, Tleuzhan",,1894,Male,,
447006285,"Pak, Yuriy",,1818,Male,,
3839850,"Rojas Salas, Rihanna Irina",1823,1799,Female,,
3840255,"Vizcarra Quispe, Ramalia Bellaluz",1940,1734,Female,,WCM
81408811,"Rojas Alcantara, Saori Korayma",1487,1467,Female,,
81418329,"Meneses Vertiz, Lara",1448,1530,Female,,
81418558,"Cusi Sarasi, Daianna Anthuane",1466,1427,Female,,
3845044,"Herrada Blanco, Luciana Franchesca",0,1418,Female,,
3889718,"Gomez Gonzales, Ana Paula",1521,1447,Female,,
81460694,"Yanapa Almanza, Daniela Geraldine",0,0,Female,,
13749420,"Aiten, Islam",,1962,Male,,
3831779,"Garcia Andrada, Heidy Nicole",2048,1949,Female,,WIM
5876907,"Yeow, Teck Ong",,,Male,0,
13738976,"Satybaldin, Daniyar",,1849,Male,,
13700480,"Ospanov, Arman",,1950,Male,,
447035005,"Sayassatov, Nariman",,1893,Male,,
13792040,"Bakyt, Ibrahim",,1869,Male,,
447000066,"Askaruly, Raiymbek",,1864,Male,,
447014423,"Bolat, Arlan",,1860,Male,,
13783840,"Rakysh, Yerasyl",,1798,Male,,
13761781,"Moldagali, Akerke",,1787,Male,,WCM
447036672,"Sagyntayev, Alikhan",,1785,Male,,
51679779,"DURMAZ, YAĞIZ",,,Male,1441,
447007486,"Nurlybek, Dias",,1762,Male,,
447099984,"Askaruly, Aidar",,1696,Male,,
3671836,"Tituana Valencia, Emilio Joaquin",,,Male,1518,
13715119,"Shakenova, Indira",,1506,Male,,
304096278,"Shirsh, Pratap Singh",,,Male,0,
13794981,"Orazbekov, Tolegen",,1478,Male,,
447002719,"Azamatkyzy, Nairiyat",,1452,Male,,
447067322,"Amirov, Mansur",,1438,Male,,
557012563,"Myrzabay, Aibar",,0,Male,,
14626489,"Medvešek, Janez",,,Male,1969,
14606771,"Benko, Boštjan",,,Male,1942,
14609452,"Grujič, Predrag",,,Male,1837,
14606151,"Bajraktarevič, Bajro",,,Male,1809,
14647044,"Lazar, Ivan",,,Male,1786,
14607549,"Grčar, Janez",,,Male,1770,
14604361,"Jurič, Marko",,,Male,1750,
14620413,"Jovič, Ivan",,,Male,1715,
14605287,"Tomažič, Martin",,,Male,1697,
14674181,"Cerar, Tomaž",,,Male,1536,
14604876,"Regancin, Rudi",,,Male,0,
14626411,"Loc, Jože",,,Male,0,
14674572,"Majstorovič, Milovan",,,Male,0,
14633663,"Ibrakič, Hajrudin",,,Male,0,
14674580,"Brinovec, Alojz",,,Male,0,
14683580,"Špolad, Ivan",,,Male,0,
14620618,"Ritter, Aleksander",,,Male,1604,
29657873,"Gastelum, Pacheco Sara Jana",,,Male,1860,
5187982,"Valverde, Gonzalez Dante Aldebaran",,,Male,1985,
34307982,"Арапов, Роман Иванович",1787,,Male,,
55804063,"Киселёв, Андрей Александрович",1771,,Male,,
55719295,"Файзрахманов, Данис Альфитович",1600,,Male,,
55743447,"Степанов, Семён Андреевич",1556,,Male,,
24165760,"Ильясов, Венер Асляхович",1515,,Male,,
55774954,"Тартачёва, Александра Станиславовна",1350,,Male,,
24228907,"Минка, Анатолий",1275,,Male,,
540046508,"Курило, Агата Максимовна",1293,,Male,,
540065308,"Бозина, Наталия Александровна",1256,,Male,,
522002570,"Цикунова, Алёна Алексеевна",1178,,Male,,
44121008,"Минулина, Светлана Михайловна",1141,,Male,,
540033511,"Матуева, Софья Эдуардовна",,1160,Male,,
34174610,"Баиров, Тамир Бартанович",,1600,Male,,
4199863,"Матвеев, Николай Викторович",,1584,Male,,
522015698,"Петров, Андрей Осипович",,1458,Male,,
55815910,"Цыдыпова, Адиса Станиславовна",,1448,Male,,
55815839,"Найданова, Милана",,1391,Male,,
55853315,"Гладченко, Николай Сергеевич",,,Male,2058,
54179475,"Петров, Александр Сергеевич",,,Male,2035,
34370420,"Фефелова, Екатерина Андреевна",,,Male,2024,
13808680,"Amanbekov, Ilim",,0,Male,,
55690203,"Запрометов, Прохор Дмитриевич",,,Male,1882,
24150665,"Жуков, Борис Федорович",,,Male,1863,
55690181,"Охременко, Юлия Александровна",,,Male,1841,
55690173,"Абелов, Лев Артурович",,,Male,1712,
34469184,"Ольховик, Анна Михайловна",,,Male,1690,
34430741,"Филиппов, Владимир Александрович",,,Male,1675,
540086925,"Лаганин, Геннадий Александрович",,,Male,1571,
24269948,"Сухарев, Василий Александрович",,,Male,1570,
24259659,"Садыков, Азат Салихович",,,Male,1565,
24259411,"Гаврилюк, Юрий Петрович",,,Male,1549,
55763065,"Каврев, Григорий Владимирович",,,Male,1498,
55726151,"Петрова, Полина Игоревна",,,Male,1585,
522065806,"Гурин, Артемий Арсеньевич",,,Male,1498,
55771734,"Ширяев, Николай Иванович",,,Male,1477,
540086968,"Свидерская, Ксения Александровна",,,Male,1419,
34385592,"Хорев, Владимир Павлович",,,Male,1413,
540087018,"Зайцев, Александр Александрович",,,Male,1410,
55771726,"Ширяев, Фёдор Иванович",,,Male,1396,
34385576,"Гареев, Борис Хакимович",,,Male,1375,
540086887,"Ещенко, Платон Антонович",,,Male,1371,
540086852,"Адер, Дарья Павловна",,,Male,1354,
34392696,"Абдуллатыпов, Мансур Абдулхакович",,,Male,1326,
24259357,"Булычев, Виктор Иванович",,,Male,1319,
447088486,"Akhmetov, Amantay",,1453,Male,,
447013338,"Saken, Alimansur",,0,Male,,
447089121,"Erkinbek, Arsen",,1489,Male,,
540086976,"Тасанов, Самир Маратович",,1700,Male,1533,
55701647,"Фефелова, Ксения Андреевна",,1581,Male,1579,
447024089,"Aitbayev, Danial",,1856,Male,,
55620558,"Жуков, Никита Алексеевич",,1243,Male,1351,
34463402,"Баранов, Алексей Алексеевич",,1841,Male,1780,
4926196,"Joltai, Khonaiv",,1750,Male,,
447049170,"Maratuly, Yerassyl",,1623,Male,,
447019646,"Aldongarov, Erzhan",,1570,Male,,
447017694,"Zhubatkhan, Nuraly",,1569,Male,,
447080779,"Kilibayev, Adilkhan",,1533,Male,,
447081031,"Nigmatullin, Rasul",,1516,Male,,
13718231,"Urustembekov, Bagyshbek",,1511,Male,,
447018925,"Suleiman, Naiyl",,1504,Male,,
447069546,"Baitore, Sarmat",,1482,Male,,
447053372,"Omarbekov, Dinmukhamed",,1449,Male,,
447004959,"Nursapa, Arsultan",,1436,Male,,
447088923,"Bayshuak, Daniyal",,0,Male,,
447053364,"Khali, Khuanysh",,0,Male,,
447023490,"Shoshanov, Abylai",,0,Male,,
540086917,"Косарев, Федор Андреевич",,,Male,1302,
522079009,"Колесникова, Арина Сергеевна",,,Male,1140,
1266659,"Ienasoaie, Rafael",,,Male,2204,CM
42220858,"Lucaci, Alin-Marian",,,Male,2128,
1266640,"Ienasoaie, Gabriel",,,Male,2117,
1253751,"Oasenegre, Mircea",,,Male,1873,
1200844,"Mihailescu, Mihai",,,Male,1827,
42262194,"Petrisor, Radu-Sebastian",,,Male,1802,
1224026,"Iorga, Corneliu",,,Male,1800,
42226546,"Patrasc, Patric-Cezar",,,Male,1788,
1246011,"Chis, Bogdan-Vasile",,,Male,1749,
1288750,"Dumitras, Adrian",,,Male,1743,
1216546,"Arghirescu, Marius",,,Male,1727,
1253166,"Toma, Stefan",,,Male,1718,
1253760,"Turcan, Gheorghe",,,Male,1713,
1250337,"Negrut, Janica",,,Male,1705,
1233556,"Negureanu, Valentin",,,Male,1704,
42244986,"Axinte, Patrick-Cristian",,,Male,1703,
42234867,"Grama, Mara",,,Male,1692,
42221161,"Balaita, Razvan",,,Male,1691,
42203929,"Pomirleanu, Ioana-Cristiana",,,Male,1689,
42249490,"Huiban, Razvan",,,Male,1673,
42253144,"Radu, Neculai",,,Male,1664,
42221056,"Lupes, Petru",,,Male,1662,
1255630,"Durac, Eugen",,,Male,1661,
1288784,"Nistor, Eduard-Constantin",,,Male,1656,
1263692,"Vasai, Alexandru-Nicusor",,,Male,1646,
1255665,"Lupusoru, Costica",,,Male,1643,
1263676,"Rachita, Maricel",,,Male,1632,
42239818,"Tarcau, David-Gheorghe",,,Male,1631,
1231634,"Pascu, Mihai",,,Male,1613,
1231650,"Ranceanu, Ilie",,,Male,1603,
42257441,"Bordei, Alexandru-Sebastian",,,Male,1591,
13912828,"Poleacova, Anastasia",,,Male,1591,
1209035,"Gurguiatu, Sandu",,,Male,1577,
42228247,"Martin, Andrei-Madalin",,,Male,1571,
1299980,"Ciungaru, Neculai",,,Male,1542,
1253999,"Toma, Adrian",,,Male,1532,
42221153,"Anitei, George-Manuel",,,Male,1523,
42227151,"Vieriu, Ianis-Andrei",,,Male,1514,
778320,"Reti, Laszlo",,,Male,1512,
42253152,"Rujan, Florin-Ionut",,,Male,1503,
42208645,"Dumitras, Andrei-Mihail",,,Male,1497,
42248094,"Timaru, Andreea",,,Male,1469,
1298577,"Lamatic, Dumitru Octavian",,,Male,1457,
42227143,"Talaba, David-Christian",,,Male,1455,
42254990,"Baltag-Adochitei, Lorin-Nicolas",,,Male,1455,
42227127,"Ciobanu, Luca-Gabriel",,,Male,1444,
42245044,"Sticea, Stefan-Petru",,,Male,1438,
13912810,"Poleacova, Alexandra",,,Male,1415,
42234883,"Lazar, Dimitrie",,,Male,901,
42258790,"Amariei, Gabriel",,,Male,701,
42260094,"Florea, Gabriel V.",,,Male,701,
531058507,"Athrav, Nalnikar",,,Male,1609,
51697220,"AKŞİN, UMUT KAĞAN",,,Male,1309,
525044052,"PİR, HASAN",,,Male,1228,
51617005,"TEKİN, MUSTAFA POYRAZ",,,Male,1202,
26390590,"GÜNEŞ, GÖRKEM",,,Male,1000,
51616920,"BÜR, BURAK KAAN",,,Male,1216,
44533748,"GÖÇER, EYÜP MUHAMMED",,,Male,1041,
541009240,"ΖΕΡΒΟΥ, ΔΑΝΑΗ",,,Male,934,
541009223,"ΛΟΥΒΕΡΔΗΣ, ΚΩΝΣΤΑΝΤΙΝΟΣ",,,Male,830,
541001966,"ΡΑΪΚΑΚΟΣ, ΚΥΡΙΑΚΟΣ",,,Male,830,
541009215,"ΔΕΥΤΕΡΗΓΟΥ, ΦΟΙΒΗ",,,Male,0,
541018710,"ΛΙΤΣΑΣ, ΓΕΩΡΓΙΟΣ",,,Male,0,
55828310,"Бельтюгов, Павел Артёмович",,,Male,1679,
55613411,"Кропачев, Максим Константинович",,,Male,1661,
522098623,"Зяблых, Владислав Юрьевич",,,Male,1598,
522065970,"Королёв, Тимофей Вячеславович",,,Male,1585,
55771556,"Рассанов, Прохор Андреевич",,,Male,1582,
55795692,"Махнёв, Иван Денисович",,,Male,1552,
522018603,"Стукова, Наталья Ивановна",,,Male,1520,
522098550,"Черных, Платон Алексеевич",,,Male,1447,
522048200,"Толмачёв, Дмитрий Денисович",,,Male,1440,
540073505,"Ярославцев, Иван Алексеевич",,,Male,1329,
522048219,"Толмачёва, Алёна Денисовна",,,Male,1320,
13312022,"Ohanyan, Emin",,2429,Male,,GM
13309978,"Piliposyan, Robert",,2421,Male,,IM
13308300,"Gharibyan, Mamikon",,2382,Male,,GM
13309315,"Davtyan, Arsen",,2330,Male,,IM
13317245,"Sukiasyan, Vahe A.",,2308,Male,,IM
13301993,"Babujian, Levon",,2286,Male,,GM
13314823,"Agasarov, Benik",,2283,Male,,IM
13317415,"Arakelyan, Manvel",,2261,Male,,FM
13318969,"Davtyan, Davit M.",,2257,Male,,FM
13318179,"Gyurjinyan, Valter",,2248,Male,,CM
13317288,"Hovakimyan, Vache",,2241,Male,,FM
13309293,"Manukyan, Aleks",,2214,Male,,
13315412,"Ghimoyan, Narek",,2182,Male,,CM
13307878,"Mkrtchyan, Sargis R.",,2113,Male,,
13319523,"Baghdasaryan, Davit",,2098,Male,,
13310577,"Manukyan, Sevak N.",,2068,Male,,
13315013,"Alikhanyan, Artak",,2065,Male,,
13321498,"Melkonyan, Davit",,2042,Male,,
13317881,"Askanazyan, Gor",,1998,Male,,
42242843,"Ursu, Daria Maria",,1576,Male,1576,
42215102,"Lupes, Andreea",,1558,Male,1558,
42215064,"Elisei, Nicolae",,1497,Male,1497,
42215196,"Vasai, Vanessa-Maria",,1486,Male,1486,
42225795,"Carnu, Ilie",,1476,Male,1459,
42226503,"Buhosu, Eduard-Stefan",,1462,Male,1429,
42221030,"Elisei, Pavel",,1451,Male,1451,
42239427,"Ursu, Darius-Ioan",,1422,Male,1422,
42226538,"Pantea, Nicolae",,1402,Male,1402,
42231833,"Floares, Sofia-Andreea",,1014,Male,1014,
42260086,"Epure, Stefan",,793,Male,793,
1234501,"SZABO, Attila K.",,1612,Male,1591,
1293966,"PAL, Zoltan",,701,Male,1687,
42246636,Bejan Eric,1552,,Male,1473,
13331221,"Maghakyan, Minas",,1997,Male,,
24269727,"Kobak, Polina",,1979,Female,,WFM
13304305,"Khachikyan, Haik",,1964,Male,,
13303210,"Sargissyan, Sargis",,1961,Male,,FM
13319035,"Avetisyan, Ani",,1961,Female,,
13310780,"Khachatryan, Anna",,1954,Female,,WFM
13316680,"Khachatryan, Mariam",,1935,Female,,
13319892,"Aghazaryan, Albert",,1911,Male,,
13316460,"Hayrapetyan, Nvard",,1895,Female,,WFM
13324420,"Poghosyan, Davit Kh.",,1887,Male,,
13321048,"Dabaghyan, Gor",,1869,Male,,
13322478,"Vardanyan, Armen Art.",,1868,Male,,
13308092,"Barseghyan, Narek",,1862,Male,,
13320459,"Avetisyan, Ashot A.",,1814,Male,,
13320092,"Margaryan, Mark",,1792,Male,,
13313932,"Mkhitaryan, Emma",,1789,Female,,
13318918,"Kasinyan, Lilit",,1784,Female,,
13320955,"Meliksetyan, Hrachya",,1766,Male,,
13322397,"Aghoyan, Gevorg",,1761,Male,,
13310976,"Khachatryan, Edmon V.",,1753,Male,,
13317776,"Nahapetyan, Ani",,1744,Female,,
13318047,"Aslibekyan, Narine",,1741,Female,,
13313487,"Mamyan, Garik",,1737,Male,,
13310763,"Badalyan, Seda",,1728,Female,,
13318772,"Hovhannisyan, Mikael",,1720,Male,,
13313398,"Sargsyan, Mkhitar",,1712,Male,,
13319167,"Diloyan, Angelina",,1704,Female,,
13326031,"Movsisyan, Samvel",,1697,Male,,
13319647,"Darmanjyan, Hakob",,1696,Male,,
13319027,"Santrosyan, Ashot",,1693,Male,,
13306430,"Gharibyan, Mane",,1690,Female,,
13306316,"Lazaryan, Sargis",,1686,Male,,
13320823,"Stepanyan, Davit",,1685,Male,,
13320505,"Hakobyan, Mane",,1684,Female,,
13309137,"Harutyunyan, Avik",,1682,Male,,
13324489,"Petrosyan, Hakob H.",,1671,Male,,
13324497,"Vardanyan, Manvel",,1670,Male,,
13311239,"Avagyan, Eghishe",,1669,Male,,
13325728,"Harutyunyan, Hamlet A.",,1666,Male,,
13320475,"Hakobyan, Liana",,1655,Female,,
13310470,"Kojoyan, Artur",,1648,Male,,
13324128,"Yesayan, Vahagn",,1648,Male,,
13328239,"Melkonyan, Artur",,1640,Male,,
13322516,"Baghramyan, Sofia",,1638,Female,,
13324063,"Dermenjyan, Harutyun",,1620,Male,,
13321307,"Manukyan, Tamara",,1616,Female,,
13321080,"Petrosyan, Hrant",,1608,Male,,
13320874,"Bazikyan, Artur",,1595,Male,,
13322940,"Morikyan, Gor",,1582,Male,,
13319841,"Danielyan, Lilia",,1581,Female,,
13328220,"Hovhannisyan, Vahe Z.",,1573,Male,,
13319655,"Militonyan, Movses",,1569,Male,,
13324543,"Khachatryan, Narek A.",,1567,Male,,
13318586,"Mirakyan, Karen",,1564,Male,,
13321927,"Mirzakhanyan, Arsen",,1564,Male,,
13322508,"Samvelyan, Tagvor",,1564,Male,,
13324780,"Khondkaryan, Alex",,1550,Male,,
13330209,"Torosyan, Lili",,1550,Female,,
13325655,"Baghdasaryan, Aren",,1549,Male,,
13325280,"Galstyan, Sevada",,1542,Male,,
13322966,"Barseghyan, Angel",,1526,Male,,
13322770,"Zhamkochyan, Mane",,1521,Female,,
13328930,"Martirosyan, Areg",,1515,Male,,
13327968,"Baloyan, Gabriela",,1514,Female,,
13319973,"Yesayan, Karen",,1510,Male,,
13322753,"Aleksanyan, Pargev",,1507,Male,,
13325620,"Asatryan, Tigran",,1506,Male,,
13329472,"Geghamyan, Gevorg",,1495,Male,,
13328093,"Alaverdyan, Arsen",,1491,Male,,
13309668,"Ghandoyan, Seyran",,1488,Male,,
13328077,"Karapetyan, Slava",,1481,Male,,
13323644,"Kudryasheva, Tatyana",,1481,Female,,
13331370,"Danielyan, Davit",,1479,Male,,
13324756,"Balchunas, Arpi",,1478,Female,,
13324039,"Kaytsakyan, Robert",,1476,Male,,
13326406,"Madantsyan, Argishti",,1472,Male,,
13320793,"Grigoryan, Levon A.",,1471,Male,,
13323130,"Melkonyan, Mark",,1462,Male,,
13325140,"Tarkhanyan, Mark",,1451,Male,,
13324470,"Margaryan, Artur A.",,1449,Male,,
13330870,"Sayadyan, Anna",,1445,Female,,
13326929,"Simonyan, Stepan",,1430,Male,,
13327569,"Avakyan, Gabriela",,1420,Female,,
13331337,"Adamyan, Mark",,0,Male,,
13328069,"Adamyan, Ruben",,0,Male,,
13331590,"Barseghyan, Davit",,0,Male,,
13331361,"Danielyan, Aram",,0,Male,,
13331582,"Davtyan, Davit R.",,0,Male,,
13328123,"Gevorgyan, Areg",,0,Male,,
13331442,"Grigoryan, Tigran Vr.",,0,Male,,
13331558,"Hekimyan, Aram",,0,Male,,
13331604,"Khachatryan, Narek Ar.",,0,Male,,
13331574,"Kirakosyan, Hakob",,0,Male,,
13330136,"Kocharyan, Mark",,0,Male,,
13326317,"Madantsyan, Tatev",,0,Female,,
13331620,"Martirosyan, Vahe",,0,Male,,
13331612,"Mirimanyan, Artur",,0,Male,,
13328670,"Moryan, Arman",,0,Male,,
13328042,"Nikoyan, Norayr",,0,Male,,
13327577,"Ohanyan, Mari",,0,Female,,
13327119,"Sahakyan, Mark",,0,Male,,
13330322,"Sargsyan, Narek G.",,0,Male,,
13331450,"Sargsyan, Sedrak",,0,Male,,
13331639,"Sarikyan, Gayane",,0,Female,,
4810139,"Ali, Firas Qassim",,1949,Male,,
4836464,"Mohammed, Ali Jawad Kadhim",,1917,Male,,
4820487,"Abdulmalak, Raebih Aldain",,1876,Male,,
4807596,"Hussein Ali, Madhrood",1868,1869,Male,,
4833635,"Ahmed, Abdulrahman Hussein",,1678,Male,,
4847512,"Nooruldeen, Ismael I?",,1678,Male,,
4840798,"Mustafa, Manhal Mustafakamel",,1659,Male,,
4830334,"Tariq, Zuhair Tariq",,1637,Male,,
4826507,"Uday, Zuhair Baqer Al-Hakim",,1469,Male,,
4816595,"Ahmed, Ismael Madhloom",,0,Male,,
4831713,"Mahmood, Ahmed Naji",,0,Male,,
4847245,"Samir, Hussein Ali",,0,Male,,
540052001,"Данилин, Дмитрий Павлович",,1092,Male,,
522051198,"Ненадовец, Александр Павлович",,1352,Male,,
540014126,"Никишин, Егор Иванович",,1311,Male,,
522038655,"Максименко, Римма Рауфовна",,1236,Male,,
80804144,"Masakorala, Sethika Dinsitha",1850,,Male,,
9930981,"Manuranga, D Lahiru",1743,,Male,,
9920226,"Charith, Dilshan",1671,,Male,,
80862314,"Rathnayake, R M S O",1635,,Male,,
80808069,"Jayasekara, J M Sanithu Vidunitha",1632,,Male,,
80823181,"Bandara, Dilmina Kaushalya",1599,,Male,,
29954029,"Wishwapura, W D Y Yehesara",1583,,Male,,
80803997,"Jithmal, J M Sehas",1567,,Male,,
80826466,"Bandara, K M Jenitha Randinu",1566,,Male,,
80894020,"Weerasingha, Sanuka Binal",1566,,Male,,
29908817,"Perera, K K N L",1555,,Male,,
29972655,"Priyakantha, J Avishka",1538,,Male,,
80877508,"Akash, Pb Yasindu",1526,,Male,,
80859771,"Rajapaksha, R M D R",1513,,Male,,
80829422,"Herath, H M Vidupa Dulmitha",1510,,Male,,
80893899,"Rathnayaka, R M Chathuka Yashmith",1500,,Male,,
80824650,"Samuditha, R M Chathun",1497,,Male,,
29984831,"Samaraweera, R G D Bhagya",1490,,Male,,
80828906,"Dissanayaka, D M Janidu Chamudith",1488,,Male,,
80859330,"Indusara, D M Oshan",1478,,Male,,
29913578,"Nawarathna, N M D P B B",1467,,Male,,
29977720,"Nawarathna, N M Hasiru Manumitha",1463,,Male,,
80824544,"Rathnayaka, R M Sineth Chanmitha",1460,,Male,,
80867472,"Akash, Vasikaran",1455,,Male,,
80869513,"Wishmith, Dompage Don Savindu",1447,,Male,,
29973848,"Nissanka, H T Dinuka Dulshan",1445,,Male,,
80841333,"Janakwin, Lorensu Hewage Riyon",1431,,Male,,
80891101,"Randeniya, R M Duwindu Sandaruth",1425,,Male,,
80804829,"Wijethunga, Thasmira Yalindu",1402,,Male,,
80875084,"Attanayaka, A M Ruhith Lankesh",0,,Male,,
80820468,"Awantha, N M Isuru",0,,Male,,
80861032,"Bandara, B R Lakindu Dewmina",0,,Male,,
80868584,"Dissanayaka, D M Bihanga Jasith",0,,Male,,
29966450,"Dissanayaka, D M Gamith Randul",0,,Male,,
80867081,"Hemantha, K W Poorna Janith",0,,Male,,
80899790,"Jayasekara, J M Hasanga Nethshan",0,,Male,,
80861636,"Jayashanka, Y M Dhanika",0,,Male,,
80860613,"Karunarathna, Nimalaka K M S H",0,,Male,,
80890938,"Nimnada, M G M",0,,Male,,
80830765,"Ranaweera, R A D Thinuja Lesan",0,,Male,,
80883478,"Randeniya, Binura Sahasna",0,,Male,,
80877532,"Randika, Pb Yasiru",0,,Male,,
80826105,"Rathnaweera, Kaveesha Sathsara",0,,Male,,
29992184,"Rathnayaka, R M Vithun S",0,,Male,,
575000679,"Rathnayaka, S R M Deneth Chanthul",0,,Male,,
80866328,"Rishan, R M",0,,Male,,
29972663,"Ruvinda, R M Sanjaya",0,,Male,,
29974593,"Sankalana, R M Janith Mihidum",0,,Male,,
80835317,"Sanudika, J M Savija",0,,Male,,
80877540,"Senevirathna, Ww Chanthula",0,,Male,,
80877559,"Subasinghe, H Jeniru Senod",0,,Male,,
80877567,"Ashinsana, Dm Nathari",1624,,Male,,
29965462,"Ardra, K P",1587,,Male,,
80868207,"Kumarasinghe, G K A Imandi Manody",1530,,Male,,
80868266,"Nimansa, G A Dahami",1527,,Male,,
80837832,"Jayasekara, Sethumi Thevansa",1507,,Male,,
29955394,"Vinudini, H P Onadi Seja",1492,,Male,,
80808093,"Herath, H M U Thasanya",1469,,Male,,
80832415,"Mirando, Tryphenya",1449,,Male,,
80868134,"Dissanayaka, D M Ginuri Gihara",1439,,Male,,
29987237,"Karunasena, K M U A",1418,,Male,,
80875076,"Attanayaka, A M Ruhini Thamandi",0,,Male,,
80883087,"Devuki, G?hesali Ruhara",0,,Male,,
80827632,"Dinethma, H Dahami",0,,Male,,
80861482,"Ekanayake, Y S",0,,Male,,
29977550,"Herath, H M Jihansa Bosandi",0,,Male,,
80893201,"Kuruppu, Dona Pudamthi Chenulika",0,,Male,,
80895298,"Ranasinghe, S A D",0,,Male,,
80834493,"Rathnayake, R M Nesandhi Iranga",0,,Male,,
29971845,"Rathnayake, R M Subhagya Sithmini",0,,Male,,
29975700,"Ruhansa, R M Ranuki",0,,Male,,
80877605,"Sanuji, G Thinuli Thihasna",0,,Male,,
80869963,"Senulmi, G?dinuli Disanma",0,,Male,,
29929768,"Thisarindi, W Thejasi",0,,Male,,
29977134,"Wijesooriya, Ileesha Minidilee",0,,Male,,
12420387,"Lai, Duc Minh",2126,,Male,,
12405825,"Nguyen, Dinh Trung",2000,,Male,,
12414816,"Nguyen Thien Ngan,",1973,,Female,,WIM
12414697,"Luong, Hoang Tu Linh",1927,,Female,,WFM
12443247,"Nguyen, Tien Dung",1892,,Male,,
12442437,"Dang, Thai Vu",1873,,Male,,
12426253,"Tong Nguyen Gia Hung,",1831,,Male,,
13211617,"Song, Mingeun,",1762,,Male,,
7131682,"Wildan, Muhammad,",1743,,Male,,
12443808,"Bui, Duc Thien Anh",1718,,Male,,
12441228,"Nguyen, Viet Cuong",1714,,Male,,
12433390,"Nguyen, Thi Phuong Anh",1709,,Female,,
12445614,"Nguyen, Tran Gia Vuong",1677,,Male,,
12433918,"Sam, Minh Quan",1645,,Male,,
12427748,"Pham, Thi Minh Ngoc",1633,,Female,,
12443271,"Nguyen Quang Nam,",1626,,Male,,
12488054,"Do, Quang Minh",,,Male,1684,
12430633,"Pham Nhu Y,",,,Female,1660,
12443891,"Nguyen, Thanh Tung",,,Male,1639,
12474533,"Dao, Mai Vy",,,Female,1637,
12442453,"Nguyen, Thanh Nam",,,Male,1627,
153110983,"Nguyen, Minh Duc",,,Male,1616,
12472808,"Vu, Tuan Truong",,,Male,1614,
12453374,"Vo, Lan Khue",,,Female,1604,
12473324,"Vu, Duy Minh",,,Male,1604,
12424161,"Vu Giang Minh Duc,",,,Male,1603,
12434582,"Pham, Minh Nam",,,Male,1602,
12443212,"Le, Khoi Nguyen",,,Male,1593,
12472697,"Nguyen Hai Dang,",,,Male,0,
12488623,"Nguyen Van Khanh An,",,,Male,0,
12492728,"Nguyen Xuan Bach,",,,Male,0,
525012860,"ÖZGÜN, AHMET ÇAĞAN",,,Male,1433,
45093911,"Palve, Sunit",,,Male,1464,
24615374,"Сулига, Экхард",,1299,Male,,
522031510,"Техин, Николай",,1194,Male,,
522089055,"Гондусова, Кира Алексеевна",1254,,Male,,
522038833,"Байрамов, Тагар Ниязиевич",1380,,Male,,
522089217,"Терещенко, Захар Артемович",1372,,Male,,
540063143,"Орлов, Семён Александрович",1357,,Male,,
522042717,"Белов, Александр Сергеевич",1349,,Male,,
55895603,"Анастасов, Алексей Ионович",1331,,Male,,
55796109,"Стрельцов, Олег Максимович",1326,,Male,,
540028097,"Новожилова, Елизавета Ивановна",1301,,Male,,
522089195,"Портнов, Эдуард Сергеевич",1302,,Male,,
55796044,"Аритенко, Александр Сергеевич",1278,,Male,,
55895646,"Сысоев, Андрей Иванович",1241,,Male,,
55754619,"Торшина, Елена Андреевна",1232,,Male,,
540070956,"Бокша, Руслан Владимирович",1212,,Male,,
522089020,"Грицай, Амина Расуловна",1208,,Male,,
55796079,"Прокофьев, Юрий Станиславович",1123,,Male,,
522089187,"Никшин, Максим Федорович",1170,,Male,,
522089039,"Мишинева, Арина Алексеевна",1100,,Male,,
522089179,"Кондратков, Тимур Витальевич",1074,,Male,,
55737900,"Романов, Игорь Сергеевич",1551,,Male,,
55818900,"Корх, Роман Александрович",1549,,Male,,
55750222,"Попов, Артем Ильич",1542,,Male,,
55750214,"Перфильев, Марк Андреевич",1537,,Male,,
55750230,"Попов, Павел Дмитриевич",1535,,Male,,
55872247,"Перфильев, Филипп Андреевич",1509,,Male,,
55895689,"Попов, Диоген Александрович",1498,,Male,,
522066195,"Никулин, Гордей Михайлович",,,Male,1233,
55750290,"Стариков, Михаил Вадимович",1697,,Male,,
55676162,"Торшин, Андрей Андреевич",1672,,Male,,
55824730,"Губченко, Макар Алексеевич",1653,,Male,,
124277382,"Гарбузов, Артём Дмитриевич",1617,,Male,,
522042687,"Фоменко, Валерий Сергеевич",1581,,Male,,
522042822,"Сливин, Дмитрий Федорович",1571,,Male,,
55733557,"Антонян, Аркадий Степанович",1569,,Male,,
34226125,"Хутов, Адриан Анзорович",1541,,Male,,
55750303,"Уразов, Марат Талгатович",1454,,Male,,
55767060,"Волков, Данил Владимирович",1449,,Male,,
522089098,"Пигунов, Илья Александрович",1419,,Male,,
55821510,"Шевцов, Максим Александрович",1408,,Male,,
55795986,"Семянко, Алиса Игоревна",1402,,Male,,
522089160,"Кокин, Аркадий Сергеевич",1395,,Male,,
522089128,"Котранов, Николай Геннадьевич",1360,,Male,,
967408,"Ivanovic, Marko",,2371,Male,,
9218275,"Sakotic, Nikola",,2098,Male,,
915165,"Smolovic, Mile",,2094,Male,,IM
975800,"Popadic, Dragan B",,2089,Male,,
51624010,"KADIOĞLU, YUSUF MERT",,,Male,1412,
9210983,"Zaklan, Petar",,1932,Male,,
55825044,"Klekovkin, Aleksandr",,1732,Male,,
9237849,"Tutynin, Viacheslav",,1689,Male,,
9247372,"Aleksandrov, Kirill V",,1604,Male,,
906395,"Radosevic, Nenad",,2051,Male,,
24178314,"Krasovskiy, Kirill",,2179,Male,,CM
936596,"Stanic, Aleksandar",,2134,Male,,
943819,"Karisik, Nenad",,2120,Male,,
928526,"Stamatovic, Aleksandar",,2119,Male,,
995070,"Milosavljevic, Teodor",,2073,Male,,
915246,"Ignjatovic, Predrag",,2072,Male,,
991376,"Cosic, Jovan",,1983,Male,,
949035,"DRAGIC, Dragan",,1991,Male,,
9232316,"Grujic, Miroslav C",,1671,Male,,
22585125,"Tavakoli, Amirmohammad",,,Male,2029,
12547573,"Karimi, Omid",,,Male,1991,
22519076,"Rabbi Khorasgani, Amir",,,Male,1831,
12514551,"Romifard, Mehdi",,,Male,1800,
22527028,"Kolahdozan, Arian",,,Male,1727,
12504483,"Devisti, Rostam",,,Male,1671,
12565482,"Sadeghi, Ehsan",,,Male,1651,
12570176,"Tahvili Raftar, Iman",,,Male,1649,
12544183,"Tahvili Raftar, Gholamhossein",,,Male,1620,
428045157,"Saeidi Mobarake, Mohammad Ali",,,Male,1559,
42521122,"Absari, Milad",,,Male,1558,
22561935,"Khalkhali, Rahim",,,Male,1549,
428045424,"Soltani, Rasoul",,,Male,1516,
32793294,"Mirzapoor Fard, Mohammad",,,Male,1469,
22561862,"Fardi, Ali",,,Male,1458,
536029033,"Hosseini, Amirali",,,Male,1436,
564044602,"Aryahi, Sharma",,,Male,0,
564046176,"Parthav Kapoor,",,,Male,0,
29673666,"Mares Meza, Matias Andres",,1461,Male,,
29673623,"Lara Alfaro, Mateo Nicolas",,0,Male,,
3669882,"Luzuriaga Cordova, Julian Renato",,0,Male,,
3674894,"Ortega Sanchez, Lia Renata",,0,Male,,
34113140,"Левчук, Людмила",,1379,Male,,
34135879,"Радченко, Дмитрий",,1740,Male,,
9221292,"JOZIC, Aleksandar",1771,1744,Male,,
540068145,"Попов, Евгений Н",,1448,Male,,
34333541,"Тупилейкин, Виктор",,1439,Male,,
55732909,"Розов, Валерий",,1373,Male,,
34113131,"Кутовой, Валерий",,1338,Male,,
550011413,"Martinez Garcia, Andres",,0,Male,,
550004409,"Melendez Jaquez, Dario Alejandro",,0,Male,,
29673690,"Moreno Zarate, Carlos Isaac",,0,Male,,
88117120,"Rasesh, Guleria",,,Male,1466,
540007464,"Рыбаков, Михаил Юрьевич",1500,,Male,,
564044572,"Aarvika Rana,",,,Male,0,
564042448,"Maurya,",,,Male,0,
564042529,"Shivang, Prashar",,,Male,0,
564042537,"Vivaswan Singh,",,,Male,0,
4650530,"Bielfeldt, Michael",,,Male,1662,
12913600,"Scharf, Oliver",,,Male,1621,
12913693,"Marcic, Marinko",,,Male,1554,
4651804,"Dinse, Michael",,,Male,1537,
12928194,"Maly, Jens-Peter",,,Male,1518,
34663983,"Bauersfeld, Alfons Georg",,,Male,1515,
34664220,"Arriens, Klaus-Werner",,,Male,1499,
16261127,"Dorn, Axel",,,Male,1242,
16252780,"Wierse, Gorden",,,Male,1222,
34663967,"Hieke, Peter",,,Male,964,
32705670,"Ahmadi, Barad",,2341,Male,,FM
22534997,"Khanipour, Abolfazl",,2328,Male,,
22596062,"Baghaei, Mehrad",,2283,Male,,
42548098,"Pourramezan Chafjiri, Parsa",,2204,Male,,
42576750,"Bahmani, Koorosh",,2117,Male,,CM
32770707,"Fathi, Karen",,2093,Male,,
12510076,"Bodesh, Abdollah",,2039,Male,,
525001205,"UZUNOĞULLARI, TUNA",,,Male,1406,
12572594,"Moosapour, Rastin",,1976,Male,,
22557091,"Bararjani, Mehdi",,1944,Male,,
12538116,"Akhasteh, Abbas",,1899,Male,,
12532665,"Ghasemi, Mohammadreza",,1852,Male,,
42784417,"Goleij, Ali",,1851,Male,,
12528455,"Hakiminia, Milad",,1832,Male,,
42741998,"Mahdavi, Amirtaha",,1737,Male,,
12583154,"Banihashemi, S.Mohsen",,1692,Male,,
42777364,"Ghaffari, Amirreza",,1689,Male,,
42542006,"Gholizadeh, Majid",,1676,Male,,
12538990,"Ramzani, Aboozar",,1673,Male,,
536073636,"Hasanikandsar, Sepehr",,1625,Male,,
32720424,"Gohari, Milad",,1597,Male,,
36736015,"Dastoori, Ali",,1576,Male,,
428034988,"Shahbazi, Abolfazl",,1562,Male,,
32733070,"Hadian, Amir Mohammad",,1559,Male,,
536095397,"Yousefi, Mahdi",,1554,Male,,
428019679,"Teroomideh, Kian",,1551,Male,,
36765945,"Shafiee, Hamidreza",,1533,Male,,
536015504,"Jahanifarad, Mahan",,1524,Male,,
536095737,"Mashouferad, Ashkan",,1520,Male,,
42777275,"Andista, Arian",,1497,Male,,
428086350,"Rahmani, Bardiya",,1493,Male,,
536061654,"Samiee, Mohamad Hosein",,1492,Male,,
42720451,"Abedinpour, Kian",,1490,Male,,
428069528,"Babaei, Rastin",,1471,Male,,
428018923,"Ebrahimpoor, Mohammadyasin",,1468,Male,,
428086260,"Mansouri Masa Roudbaneh, Artin",,1449,Male,,
428066197,"Saeidi, Seyed Kasra",,1444,Male,,
428002180,"Vosooghi, Sepahrad",,1434,Male,,
428002091,"Rafiei, Taha",,1428,Male,,
536032140,"Nikpayam, Ghazal",,1422,Male,,
536000329,"Faraji, Hirbod",,1418,Male,,
562024078,"Akbardoost, Parham",,1402,Male,,
536091995,"Amiri, Amirreza",,1400,Male,,
428024907,"Khanehzarrin, Vihan",,1400,Male,,
536066273,"Ahmadinezhad, Mohammadamin",,0,Male,,
536092002,"Askari, Mehrshad",,0,Male,,
428085973,"Baratpour, Karen",,0,Male,,
428091744,"Ghanbari, Sedna",,0,Male,,
562009826,"Gholam Ghasemi, Arash",,0,Male,,
536092134,"Ghorbani, Amirhossein",,0,Male,,
562037285,"Heidari, Aryan",,0,Male,,
428091752,"Hematnezhad, Amirhossein",,0,Male,,
428019059,"Hoseinpour, Amirali",,0,Male,,
536066427,"Khodaparast, Nirvana",,0,Male,,
428091779,"Maleki, Azar",,0,Male,,
536057304,"Mohammadi, Baran",,0,Male,,
428025229,"Rahimi, Alireza",,0,Male,,
428086368,"Rajabzadeh, Amirhosein",,0,Male,,
428070011,"Zahedi, Sahand",,0,Male,,
55661980,"Наймушин, Артем Дмитриевич",,,Male,1267,
522091394,"Броженков, Марк Владимирович",,,Male,1221,
540055655,"Шатунов, Михаил Сергеевич",,,Male,1208,
55771440,"Палагин, Кузьма Антонович",,,Male,1182,
55872255,"Подлесных, Матвей Денисович",,,Male,1177,
522083316,"Клычков, Денис Алексеевич",,,Male,1162,
522059474,"Гарбар, Андрей Артемович",,,Male,1144,
540090752,"Холопов, Илья Дмитриевич",,,Male,1142,
3669955,"Parrales Romero, Roger Jared",,0,Male,,
55812279,"Алимпиева, Анна Артемовна",,,Male,1135,
540050939,"Демченко, Елизавета Константиновна",,,Male,1131,
22557121,"Ebrahimi Rashti, Asal",1952,2151,Male,,
32723458,"Reshad, Radin",1907,1846,Male,,
32751214,"Hosseinzadeh, Salar",1816,1957,Male,,
36794023,"Rahpeima, Savina",1647,1705,Male,,
42721741,"Ghadimi, Arian",1635,1703,Male,,
36793949,"Bagheri, Maha",1592,1747,Male,,
428066146,"Mirkhatami, Seyed Arsam",1578,1650,Male,,
36777757,"Ranjbarjalali, Parham",1562,1689,Male,,
36712906,"Rezaeipour, Shadmehr",1550,1652,Male,,
428048822,"Hasanzad, Arsam",1540,1583,Male,,
36793809,"Bahri, Nima",1531,1518,Male,,
428024958,"Mirhaghgoui Jalali, Seyed Johnyar",1509,1474,Male,,
536018155,"Zoghi, Alireza",1508,1570,Male,,
36704474,"Tavakoli Moghadam, Alireza",1491,1483,Male,,
428019016,"Haghighi, Sepehr",1431,1655,Male,,
562007653,"Aghababazade, Kian",0,0,Male,,
428071301,"Aghajani, Mohanna",0,0,Male,,
55898874,"Сергеев, Владимир Алексеевич",,,Male,1128,
540074617,"Елкин, Макар Вячеславович",,,Male,1112,
540052729,"Соловьев, Андрей Андреевич",,,Male,1061,
570001383,"Курамшин, Евгений Алексеевич",,,Male,1034,
33436185,"Amogh Pradeep,",,,Male,1575,
547049081,"Adwaith Am,",,,Male,1550,
48790117,"Advaith Krishnan A L,",,,Male,1525,
531033466,"Sreekeshav Sudeep,",,,Male,1509,
374100797,"Eric Aaron Raaj,",,,Male,0,
22208097,"Jimenez Bote, Jose",,1838,Male,,
2237393,"Boza Moreno, Pedro",,1761,Male,,
22204334,"Navarro Rodriguez, Jesus",,1748,Male,,
24504971,"Sanchez Gilo, Gonzalo",,1684,Male,,
22264051,"Gonzalez Garcia, Luis Gonzalo",,1652,Male,,
32087187,"Medina Balenciaga, Patricio",,1642,Male,,
54507880,"Cabello Chaves, Francisco Jose",,1637,Male,,
22207791,"Gueler Mosner, Julio A.",,1555,Male,,
553008820,"Aparicio Bastardo, Jose Miguel",,0,Male,,
553005627,"Ortega Castellano, Manuela",,0,Female,,
4437462,"Primero, Yosef Rishom",,0,Male,,
535022108,"Suarez Morata, Agustin",,0,Male,,
553012585,"Villarejo Moreno, Juan",,0,Male,,
34273123,"Поздняков, Дмитрий Алексеевич",,1702,Male,,
34416099,"Поздняков, Егор Дмитриевич",,1681,Male,,
34273115,"Поздняков, Никита Дмитриевич",,1679,Male,,
34320946,"Ермаков, Иван Алексеевич",,1651,Male,,
55845770,"Манукян, Нарек Кимович",,1609,Male,,
34408789,"Сибряев, Алексей Андреевич",,1457,Male,,
522064001,"Ефремов, Михаил Иванович",,1370,Male,,
540048314,"Куренков, Алексей Алексеевич",,1320,Male,,
522064591,"Веселова, Юлия Валентиновна",,1305,Male,,
55862985,"Макаров, Тимофей Михайлович",,1295,Male,,
522064536,"Ермилин, Герман Александрович",,1281,Male,,
2325462,Emil Finnsson Fenger,,1620,Male,,
2334097,Rakshat Murali Krishna,,,Male,1473,
2331209,Theodor Noel Schram,,,Male,1464,
2324113,Liam Nam Tran,,,Male,1437,
2332825,Robert Heidar Skulason,,,Male,1435,
2332124,Thorvaldur Orri Haraldsson,,,Male,1434,
2330466,Jakob Steinn Valdimarsson,,,Male,1434,
2333023,Helgi Fannar Odinsson,,,Male,1430,
2332698,Gardar Hrafn Einarsson,,,Male,1425,
3671240,"Chavez de la Guerra, Adrián Fernando",0,,Male,,
2322668,Jakub Sokol,,,Male,1412,
2335190,Alexandra Voron Adalsteinsdottir,,,Male,0,
2333147,Platon Andrusenko,,,Male,0,
547016426,"Aryadev, S",,,Male,1520,
2333155,Finnur Arnason,,,Male,0,
2337010,Ari Thormar Atlason,,,Male,0,
2334828,Prakul Bent Bahadur Gurung,,,Male,0,
2336340,Sankul Bent Bahadur Gurung,,,Male,0,
2336740,Nokkvi Birgisson,,,Male,0,
2332930,Solveig Holm Brynjarsdottir,,,Male,0,
2336758,Charlie Bull,,,Male,0,
2334682,Venkata Abhinay Chowdary Dasari,,,Male,0,
2336308,Jonatan Leo Dadason,,,Male,0,
2336316,Matthias Einarsson,,,Male,0,
2336774,Thorarinn Sjafnar Einarsson,,,Male,0,
2331624,Robert Magni Enoksson,,,Male,0,
2336790,Bjarni Leo Gunnarsson,,,Male,0,
2324571,Hafthor Haarde Vignisson,,,Male,0,
2333619,Heidbjartur Oli Haraldsson,,,Male,0,
2335280,Sverrir Ingi Haraldsson,,,Male,0,
2333635,Kira Hardardottir,,,Male,0,
2332132,Vilhelm Thor H Hermansen,,,Male,0,
2333104,Kumudini Jagarlamudi,,,Male,0,
2332752,Aashika Jain,,,Male,0,
2332760,Anaya Jain,,,Male,0,
2332981,Sigurdur Hoeg Jonsson,,,Male,0,
2337029,Tryggvi Freyr Jonsson,,,Male,0,
2332990,Praanvi Kandukuri,,,Male,0,
2325772,Marey Kjartansdottir,,,Male,0,
2333228,Lukas Fells Lovenholdt,,,Male,0,
2326710,Theodor Fells Lovenholdt,,,Male,0,
2331195,Petur Eysteinn N.Arnarsson,,,Male,0,
2335336,Tauras Nareika,,,Male,0,
2331004,Sarvina Jasline Nirmal Johnpaul,,,Male,0,
2331012,Servin Joyal Nirmal Johnpaul,,,Male,0,
2334119,Krishika Peddishetti,,,Male,0,
2335352,Jon Fenrir Ragnarsson,,,Male,0,
2331020,Likhithasri Sathiyaraj,,,Male,0,
2333058,Alexander Dagur Sigthorsson,,,Male,0,
2335425,Yugamithran S Anand Mohana,,,Male,0,
2336880,Odinn Vali Tamzok,,,Male,0,
2331551,Gunnar Thor Thorhallsson,,,Male,0,
55737510,"Синицин, Андрей Александрович",,1664,Male,,
55683673,"Рагимов, Аслан Седрединович",,1510,Male,,
55898742,"Дмитриевский, Всеволод Сергеевич",,1486,Male,,
55824196,"Бойцова, Лидия Алексеевна",,1483,Male,,
540041816,"Мельник, Павел Сергеевич",,1317,Male,,
522086439,"Усачев, Ростислав Романович",,1313,Male,,
540089517,"Атанасов, Елисей Стефанович",,1293,Male,,
540092240,"Иванов, Василий Алексеевич",,1291,Male,,
522063536,"Ходнев, Константин Сергеевич",,1289,Male,,
2335816,Odinn Darri Hjalmarsson,,1514,Male,1471,
2322021,Emilia Sigurdardottir,,1432,Male,1415,
2332272,Emilia Klara Tomasdottir,,0,Male,1427,
2334259,Anh Hai Tran,,1697,Male,1683,
2322323,Omar Jon Holm Kjartansson,,1459,Male,1463,
2336103,Bjorn Askur Thorbjargarson,,0,Male,0,
88149846,"Honey, Sreechithra",,,Male,1480,
540042030,"Иванов, Егор Алексеевич",,1252,Male,,
540025071,"Романов, Александр Антонович",,1244,Male,,
540015831,"Елисеев, Тимофей Евгеньевич",,1239,Male,,
55880029,"Каприна, Мария Сергеевна",,1238,Male,,
540092283,"Прохоров, Виктор Леонидович",,1235,Male,,
540092224,"Демчук, Иван Викторович",,1223,Male,,
540042057,"Терентьев, Савелий Васильевич",,1220,Male,,
540042049,"Терентьев, Георгий Васильевич",,1203,Male,,
540092232,"Исаев, Степан Дмитриевич",,1002,Male,,
557010129,"Baimukhanov, Alan",,1000,Male,,
4925408,"Khaliun, Chuluunbaatar",,1000,Male,,
540015840,"Горланов, Всеволод Владимирович",,1000,Male,,
540092267,"Козарез, Анна Владимировна",,1000,Male,,
558051074,"Somnath, Shankar Jadhav",,,Male,1611,
429083788,"Prashant, Tichkule",,,Male,1606,
25085964,"Ashok, Parekh",,,Male,1570,
547040530,"Samarth, Maroti Gundewar",,,Male,1550,
46682716,"Vijay, Yetre",,,Male,1523,
35082680,"Vikas, Shitole",,,Male,1518,
25987267,"Kumbhar, Ashok",,,Male,1511,
46621016,"Mohan, Pathode",,,Male,1511,
46621105,"Pankaj, Bendre",,,Male,1479,
531011292,"Sunil, Dubey",,,Male,1472,
88145530,"Vijay, Shikhare",,,Male,1468,
429083842,"Vinod, Shende",,,Male,1452,
531011047,"Ganesh, Tamkar",,,Male,1443,
429083800,"Pravin, Rathi",,,Male,1412,
547040238,"Aniket, Narayan Kachi",,,Male,0,
88145018,"Ashok, Wargantiwar",,,Male,0,
531011136,"Mohit, Shrikishan Khetre",,,Male,0,
88145255,"Nitin, Naganath Karade",,,Male,0,
88145310,"Prathamesh, Batulwar",,,Male,0,
547040122,"Sachin, Patil",,,Male,0,
531011284,"Sumedh, Laxman Wayvale",,,Male,0,
547040203,"Tejas, Atram",,,Male,0,
16204271,"Eilenberg, Jonas",,,Female,2388,FM
16228898,"Strehse, Nelson",,,Female,2321,
16223977,"Tschernatsch, Johannes",,,Female,2309,FM
34601775,"Petersen, Henrik",,,Female,2292,FM
701270,"Szabolcsi, Janos",,,Female,2182,IM
14118378,"Hubai, Mykola",,,Female,2163,
4660030,"Zeitz, Philip, Dr.",,,Female,2113,
16266242,"Matiashvili, Alexander Michael",,,Female,2096,
16256840,"Schmidt, Florian Pascal",,,Female,2093,
12922072,"Krefenstein, Sergej",,,Female,2069,
4627229,"Dimitrijeski, Kristian",,,Female,2066,CM
16202554,"Langner, Jasper",,,Female,2062,
34643397,"Zhang, Onno",,,Female,2038,
529020697,"Perkovsky, David",,,Female,2031,
24606383,"Böttcher, Patrick",,,Female,2022,
16273443,"Beduschi, Ben",,,Female,2017,
4609786,"Bahner, Julius",,,Female,2010,
16253582,"Vollmar, Timo",,,Female,2003,
16238559,"Rotzinger, Markus",,,Female,1994,
16277414,"Rodriguez Klasen, Ennio",,,Female,1985,
12958328,"Wirth, Heinz, Dr.",,,Female,1984,
34625194,"Kaplan, Arne",,,Female,1974,
34618929,"Varazi, Maxime",,,Female,1953,
4640926,"Weißenbach, Klaus",,,Female,1949,
34618910,"Hoppe, Arthur",,,Female,1946,
12958344,"Matitschka, Heinz",,,Female,1941,
24537594,"Marin Aso, Jose Luis",,,Female,1937,
6328075,"Ozates, Mert",,,Female,1926,
551018349,"Busson, Thomas",,,Female,1919,
12976059,"Kutschke, Jens",,,Female,1917,
4695640,"Merz, Rüdiger",,,Female,1912,
16247663,"Froehlich, Sergej",,,Female,1907,
34635076,"Bergmann, Rafael Antonio",,,Female,1900,
12912000,"Steiger, Michael",,,Female,1895,
4674375,"Grillich, Alexander",,,Female,1890,
44522096,"Sakalli, Selcuk Orkun",,,Female,1890,
26336987,"KARAKUŞ, EMİRCAN",,,Male,1402,
14188961,"Mazurtsova, Margarita",,,Female,1877,
4651189,"Schmidt, Jürgen",,,Female,1873,
24666130,"Dehne, Julian",,,Female,1868,
4661530,"V N, Nikhil Anurag",,,Female,1844,
533043302,"Holovianko, Illia",,,Female,1825,
12925500,"Tolle, Gerd",,,Female,1825,
533075670,"Klein, Elias",,,Female,1823,
16286758,"Grob, Gerhard",,,Female,1806,
4696484,"Mayer, Herbert, Dr.",,,Female,1804,
94724008,"Broeder, Hans Gert",,,Female,1802,
34660410,"Er, Sadik Bugra",,,Female,1793,
34696024,"Saglamoglu, Simon",,,Female,1792,
34661395,"Gerull, Noah",,,Female,1790,
16240391,"Movsisyan, Andranik",,,Female,1747,
533011486,"Belyakov, Konstantin",,,Female,1738,
34681434,"Jozsa, Lev",,,Female,1736,
533026319,"Würzburger, Aaron",,,Female,1702,
12922129,"Körner, Reinhard",,,Female,1680,
34669604,"Maier, Kalle",,,Female,1664,
34622535,"Brügmann, Cedric",,,Female,1661,
24666890,"Fiedler, Ronald",,,Female,1652,
533011478,"Belyakova, Ekaterina",,,Female,1642,
34672494,"Demirdizen, Cem",,,Female,1634,
24629022,"Abraham, Helmut",,,Female,1620,
533074313,"Sintsov, Roman",,,Female,1608,
34680330,"Pruner, Ulf",,,Female,1606,
533065446,"Sharma, Atharva",,,Female,1586,
533027293,"Belyakov, Dmitry",,,Female,1585,
533025088,"Malyi, Tymofii",,,Female,1567,
12986976,"Geiß, Anne",,,Female,1546,
16239717,"Lippert, Marc",,,Female,1486,
533083703,"Singh, Avan",,,Female,1468,
533083711,"Singh, Ahaan",,,Female,1406,
533036128,"Pastuchov, Alexei",,,Female,1235,
566094586,"Mehrabi, Babak",,,Female,0,
12353450,"Ghimire, Krissant",1829,,Male,,
12343285,"Demanrura, Ayush",1734,,Male,,
12345571,"Neupane, Manav",1689,,Male,,
12330884,"Pun, Khim Bdr",1679,,Male,,
12327581,"Oli, Madan",1676,,Male,,
12356280,"Chand, Subham",1663,,Male,,
12345466,"Giri, Isha",1651,,Male,,
12345555,"Nag, Arush",1645,,Male,,
12345490,"Gyanwali, Krystal",1640,,Male,,
12345520,"Magar, Rijan Thapa",1637,,Male,,
12353531,"Rokaya, Salik",1634,,Male,,
12353507,"Magar, Ritisha Gharti",1621,,Male,,
12356123,"Karki, Suman",1614,,Male,,
12343269,"Bogati, Arnab",1600,,Male,,
12356115,"Giri, Pawan Sagar",1599,,Male,,
12356131,"Magar, Dhiraj Gharti",1590,,Male,,
12330701,"Gaire, Samyak",1581,,Male,,
12345172,"Khatri, Rajiv",1581,,Male,,
12356174,"Rawal, Arpan",1577,,Male,,
12345504,"Kandel, Tekraj",1568,,Male,,
12330841,"Paudel, Gaurab",1517,,Male,,
12356212,"Rokaya, Bihani",1440,,Male,,
12356000,"Acharya, Bibek",0,,Male,,
12343242,"Bartaula, Prakit",0,,Male,,
12356042,"Bista, Shreesha",0,,Male,,
12334626,"Bohara, Aakriti",0,,Male,,
12356085,"Chand, Sushant",0,,Male,,
12353493,"GC, Aditya Bikram",0,,Male,,
1701010,"Eklund, Lars-Goran",,,Male,2208,FM
1702050,"Dahlstrom, Rickard",,,Male,1988,
1702076,"Cederqvist, Niclas",,,Male,1940,
1734792,"Beslagic, Smail",,,Male,1931,
1712063,"Nyman, Viktor",,,Male,1917,
1732242,"Johansson, Stefan 1962",,,Male,1903,
1754564,"Ljunggren, Mikael",,,Male,1890,
1724126,"Johansson, Per 1967",,,Male,1872,
1717553,"Koski, Viljo",,,Male,1872,
1741039,"Johansson, Christer 1965",,,Male,1860,
1767968,"Eldh, Hjalmar",,,Male,1856,
1723936,"Kjellqvist, Fredrik",,,Male,1812,
1741179,"Fogelberg, Dan",,,Male,1753,
1773836,"Rasmussen, Lukas",,,Male,1735,
563004470,"Florin, Rune",,,Male,1723,
1776932,"Gustafsson, David",,,Male,1683,
33491917,"Nidhish, Shyamal",,,Male,2182,
5012899,"Amitpal, Singh",,,Male,2144,CM
537037307,"Venkateswara, Rao Dumpala",,,Male,1689,
547090871,"Cheppalli, Ishaan Bhagat",,,Male,1662,
25005693,"Hanuman Satish, B.",,,Male,1620,
531005926,"Karthik, Nagam",,,Male,1581,
25988433,"Venkata, Naga Durga Prasad Katta",,,Male,1556,
88159264,"Juveriya, Naaz",,,Male,1532,
88163750,"Chundru, Dhrupad Sai",,,Male,1480,
531061176,"Aarush, Kapoor",,,Male,1478,
531048463,"Arjun, Nagam",,,Male,1438,
537070614,"Ishaan, Sathiraju",,,Male,1412,
531060200,"Monish, Gowtham Pasham",,,Male,0,
5749271,Zulkifli Bin Talib,,1792,Male,,
35837918,Herman Bin Anggalun,,1519,Male,,
5711967,Shahrizal Bin Shamsuddin,,1614,Male,,
5715717,Muhammad Zudi Bin Mustapha,,1781,Male,,
5742323,Mohd Azizul Hakim Bin Hamzah,,1812,Male,,
5737885,Mohd Fairus Bin Zakaria,,1733,Male,,
35861240,Muhammad Izzad Bin Jasmi,,0,Male,,
35820187,Ismail Bin Majid,,0,Male,,
5751080,Shukri Bin Ahmad,,1664,Male,,
5711126,Zharif Hazwan Bin Zahar,,1630,Male,,
35822147,Ahmad Riza Bin Ahzaharudin,,0,Male,,
35819960,Isa Al Farouq Bin Mohammad Yunus,,1503,Male,,
35849410,Amiruddin Bin Abdul Lazim,,0,Male,,
35861495,Daslina Binti Mohd Dahlan,,0,Male,0,
5798094,Mohd Fairuz Bin Shahadan,,1510,Male,,
1304895,"Michaud, Christian",,2050,Male,,
1306359,"Etienne, Christophe",,1902,Male,,
1351729,"Marcacci, Anthony",,1857,Male,,
1337580,"Klyucharev, Alexander",,1810,Male,,
1353039,"Sosnovskyi, Yaroslav",,1792,Male,,
1309129,"Schaerer, Marc",,1791,Male,,
1351656,"Jegge, Arthur",,1688,Male,,
1357778,"Gilliéron, Kévin",,1643,Male,,
527027007,"Shama, Oleksandr",,1620,Male,,
51693178,"SÜER, HÜRKAN",,,Male,1401,
13798197,"Murat, Mansur",,1606,Male,,
447038470,"Nurlanov, Miras",,1586,Male,,
447005351,"Sagatov, Arsen",,1543,Male,,
447078316,"Orazbek, Amirkhan",,0,Male,,
23416955,"Laino, Luca",,,Male,1725,
23480440,"D`Adago, Lorenzo",,,Male,1703,
23437650,"Leva, Francesco",,,Male,1626,
23470011,"Bellarosa, Simone",,,Male,1552,
23464658,"Brusati, Patrizio",,,Male,1505,
23472111,"Farachi, Penelope",,,Male,1442,
23464399,"Pezzoni, Anna",,,Male,1417,
552018393,"Privato, Riccardo",,,Male,1399,
23486473,"Rupasingha, Thihasna",,,Male,1399,
558086080,"Rohan, V. Holennavar",,1453,Male,,
88132609,"Swayam, B. Bhosale",,1412,Male,,
3669971,"Quezada Fajardo, Francisco Fabian",,0,Male,,
3801284,"Padilla, Hugo",,2065,Male,,CM
3865584,"Levano Loayza, Adriano Jaffet",,2035,Male,,CM
3814947,"Vasquez Jimenez, Cristhian",,1995,Male,,
3880486,"Takahashi Guevara, Javier Kazuo",,1946,Male,,
3819434,"Rojas Salas, Steven",,2398,Male,,IM
3844153,"Reyes Zavaleta, Fabian Ricardo",,2167,Male,,FM
3844340,"Reyes Zavaleta, Cristhian Yamil",,2143,Male,,FM
3845621,"Cahuapaza Tarapaca, Leonardo",,2112,Male,,CM
3844145,"Reyes Zavaleta, Diego Alexander",,2052,Male,,
3848159,"Palomino Landeo, Diego Fernando",,2014,Male,,
3816338,"Rodriguez Mayorca, Joseph",,2004,Male,,
3866025,"Gomez Nunez, Fabian Elmer",,1967,Male,,
3861902,"Janampa Javier, Brandon Daniel",,1959,Male,,CM
3888100,"Poma Bernal, Cristian Andres",,1906,Male,,
3812863,"Rodriguez Mayorca, Daniel",,1894,Male,,
447024062,"Sadu, Asanali",,1606,Male,,
48733881,Vihaan Datta Katakam,,,Male,1619,
25149369,Hartejpal Singh,,,Male,1564,
537075454,Ayansh Ved Jadhav Daravath,,1458,Male,,
547026251,Aayansh Mukhopadhyay,,,Male,0,
88122484,Ransh Sethi,,,Male,1402,
3836932,"Giraldo, Arana Jose Alfonso",,1857,Male,,
81430337,"Marzetti Corisapra, Leonardo Adriano",,1854,Male,,
3858243,"Sanchez Sanchez, Leonardo Daniel",,1838,Male,,
3880532,"Angeles Castillo, Bastian Missael Valentin",,1821,Male,,
81402546,"Rodriguez Chambi, Fabrizio Santiago",,1790,Male,,
3822940,"Bardales Cojal, Ronald Alfonso",,1736,Male,,
81404069,"Lajo Timoteo, Diana Carolina",,1661,Male,,
3829693,"Bejarano Martinez, Diego",,1645,Male,,
81436998,"Morales Mena, Alvaro Arturo",,1553,Male,,
3878074,"Sardon, Aragon Alejandro Ulysses",,1542,Male,,
81420617,"Meneses Seminario, Luis Alberto",,1538,Male,,
3874800,"Guevara Huamani, Angello Mohises",,1456,Male,,
81458142,"Usurin Vara, Diego Sebasitan",,1443,Male,,
81485654,"Castro Pozo Asmat, Alejandro Raul",,0,Male,,
81485646,"Castro Pozo Asmat, Hildebrando Joaquin",,0,Male,,
537074326,"Lincy, Jain",,,Male,0,
81485042,"Felix Guevara, Jean Franco",,0,Male,,
81474563,"Jara Aragon, Eytan Walter",,0,Male,,
81482124,"Posaico Ventura, Jefferson David",,0,Male,,
81468199,"Villegas Torres, Miguel Andre",,0,Male,,
3853829,"Casqui Lopez, Pamela Grace",,1668,Male,,
81420102,"Merca Alvarado, Kyara Adelaida",,1550,Male,,
3840883,"Alvarado Galvez, Siara Naim",,0,Male,,
4181859,"Малышев, Алексей Петрович",,1510,Male,,
55850162,"Колокольцев, Константин Михайлович",,1414,Male,,
3813509,"Quirhuayo Chumbe, German Gonzalo",,2258,Male,,IM
3807185,"Rengifo Blancas, Renzo Jhonathan",,2120,Male,,FM
3843866,"Jimenez Salas, Maria Teresa",,2116,Male,,WIM
3859096,"Rojas Linares, Nicolas Gabriel",,2058,Male,,CM
3802191,"Aliaga Fernandez, Ingrid Y",,2033,Male,,WIM
3859088,"Ortiz Menacho, Sebastian Alonso",,1977,Male,,
81424086,"Torres Munoz, Bryam David",,1973,Male,,
3873293,"Villaverde Salas, Gonzalo Matias",,1965,Male,,
81404310,"Meneses Morales, Marcos Beltran",,1958,Male,,
3819078,"Zarate Oyague, Flor De Maria",,1951,Male,,
3845494,"Reyes Zavaleta, Sergio Gabriel",,1944,Male,,
3861821,"Janampa Javier, Jhonatan David",,1906,Male,,
3853900,"Vilca Contreras, Dante Ivan",,1857,Male,,
3837963,"Herrada Blanco, Maria Fernanda",2126,1853,Female,,WFM
3862836,"Suarez Chavez, Alejandro",,1816,Male,,
3881563,"Pardo Pebes, Sergio Branco",,1812,Male,,
3836517,"Huayhuas Robles, Laura Sofia",1817,1764,Female,,WCM
3835332,"Cruz Ocas, Edward Joel",,1758,Male,,
81424906,"Cardenas Corona, Joaquin Ignacio",,1739,Male,,
81402201,"Zegarra Castaneda, Oliver Mateo",,1711,Male,,
81420099,"Merca Alvarado, Gabriel Adolfo",,1650,Male,,
3829677,"Alvarado, Galvez Axel Steve",,1632,Male,,
81438745,"Del Pino Rivera, Roberto Ignacio",,1589,Male,,
3869326,"Yrivarren Paz, Martin Fernando",,1580,Male,,
81447337,"Yapuchura Avendano, Julio Cesar",,1570,Male,,
3892697,"Navarrete Rufino, Johan Jahir Paulo",,1568,Male,,
81437862,"Napan Villamares, Daiana Antuaneth",,1554,Male,,
3863700,"Montesinos Parisaca, Yuan Wari",,1533,Male,,
81435894,"Oropeza Ortega, Jacob Tiziano",,1527,Male,,
3882039,"Pareja Pacco, Rodrigo Andre",,1525,Male,,
81413882,"Rios Castillo, Sergio Mateo",,1518,Male,,
3848280,"Gomez Jalixto, Matthew Yahir",,1513,Male,,
3845877,"Urpeque Guzman, Zayaka Isabel",,1490,Male,,
3856666,"Guevara Vertiz, Ariana Valentina",,1489,Male,,
3873285,"Colorado De La Riva, Luis Hendel",,1479,Male,,
3860159,"Belahonia Bravo, Renzo Jose",,1474,Male,,
81431147,"Napan Villamares, Andre De Jesus",,1468,Male,,
81459122,"Infantas Arevalo, Thiago Edu",,1462,Male,,
3862933,"Sumoso Tejada, Marcelino",,1423,Male,,
3864413,"Gomez Jalixto, Dylam Yareth",,1411,Male,,
3899926,"Ccanccapa Aguilar, Yeicob Jiyong",,1410,Male,,
81410506,"Canchari La Rosa, Luis Enrique",,0,Male,,
81462891,"Guevara Rivera, Dereck Adrian",,0,Male,,
79315380,"Skok, Ivan Vilim",,1429,Male,,
79336361,"Bašković, Ante",,0,Male,,
79331963,"Ilinić, Hrvoja",,0,Male,,
79324452,"Kljaić, Filip Jens",,0,Male,,
79324444,"Kljaić, Rene Jens",,0,Male,,
79331890,"Paić, Vito",,0,Male,,
79331912,"Prpić, Ivan",,0,Male,,
79334431,"Rožman, Rafael",,0,Male,,
79314570,"Tomašić, David",,0,Male,,
79325874,"Žužul, Lovro",,0,Male,,
13748521,"Zheniskhan, Alibi",,,Male,1641,
447018402,"Tursunbai, Abdulla-Bilal",,,Male,1619,
447018658,"Tursunbai, Abdurrohman",,,Male,1610,
447042052,"Burokhanov, Raimbek",,,Male,1591,
13755960,"Abuzharova, Aidana",,,Female,1575,
447049235,"Ospanov, Alen",,,Male,1563,
13777793,"Abubakirov, Imangali",,,Male,1562,
447077760,"Toktaganov, Tleukhan",,,Male,1549,
525022920,"TOPLU, TUNAY",,,Male,1400,
13796470,"Zhandildina, Aruna",,,Female,1532,
447082151,"Abylkhan, Asanali",,,Male,1503,
13722212,"Kuanyshbek, Dinmukhamed",,,Male,1482,
557016046,"Zhaksylyk, Anuar",,,Male,1480,
3669742,"Sanchez Jimenez, Santiago Moises",,0,Male,,
3662799,"Serrano Benitez, Franklin Ezequie",,0,Male,,
3669734,"Siguenza Matamoros, Cristel Dayanna",,0,Male,,
3662012,"Tipantasi Campoverde, Franshesca",,0,Male,,
107654,"Palmiero, Oscar",,,Male,2100,
127140,"Palladino, Alberto",,,Male,1864,
20049935,"Astrain, Dario",,,Male,1816,
13746766,"Arenova, Arailym",,1596,Female,1668,
14592606,"Biti, Tin",,1875,Male,,
447003502,"Shektybay, Dinmukhammed",,,Male,1461,
447024933,"Bakyt, Ansar",,,Male,1444,
447069104,"Seisekulov, Beksultan",,,Male,1440,
13793314,"Sakanov, Sultan",,,Male,1429,
447042028,"Dulatov, Arman",,,Male,1428,
447051426,"Begaliyev, Iman",,,Male,1422,
447028238,"Alimov, Nazar",,,Male,1421,
557022232,"Li, Roman",,,Male,0,
79325645,"Poljak Ljubić, Ema",,1620,Male,,
79315372,"Skok, Roko",,1501,Male,,
79314589,"Tomašić, Ilona",,1459,Male,,
79324070,"Babić, Marko",,0,Male,,
79331815,"Bartoluci, Mila",,0,Male,,
79327850,"Činčurak, Mak",,0,Male,,
79339255,"Gašparić, Mislav",,0,Male,,
79331858,"Golubić, Fran",,0,Male,,
79334865,"Rajič, Toma",,0,Male,,
79334440,"Rožman, Josip",,0,Male,,
12563951,"Nikfetrat, Hamed",,,Male,1970,
12571172,"Pournasiri, Shahin",,,Male,1942,
22534458,"Isapour, Mohammadali",,,Male,1934,
22551883,"Molaei, Arian",,,Male,1900,
32717512,"Pourmohsen, Mohammad",,,Male,1853,
36750476,"Haghdoust, Babak",,,Male,1847,
12510718,"Kanani, Anoosh",,,Male,1843,
32703902,"Rajabioon, Mohammad Hosein",,,Male,1778,
22548653,"Rahimi, Siamak",,,Male,1763,
36790265,"Asghari, Sadi",,,Male,1755,
12544949,"Poormoradkhani, Rahmat",,,Male,1725,
36731242,"Safari, Shahrzad",,,Male,1705,
428048911,"Mirzaei, Abar Sam",,,Male,1678,
32711182,"Astineh, Mojtaba",,,Male,1627,
12572560,"Lotfi, Fatollah",,,Male,1618,
36780510,"Rajabtalab, Reza",,,Male,1611,
12589829,"Mirzaei, Hojjat",,,Male,1576,
428066049,"Kamalinia, Ali",,,Male,1555,
536083887,"Esmaeilzadehasl, Mohammadali",,,Male,1528,
32730535,"Talebjalil, Amir Hossein",,,Male,1521,
536058084,"Sirati, Mohammad",,,Male,1507,
22568000,"Abyar, Ali",,,Male,1431,
536004898,"Safari, Mohammadmahdi",,,Male,1421,
36790427,"Zandi, Mahan",,,Male,1408,
42763878,"Akbari, Liana",,,Male,0,
428066022,"Eftekhari, Yasna",,,Male,0,
536068659,"Parastan, Nikan",,,Male,0,
32711212,"Rajabioon, Fatima",,,Male,0,
12834637,"Rakickas, Aurimas",,1959,Male,,
12864048,"Džiūvė, Edvinas",,1874,Male,,
12805750,"Variakojis, Laimutis",,1708,Male,,
12806293,"Lėckas, Rimantas",,1649,Male,,
12872741,"Kuginys, Egidijus",,1576,Male,,
12806269,"Gabrėnas, Jonas",,1518,Male,,
12859095,"Gražinys, Simonas",,1480,Male,,
12869767,"Murauskas, Vilmantas",,1447,Male,,
12859079,"Bėliakas, Gabrielius",,1437,Male,,
12837954,"Šarkūnas, Bronius",,1390,Male,,
12846627,"Pečiukevičiūtė, Gytė",,1389,Female,,
12869759,"Džiulna, Arvydas",,1341,Male,,
12859125,"Lapienytė, Miglė",,1277,Female,,
12859087,"Braškys, Matėjus",,1269,Male,,
12859133,"Pipiraitė, Sibilė",,1137,Female,,
12872776,"Siniakas, Gabrielius",,1067,Male,,
12872750,"Kvedaraitė, Luknė",,1005,Female,,
12872814,"Barkauskas, Toras",,0,Male,,
12872822,"Bėliakaitė, Saulė",,0,Female,,
34402349,"Доронин, Иван Александрович",1542,,Male,,
34592482,"ARSLAN, EVREN",,,Male,1368,
447013133,"Kabatov, Burkut",,,Male,1471,
557016143,"Alzhanov, Miras",,,Male,0,
447036605,"Burumbayev, Mukhamedali",,,Male,0,
447080035,"Daniyaruly, Dinmukhammed",,,Male,0,
447014482,"Ermanov, Timur",,,Male,0,
557012466,"Gafurova, Emiliya",,,Male,0,
447052457,"Omirzak, Aldiyar",,,Male,0,
557002363,"Seitzhan, Alkhan",,,Male,0,
447020296,"Seksenbayev, Alan",,,Male,0,
447079495,"Temirkhanov, Adilkhan",,,Male,0,
447081899,"Tilegen, Zhantore",,,Male,0,
447051396,"Zhanbulat, Bekmukhamed",,,Male,0,
447069872,"Zhumagaliyev, Arystan",,,Male,0,
79311008,"Kubanović, Vilka",,1519,Male,,
79342779,"Jezidžić, Ivan",,0,Male,,
79303021,"Kire, Eva",,0,Male,,
79331076,"Kubanović, Ruta",,0,Male,,
14586045,"Milić, Martin",,0,Male,,
79331106,"Šafar, Nea",,0,Male,,
79315127,"Holiga, Benjamin",,1720,Male,,
79336566,"Juroš, Josip",,1633,Male,,
79303447,"Puhalo, Damir",,1628,Male,1628,
79333389,"Radovečki, Dominik",,1545,Male,,
79327702,"Badovinac Dimitrijević, Aleksej",,0,Male,,
79343295,"Čičak, Andrej",,0,Male,,
79341390,"Čičko, Luka",,0,Male,,
79341381,"Čičko, Marko",,0,Male,,
79323790,"Kožuh, Sunčica",,0,Male,,
79327125,"Kubanović, Stipan",,0,Male,,
79339735,"Lugomer, Lovro",,0,Male,,
79331092,"Mikek, Lovro",,0,Male,,
79328032,"Mikek, Mateo",,0,Male,,
79334458,"Pongrašić, Josip",,0,Male,,
79338500,"Pongrašić, Matija",,0,Male,,
79343651,"Vanjek, Mihael",,0,Male,,
79326730,"Vrkić, Lukas",,0,Male,,
4129199,"Grachev, Boris",,2501,Male,,GM
13764594,"Smirnov, Mark",,2249,Male,,IM
163910,"Franco, Milton",,,Male,1761,
167380,"Paz, Fernando Roberto",,,Male,1715,
104736,"Baca, Jorge",,,Male,1629,
131733,"D Angiola, Mario",,,Male,1586,
154830,"Peloso, Gustavo",,,Male,1516,
182605,"Federico, Daniel",,,Male,1511,
20049943,"Bueres, Agustin",,,Male,0,
20053274,"Gauna, Victor",,,Male,0,
20018240,"Moreira Maggio, Fabrizio",,,Male,0,
3028992,"Moron, Alex",,,Male,1537,
36790273,"Astineh, Sam",1656,,Male,1892,
525038990,"ÇETİNKAYA, METİN",,,Male,1346,
13739980,"Mamedov, Edgar",,2446,Male,,GM
525010239,"ÖZDEMİR, HAŞİM",,,Male,1288,
13302337,"Simonian, Hrair",,2281,Male,,GM
13737910,"Shonazarov, Orash",,2281,Male,,FM
13730169,"Kaliakhmet, Elnaz",,2258,Male,,WIM
13749692,"Tleukhanov, Yerlan",,2234,Male,,FM
13730860,"Tulendinov, Dinmukhammed",,2225,Male,,FM
13728873,"Assylov, Miras",,2218,Male,,FM
4184300,"Khantuev, Alexander",,2201,Male,,FM
13750186,"Kabinazar, Nurmukhammed",,2144,Male,,
13772538,"Syzdyk, Samir",,2140,Male,,CM
13742418,"Dosmukhambetov, Arystan",,2079,Male,,
13752472,"Altynbek, Aiaru",,2059,Male,,WFM
13762672,"Bakytbek, Dastan",,1848,Male,,
13741675,"Seilbay, Timur",,1809,Male,,
447094168,"Aliaskarov, Dikhan",,1756,Male,,
13734156,"Galiev, Ilias",,1756,Male,,
447004738,"Mokroussov, Alan",,1725,Male,,
22020578,"houston pinto,",,0,Male,,
13731629,"Kanabatyrov, Temirlan",,1698,Male,,
447006650,"Elshatov, Tamirlan",,1690,Male,,
557010781,"Kim, Vladimir K",,1663,Male,,
13794299,"Khanat, Yerdaulet",,1648,Male,,
13749226,"Adilzhanuly, Nurasyl",,1642,Male,,
13723472,"Zhubayev, Daniyar",,1638,Male,,
13794116,"Bekbatyrov, Daniyar",,1637,Male,,
447046325,"Abilbek, Azamat",,1611,Male,,
447080833,"Abdullayev, Beibyt",,1585,Male,,
13772473,"Li, Maxim",,1571,Male,,
447062754,"Zhumabayev, Khalid",,1563,Male,,
447018364,"She, Nurdaulet",,1503,Male,,
447053674,"Zhumatai, Azamat",,1474,Male,,
447035250,"Bayandin, Kairat",,1435,Male,,
557001839,"Askarkyzy, Nuray",,1416,Male,,
447068078,"Merkenbayev, Ulan",,0,Male,,
557004528,"Orynbasarova, Daniya",,0,Male,,
447084430,"Zhaksylyk, Daniyar",,0,Male,,
557012547,"Zhaksylyk, Ibrakhim",,0,Male,,
447062720,"Zhanmailov, Yerzhan",,0,Male,,
12846279,"Mikolavicius, Julius",,2321,Male,,
12805394,"Tamosaitis, Rimas",,2314,Male,,
12802867,"Dijokas, Linas",,2272,Male,,
12818879,"Norkeliunas, Matas",,2254,Male,,
12804940,"Adomaitis, Edgaras",,2086,Male,,
12849251,"Pazarauskas, Sarunas",,1920,Male,,
12805360,"Setikiene, Grazina",,1849,Male,,
12856568,"Merniajev, Anatolijus",,1822,Male,,
12841250,"Zymantas, Ignas",,1808,Male,,
12812390,"Plaipa, Antanas",,1801,Male,,
12873748,"Pakenis, Robertas",,1750,Male,,
12855073,"Puzaras, Kristijonas",,1722,Male,,
12862800,"Cepulyte, Vakare",,1669,Male,,
12851930,"Kaplunaite, Jore",,1626,Male,,
12863661,"Smagurauskas, Benas",,1576,Male,,
12855081,"Kaplunas, Andajus",,1521,Male,,
12853968,"Kaplunas, Ilja",,1503,Male,,
12866318,"Buzys, Dainius",,1447,Male,,
144452004,"Solarte Daza, Emmanuel",,,Male,1400,
13701100,"Askarov, Bakhtiyar",,2265,Male,,IM
13728911,"Sapenov, Daniyal",,2404,Male,,IM
14700727,"Khusenkhojaev, Mustafokhuja",,2299,Male,,IM
24113433,"Nozdrachev, Leonid",,2192,Male,,IM
13743694,"Talgatov, Nazar",,2254,Male,,FM
13700103,"Noskov, Anatoliy",,2252,Male,,
14701979,"Kodiri, Pairavi",,2167,Male,,
13740598,"Kaliakhmet, Elsultan",,1948,Male,,
13792105,"Bolashakov, Nurali",,2097,Male,,CM
13741632,"Daulet, Alikhan",,2165,Male,,CM
13744461,"Tursunali, Bekarys",,2144,Male,,
13731963,"Dumanuly, Sultanbeibarys",,2102,Male,,FM
13702297,"Primbetov, Kazbek",,2101,Male,,FM
13743830,"Yessengali, Adizhan",,2091,Male,,
14703130,"Makhmudova, Nozanin",,1762,Male,,
13701401,"Primbetov, Marat",,2028,Male,,IM
13792873,"Zharas, Aldiyar",,2007,Male,,CM
13750208,"Kazhmuratov, Altair",,2000,Male,,
13704150,"Zharokov, Kaissar",,1951,Male,,
13701002,"Zhunusov, Murat",,1925,Male,,IM
447008253,"Yelibay, Alikhan",,1907,Male,,
13712438,"Kim, Kristina",,1902,Male,,WCM
447036370,"Bushuyev, Artur",,1901,Male,,
13783327,"Sailau, Bekarys",,1889,Male,,
13720422,"Karimov, Shokhan",,1863,Male,,
13790641,"Nazarbek, Alikhan",,1844,Male,,
13785680,"Klyshbaev, Meyirbek",,1839,Male,,
557007136,"Myrzakhanuly, Zhanbolat",,1833,Male,,
13709542,"Khamit, Daulet",,1819,Male,,
447018739,"Sisemalin, Sanzhar",,1706,Male,,
13797905,"Bagdad, Imran",,1791,Male,,
557021023,"Popov, Tikhon",,1781,Male,,
13743570,"Omirserik, Alima",,1778,Female,,
13780140,"Mukhametkan, Magzhan",,1776,Male,,
13750160,"Ibragimov, Amir",,1644,Male,,
13703714,"Rozhkov, Maxim",,1753,Male,,
447025603,"Amanzholuly, Madi",,1747,Male,,
13755102,"Nauryzgaliyev, Aman",,1729,Male,,
24119067,"Kharinov, Konstantin",,1715,Male,,
447034700,"Genyultash, Mustafa Kadri",,1709,Male,,
3031942,"Porteiro, Juana",,,Male,1403,
13704141,"Solomatin, Sergey",,1695,Male,,
447032090,"Uderbayev, Tamirlan",,1694,Male,,
447035609,"Burkitbayev, Aibar",,1686,Male,,
447099429,"Saken, Abubakir",,1563,Male,,
13708333,"Moskovtsev, Boris",,1552,Male,,
13750453,"Yeskermes, Abzal",,1485,Male,,
13775219,"Oralbayev, Dinmukhammed",,1473,Male,,
13794329,"Li, Vadim",,1471,Male,,
447038829,"Tulesh, Amal",,1410,Male,,
557014949,"Bakhytzhanov, Nurzhan",,0,Male,,
557010137,"Sukharev, Danil",,0,Male,,
13702467,"Utegaliyev, Azamat",,2445,Male,,
13764551,"Dzhumakanov, Kuanysh",,1937,Male,,
447026200,"Satekov, Danial",,1805,Male,,
13713019,"Alakhunov, Arsilan",,1694,Male,,
13732382,"Murzin, Marat",,1690,Male,,
34476989,"Mussaliev, Amir Ig",,1656,Male,,
13772449,"Khalik, Nurasyl",,1651,Male,,
447032014,"Nyssanbek, Madina",,1636,Female,,
447032383,"Kim, Andrey",,1625,Male,,
13778439,"Peruni, Rustam",,1615,Male,,
447013702,"Kumar, Bakdaulet",,1580,Male,,
13706667,"Zharokov, Biket",,1579,Male,,
13734547,"Oplanchuk, Erika",,1577,Male,,
557010323,"Maratov, Dilshat",,1549,Male,,
13783564,"Ualitkhanov, Murat",,1549,Male,,
13779389,"Bazarbayev, Tolendy",,1535,Male,,
13755099,"Kuzerbayev, Yeldos",,1535,Male,,
447002484,"Alibayeva, Maigul",,1521,Female,,
557020817,"Zhantemir, Magym",,1517,Male,,
447061545,"Ismagulova, Malika",,1508,Female,,
447024119,"Ivanayeva, Ameli",,1490,Female,,
13733737,"Zhukushev, Bakytzhan",,1483,Male,,
13711016,"Korobkin, Denis",,1481,Male,,
447028149,"Denisov, Temirlan",,1465,Male,,
557008922,"Shavrin, Nikita",,1462,Male,,
13711024,"Abdrammanova, Aslima",,1454,Female,,
557000239,"Dvornikov, Vladimir",,1451,Male,,
13708970,"Isakov, Anatoli",,1446,Male,,
13766546,"Shabalin, Aleksandr",,1443,Male,,
557007810,"Li, Igor",,1435,Male,,
13704192,"Zhukovskaya, Nina",,1416,Female,,
13704362,"Gorokhova, Natalya",,1411,Female,,
557000700,"Zhusypbek, Nazym",,1403,Female,,
557015520,"Adilbekova, Aisha",,0,Male,,
447061146,"Amonboyev, Nasibjon",,0,Male,,
447083360,"Baimolda, Altyn",,0,Female,,
557020795,"Beisebay, Rauan",,0,Male,,
13763164,"Brankulov, Khapas",,0,Male,,
557021503,"Bulat, Mansur",,0,Male,,
447001453,"Cherkasov, David",,0,Male,,
557007780,"Esimova, Aruzhan",,0,Female,,
447082100,"Isin, Arkat",,0,Male,,
447072083,"Osmanov, Nadir",,0,Male,,
447098554,"Pak, Amir",,0,Male,,
3672603,"Felix Merizalde, Isaac Lucas",,,Male,0,
144443854,"Navia Duque, Valentina",,,Male,1480,
144457693,"Rodriguez Pabon, Rafael",,,Male,1442,
144451083,"Gonzalez Martinez, Aitor",,,Male,1500,
144449895,"Alonso Ruiz, Ian Alejandro",,,Male,1477,
144446900,"Navarro Espana, Jacobo",,,Male,1443,
144434057,"Villada Ocampo, Emily Taliana",,,Male,1442,
144435304,"Brinez Moreno, Christopher",,,Male,1426,
144437358,"Coronel Trujillo, Andres Julian",,,Male,1400,
144417292,"Cuartas Ramirez, Matias",,,Male,1400,
144474903,"Gil Lopez, Antonella",,,Male,1400,
144457715,"Morales Silva, Erik Santiago",,,Male,1400,
144457430,"Rodriguez Florez, Maria Salome",,,Male,1400,
144468490,"Rojas Bejarano, Jeronimo",,,Male,1400,
144457189,"Torres Diago, Joaquín",,,Male,1400,
4497163,"Cortes Espana, Diego Alejandro",,,Male,1743,
144437897,"Paredes Alvarez, Salome",,,Male,1637,
144417209,"Archbold Velez, Allan",,,Male,1608,
4496809,"Marin Torres, Emmanuel",,,Male,1400,
144405782,"Silva Alvarez, Matias",,,Male,1867,
144400691,"Cruz Azcarate, Juan Manuel",,,Male,1575,
4473850,"Hernandez Aguilar, Elian Manuel",,,Male,1521,
144457642,"Garcia Ramirez, Johan Fabrizio",,,Male,1570,
144428391,"Villegas Aragon, Valentina",,,Male,1500,
144428529,"Lopez Cifuentes, Gabriel",,,Male,1440,
45074267,"Antony, Nelson V",,,Male,1431,
22531556,"Noorafkan, Siavash",,,Male,1689,
32703180,"Manami, Ebrahim",,,Male,1514,
428077237,"Dehghan, Yadollah",,,Male,0,
562034154,"Khatibzadehdavani, Yosef",,,Male,0,
42542960,"Shirini, Reza",,,Male,0,
13707809,"Vikhrenko, Konstantin",,1916,Male,,
13749668,"Galimzhanov, Rashid",,1744,Male,,
13774468,"Negmetzhanov, Zhanibek",,1697,Male,,
447065834,"Bakbergenov, Kopzhasar",,1665,Male,,
13714910,"Gabasova, Aisulu",,1663,Female,,
557006261,"Imanbayev, Kuanysh",,1641,Male,,
13714899,"Rakishev, Bulat",,1572,Male,,
447026944,"Otegenov, Amangeldy",,1527,Male,,
447052252,"Akhmetov, Amantai",,1468,Male,,
447070986,"Mamanov, Birzhan",,1468,Male,,
557014515,"Aitim, Zhenis",,0,Male,,
13769642,"Dyachenko, Vladimir",,0,Male,,
447063173,"Kazhikenov, Abylai",,0,Male,,
13731220,"Sultanbek, Beibars",,,Male,2059,
13712950,"Madiyev, Adilbek",,,Male,1706,
13735195,"Koyshibayev, Kabimalik",,1564,Male,,
557015384,"Kaken, Amir",,,Male,1633,
447034025,"Assylbekov, Dauren",,,Male,1631,
13713370,"Purgin, Viktor",,1561,Male,,
13772465,"Li, Alexander",,,Male,1552,
447013915,"Baigutdinov, Mars",,,Male,1540,
447016345,"Kim, Leyla",,1521,Female,,
557000751,"Seitkazin, Bakytzhan",,,Male,0,
429047854,"Tejas, Kharkwal",,1472,Male,,
33452270,"Saksham, Bhagat",,,Male,0,
531020151,"Divyansh, Tyagi",,,Male,1494,
429027543,"Rishika, Rohilla",,,Male,1428,
558022953,"Advait, Prakash",,,Male,0,
531011055,"Hitesh, Dagar*",,,Male,0,
5045649,"Kumar, Gaurav",,2038,Male,,
33332690,"Akash*,",,,Male,1601,
46678875,"Prakriti, Shrivatsav",,,Male,1552,
547048204,"Reyaansh, Gupta",,,Male,1499,
564031314,"Kashyap, Yashvant",,,Male,1495,
25982311,"Ajay, Kumar",,,Male,1494,
33378088,"Pranav Sharma,",,1679,Male,,
33477965,"Sunita, Shukla*",,,Male,1440,
564018512,"Abhishek, Srivastava",,,Male,0,
537083830,"Aditya, Tomar",,,Male,0,
88144747,"Amit, Gupta",,,Male,0,
3035840,"Caballero, Andres",,,Male,0,
3028771,"Loro Piana, Felipe",,,Male,0,
3035174,"Riera, Gennaro",,,Male,0,
547040297,"Damodar, Rawat*",,,Male,0,
374101097,"Rath, Prasan Deep",,,Male,0,
547017848,"Trivendra, Kumar Sharma",,,Male,0,
537025007,"Yashoda, Kumavat*",,,Male,0,
14991144,"Dzurny, Matej",,,Male,1664,
14986604,"Simonov, Timotej",,,Male,1654,
14991527,"Olejnik, Frederik",,,Male,1646,
549003879,"Druzbacky, Filip",,,Male,1604,
14981521,"Karol, Timur",,,Male,1601,
14995239,"Weagova, Violet",,,Male,1598,
14967138,"Macaj, Stanislav",,,Male,1536,
14991268,"Macajova, Melania",,,Male,1488,
14995956,"Zacok, Jakub",,,Male,1487,
14999013,"Vojcik, Filip",,,Male,1461,
14998696,"Kovalova, Karin",,,Male,1447,
14991390,"Vengrin, Leo",,,Male,1400,
14988674,"Smigel, Michal",,,Male,1230,
14985802,"Selvek, Damian",,,Male,1207,
14991381,"Vengrin, Filip",,,Male,1165,
14995697,"Bezila, Peter",,,Male,1128,
14996723,"Gres, Denis",,,Male,1128,
14976900,"Sefcik, Oto",,,Male,1103,
14995824,"Baranova, Alexandra",,,Male,1076,
14977087,"Orlovsky, Matej",,,Male,1060,
14983044,"Halcinova, Eliska",,,Male,1048,
14986787,"Badzik, Martin",,,Male,1000,
549000357,"Blanarova, Anna",,,Male,1000,
14995530,"Bujnovsky, Filip",,,Male,1000,
14992019,"Cmar, Simon",,,Male,1000,
14999960,"Gallik, Anton",,,Male,1000,
549001019,"Gmuca, Jakub",,,Male,1000,
549001027,"Gmuca, Samuel Lucas",,,Male,1000,
14999706,"Guzik, Teo",,,Male,1000,
14999986,"Hagara, Matej",,,Male,1000,
549004115,"Kaleta, Felix",,,Male,1000,
549000020,"Koscak, Martin",,,Male,1000,
549004158,"Koval, Patrik",,,Male,1000,
549002929,"Lesnicky, Matus",,,Male,1000,
14986884,"Markotan, Bruno",,,Male,1000,
14991128,"Mydlar, Lukas",,,Male,1000,
549001639,"Novotny, Adrian",,,Male,1000,
14986590,"Oravec, Samuel",,,Male,1000,
549002945,"Pecarka, Juraj",,,Male,1000,
549005510,"Repka, Jakub",,,Male,1000,
549005910,"Repka, Matej",,,Male,1000,
549005529,"Repkova, Melania",,,Male,1000,
14987384,"Rybovicova, Viktoria",,,Male,1000,
549004239,"Thyri, Filip Jozef",,,Male,1000,
549004220,"Thyriova, Zara Vivien",,,Male,1000,
14986957,"Zigova, Maria",,,Male,1000,
549002953,"Zilka, Filip",,,Male,1000,
14991322,"Zmijovska, Andrea",,,Male,1000,
14991586,"Sekerak, Filip",,,Male,1749,
14987929,"Kulka, Tomas",,,Male,1737,
14995719,"Leskovjansky, Jakub",,,Male,1734,
14999730,"Mulik, Daniel",,,Male,1722,
14986612,"Simonov, Tobias",,,Male,1658,
14964341,"Komara, Kristian",,,Male,1505,
14974142,"Selvekova, Stanislava",,,Male,1487,
14977990,"Vidova, Miriam",,,Male,1381,
14967111,"Halcinova, Alena",,,Male,1268,
14976323,"Orlovsky, Michal",,,Male,1000,
44786417,Benjamin Maia Fernandes ME,,1801,Male,,
44738498,Esdras Jefone De Amorim Dias,,1567,Male,,
538038030,Joao Paulo Freire Freitas,,1552,Male,,
44775130,Luigi Miguel Araujo De Oliveira,,1540,Male,,
44779321,Renata Sophia Santos Velloso,,0,Female,,
538056720,Alex Junior De Souza Dias Filho,,0,Male,,
538056747,Ikaro Marcilio Alves Dos Anjos,,0,Male,,
538056780,Samuel Davi Da Silva Lira,,0,Male,,
538079100,Emmanuel Ferreira Barbos De Melo,,0,Male,,
538056682,Ednaldo Davi C De Oliveira,,0,Male,,
538038013,Luis Felype Maia Faustino,,0,Male,,
538056763,Davi Luiz Justino Juliao,,0,Male,,
538038048,Nahuan De Freitas Goncalo,,0,Male,,
538056607,Lavinia Albuquerque Costa,,0,Female,,
538030420,Marcelo Rodrigues N Dantas Filho,,0,Male,,
44793367,Henry Teixeira De Lima,,0,Male,,
538022575,Fellipe Gabriel Rodrigues Albino,,0,Male,,
538056739,Thiago Henrique M Do Rego,,0,Male,,
538045613,Gabriel Ramalho Elias,,0,Male,,
9225727,"Jovanovic, Todor",,1777,Male,,
9238284,"Hajdukovic, Danilo",,1773,Male,,
9236672,"Savanovic, Dusan",,1474,Male,,
9249839,"Vukobrat, Dimitrije",,1632,Male,,
9214253,"Babic, Stefan Z",,1588,Male,,
9232952,"Vortic, Tara",,1573,Male,,
9214326,"Miletic, Milan J",,1572,Male,,
14598310,"Popovic, Masa",,1571,Male,,
9231719,"Cizik, Andrej",,1556,Male,,
14598302,"Dokmanovic, Anja",,1529,Male,,
9222361,"Klipa, Petar",,1512,Male,,
9225700,"Tesic, Dusan",,1505,Male,,
9235188,"Boroja, Iva",,1488,Male,,
9222752,"Simicic, Luka",,1486,Male,,
9229331,"Ecimovic, Jaksa",,1480,Male,,
9254603,"Petrovic, Dusan A",,1474,Male,,
79300537,"Cvetkovic, Angelina",,1464,Male,,
9248816,"Jankovic, Snezana",,1431,Male,,
9261073,"Bibin, Ognjen",,1407,Male,,
9225743,"Petrovic, Stefan N",,1407,Male,,
9261618,"Cvetkovic, Nemanja D",,0,Male,,
9257777,"Gogic, Mihajlo",,0,Male,,
79340067,"Klajic, Lana",,0,Male,,
9252937,"Krajnovic, Momcilo",,0,Male,,
9260735,"Ristovski, Branislav D",,1442,Male,,
9261006,"Stevanovic, Nikolina",,0,Male,,
9237032,"Zivkovic, David",,0,Male,,
22799311,Eli Artur Karl De Lima NM,,2057,Male,,
44738528,Heitor Augustu Guedes Gomes ME,,1942,Male,,
538027747,Felipe Santos De Oliveira Flor,,1911,Male,,
538034182,Rodrigo Oliveira Cavalcante ME,,1805,Male,,
538011476,Matheus Klebson Santos Araujo,,1626,Male,,
538046750,Julia Pamplona,,1588,Female,,
538056852,Sara Mariana Gomes,,0,Female,,
24110639,"Слупский, Сергей Николаевич",,2035,Male,,
55762409,"Жовнер, Кирилл Игоревич",,1854,Male,,
24259705,"Титаренко, Андрей Александрович",,1829,Male,,
34308660,"Андрощук, Егор",,1822,Male,,
9944915,"Ikram, M S F M",,0,Male,,
34157538,"Федоров, Михаил",,1674,Male,,
34358218,"Михайлов, Сергей Станиславович",,1608,Male,,
55827373,"Перминов, Павел Анатольевич",,1607,Male,,
34476539,"Хабуби, Адам Халедович",,1571,Male,,
522008551,"Гаврилов, Антон Андреевич",,1546,Male,,
24128350,"Елизарова, Таисия",,1543,Male,,
4199090,"Пеньков, Алексей Иосифович",,1507,Male,,
540001423,"Шатилов, Виталий Сергеевич",,1491,Male,,
55647952,"Швецов, Матвей",,1394,Male,,
55821871,"Бажин, Федот Александрович",,1282,Male,,
24160350,"Сладков, Андрей Федорович",,1213,Male,,
29647975,"Zuniga Frajillo, Santiago Eduardo",,1585,Male,,
29647924,"Hernandez Navarrete, Jose Fernando",,1578,Male,,
29630614,"De La Rosa Rodriguez, Emiliano",,1574,Male,,
29673658,"Mares Meza, Gabriel Sebastian",,1504,Male,,
29673755,"Rodriguez Rios, Mariana Lizbeth",,1434,Male,,
34264183,"Лисенков, Святослав Олегович",,2354,Male,,
54145481,"Чертков, Максим Александрович",,2280,Male,,
34473807,"Дедков, Роман Олегович",,2090,Male,,
55727174,"Русских, Олег Николаевич",,2195,Male,,
24279714,"Чумак, Арсений Владимирович",,2027,Male,,
55714501,"Приходько, Дмитрий Константинович",,2030,Male,,
34471782,"Образцова, Елизавета",,1890,Female,,
55687865,"Осипчук, Артем Витальевич",,1912,Male,,
34430245,"Баберцян, Левон",,1864,Male,,
55672922,"Логвинов, Тимофей Иванович",,1807,Male,,
24276103,"Кусакина, Ульяна Максимовна",,1877,Female,,
55727182,"Русских, Прохор",,1836,Male,,
522022902,"Сашин, Иван Дмитриевич",,1867,Male,,
55672892,"Клюева, Татьяна Игоревна",,1813,Female,,
55652271,"Голофаст, Ульяна Александровна",,1839,Female,,
522028943,"Тимофеев, Вадим Кириллович",,1760,Male,,
55715648,"Зарочинцев, Илья Алексеевич",,1690,Male,,
55762468,"Ченцов, Матвей Александрович",,1724,Male,,
55747426,"Курзинов, Александр Павлович",,1711,Male,,
55824277,"Османов, Илья Тимурович",,1699,Male,,
55747922,"Клементьев, Кирилл Вадимович",,1591,Male,,
55669174,"Маклаков, Сергей Денисович",,1637,Male,,
522059920,"Лаврентьев, Егор Евгеньевич",,1607,Male,,
55886965,"Марачёв, Александр Андреевич",,1594,Male,,
522099573,"Бондарев, Фёдор Александрович",,1570,Male,,
55834078,"Ящук, Дмитрий Сергеевич",,1545,Male,,
540024121,"Шаповалов, Михаил Антонович",,1548,Male,,
522027564,"Гаврилов, Дмитрий Денисович",,1551,Male,,
522069038,"Сафонов, Илья Евгеньевич",,1577,Male,,
55880770,"Ермилов, Максимилиан",,1574,Male,,
55651550,"Долотова, Ксения Романовна",,1623,Female,,
540083942,"Петрушин, Алексей Павлович",,1531,Male,,
55896022,"Шнарбаев, Артур Алибекович",,1454,Male,,
55844065,"Веселов, Богдан Сергеевич",,1521,Male,,
55850731,"Трифонов, Кирилл Григорьевич",,0,Male,,
522045171,"Чемезов, Михаил Игоревич",,0,Male,,
522068538,"Барчуков, Федор Павлович",,1479,Male,,
570005761,"Забавин, Иван Андреевич",,1578,Male,,
522002111,"Ерохин, Антон Андреевич",,1430,Male,,
540061990,"Самохин, Иван Сергеевич",,1507,Male,,
55700292,"Елин, Илья Леонидович",,1463,Male,,
55898440,"Шаблахова, Мирослава Денисовна",,1502,Female,,
540096874,"Волощенко, Роман Викторович",,1553,Male,1577,
522059989,"Шаповалов, Федор Михайлович",,1466,Male,,
55893945,"Храпач, Константин Эдуардович",,1457,Male,,
540093182,"Борзов, Максим Дмитриевич",,1414,Male,,
55717446,"Заставной, Филипп Сергеевич",,1517,Male,,
55784950,"Пантелеев, Леонид Павлович",,0,Male,1137,
55673473,"Будин, Всеволод Дмитриевич",,1452,Male,,
540070964,"Перин, Дмитрий Алексеевич",,0,Male,,
570005745,"Кудрявцев, Андрей Алексеевич",,1426,Male,,
522064850,"Сахно, Александр Евгеньевич",,1490,Male,,
55765106,"Белик, Юрий Андреевич",,1450,Male,,
540003663,"Букина, Мария Евгеньевна",,1482,Male,1504,
55651500,"Емельянов, Павел Сергеевич",,1537,Male,,
522027521,"Алимов, Кирилл Антонович",,0,Male,,
55670660,"Кусакин, Лазарь Максимович",,1444,Male,,
540067262,"Леушин, Степан Антонович",,1491,Male,,
570005753,"Плотников, Кирилл Андреевич",,1445,Male,,
55843913,"Шиповских, Артем Вячеславович",,0,Male,,
55656862,"Гаджиева, Меседа Магомедовна",,1407,Female,,
6351921,"Saraci, Nderim",,2503,Male,,IM
22100300,"Asllani, Muhamet",,2333,Male,,FM
14401762,"Suljovic, Sulejman",,2232,Male,,FM
935476,"Salihu, Sami",,2155,Male,,
915998,"Sadiku, Bedri",,2105,Male,,IM
15000664,"Kralevski, Aleksander",,2105,Male,,FM
15001997,"Sadiki, Nedzmedin",,2053,Male,,
934615,"Djakovac, Enes",,2016,Male,,
15006352,"Osmani, Faredin",,1955,Male,,
15003922,"Surlovski, Dushko",,1947,Male,,
15004759,"Aslani, Emrush",,1945,Male,,
15002934,"Imeri, Nazmidin",,1929,Male,,
15001580,"Dema, Ramiz",,1923,Male,,
15009351,"Xheladini, Valton",,1917,Male,,
15004970,"Bayrami, Uzeir",,1883,Male,,
15001644,"Gjorgjevski, Janco",,1883,Male,,
15008916,"Sulejmani, Bekim",,1875,Male,,
15007987,"Shabani, Agron",,1859,Male,,
22108629,"Musliu, Defrim",,1856,Male,,
15009270,"Osmani, Sejfullah",,1851,Male,,
15008118,"Rakipi, Shaban",,1851,Male,,
15007219,"Shakirovski, Fazli",,1850,Male,,
15009254,"Ismaili, Asip",,1844,Male,,
15008096,"Jashari, Lirim",,1830,Male,,
15010627,"Osmani, Nimetulla",,1828,Male,,
15005550,"Shakiri, Zejnulla",,1819,Male,,
15005038,"Shabani, Ibraim",,1815,Male,,
15006026,"Zenuni, Salim",,1808,Male,,
22103465,"Ibishi, Kamber",,1796,Male,,
15008134,"Zeqiri, Isa",,1788,Male,,
15002713,"Ajrula, Adnan",,1783,Male,,
15022340,"Mustafa, Baki",,1773,Male,,
15012506,"Ahmeti, Besnik",,1772,Male,,
15007510,"Zendeli, Selver",,1762,Male,,
15012565,"Mahmuti, Aziz",,1738,Male,,
15018270,"Osmani, Agron",,1716,Male,,
15013650,"Nakevski, Boris",,1715,Male,,
15021041,"Ivanovski, Ivica",,1692,Male,,
15012824,"Voca, Enis",,1642,Male,,
15021025,"Nakovski, Blagoja",,1633,Male,,
15013685,"Ramadani, Hajdar",,1629,Male,,
15008088,"Imeri, Adnan",,1626,Male,,
15020657,"Latifi, Mevlan",,1623,Male,,
15017117,"Nakevski, Todor",,1610,Male,,
15022200,"Aliji, Blend",,0,Male,,
988855,"Kasumi, Isuf",,1954,Male,,
906581,"Asani, Adem",,1921,Male,,
939609,"Alishani, Ibrahim",,1992,Male,,
9252880,"Aleksic, Nikola",,1622,Male,,
9239647,"Vukotic, Viktor",,1616,Male,,
9261111,"Grmusa, Marko",,1566,Male,,
9263106,"Popovic, Lazar",,1558,Male,,
9248930,"Sevo, Aleksandra",,1558,Male,,
9225689,"Sirovljevic, Sava",,1557,Male,,
9248786,"Djurdjevic, Rajko",,1553,Male,,
9244217,"Major, Aleksa",,1533,Male,,
9248875,"Pavic, Mitar",,1533,Male,,
9243652,"Satara, Dusan",,1523,Male,,
9250764,"Markovic, Lav",,1489,Male,,
9249650,"Cvjeticanin, Kosta",,1482,Male,,
9242303,"Zhivotova, Maiia",,1454,Male,,
9246317,"Vujcin, Jovan",,1439,Male,,
9260867,"Broceta, Mihajlo",,0,Male,,
9261553,"Cizikova, Martina",,0,Male,,
9261081,"Corokalo, Momcilo",,0,Male,,
9238349,"Crepic, Vuk",,0,Male,,
79309798,"Djurackovic, Anisija",,0,Male,,
9241803,"Drobnjakovic, Nadja",,0,Male,,
9257785,"Gogic, Sofija J",,0,Male,,
9261103,"Grbic, Zoja",,0,Male,,
9248808,"Jankovic, Dimitrije",,0,Male,,
9264080,"Jeftenic, Lazar",,0,Male,,
9262975,"Jelic, Nikola",,0,Male,,
9253780,"Kapor, Dusan",,0,Male,,
9260905,"Kaurin, Petar",,0,Male,,
9246660,"Lanistanin, Jaksa",,0,Male,,
9248832,"Letic, Bogdan",,0,Male,,
9262916,"Milosev, Gvozden",,0,Male,,
9254590,"Novak, Danilo",,0,Male,,
9262983,"Omeljcuk, Pavel",,0,Male,,
9248891,"Petrov, Teodora",,0,Male,,
9256860,"Petrovic, Ognjen B",,0,Male,,
9253119,"Popov, Elena",,0,Male,,
9261197,"Rajkovic, Despot",,0,Male,,
9261219,"Rapajic, Veljko",,0,Male,,
9260948,"Ridjicki, Mihajlo",,0,Male,,
9260964,"Samolovac, Mila",,0,Male,,
9248921,"Satara, Dunja",,0,Male,,
9260980,"Simic, Jana",,0,Male,,
9261600,"Stojkovic, Konstantin",,0,Male,,
9253054,"Torbica, Aleksa",,0,Male,,
9241870,"Vujic, Viktor A",,0,Male,,
5207363,"Habla, Jony",,,Male,2191,FM
55872514,"Татарицкий, Иван Сергеевич",,1440,Male,,
3903656,"Chacin Garcia, German Atilano",2074,,Male,,
3923320,"Gonzalez Sanchez, Jhoan Gabriel",1986,,Male,,
3980405,"Vivenes Paredes, Ricardo Jesus",1954,,Male,,
3920801,"Arandia La Rosa, Eduardo Jose",1944,,Male,,
3911519,"Guzman, Romero Miguel Angel",1922,,Male,,
3905691,"Goncalves Moreno, Magly Del Valle",1866,,Male,,
3923975,"Banega, Jose Gregorio",1862,,Male,,
3981533,"Cabrera Hernandez, Enrique Gabriel",1850,,Male,,
23927399,"Gomez Palomo, Joseph David",1846,,Male,,
3928721,"Maita, Douglas Evit",1802,,Male,,
3937631,"Garcia Uricare, Luis Octavio",1728,,Male,,
3966291,"Fuentes Ortega, Oscar Ruben",1722,,Male,,
3953084,"Castaneda Quiames, Fabio Andres",1699,,Male,,
3938409,"Romero Vera, Jose Gregorio",1698,,Male,,
3999769,"Rodriguez Guevara, Andres Javier",1692,,Male,,
23910275,"Rodriguez Infantes, Oswaldo Rafael",1689,,Male,,
23924519,"Mundarain Robles, Hister Jose",1681,,Male,,
3953076,"Castaneda Quiames, Fabian Alejandro",1676,,Male,,
23913983,"Solano Morillo, Jhoan David",1671,,Male,,
3985164,"Navarro Garban, Andres Eduardo",1665,1710,Male,,
34249362,"Сосин, Борис",,1503,Male,,
3940560,"Gonzalez Rujano, Leonardo Jose",1637,,Male,,
23914068,"Cardenas Esteban, Jose Raul",1625,,Male,,
3929736,"Jimenez Rivero, Jose Angel",1616,,Male,,
23910364,"Hernandez Garcia, Elid Anibal",1598,,Male,,
23924497,"Marin Flores, Ricardo Josue",1598,,Male,,
23910380,"Ruiz Rodriguez, Ronaldo Jose",1582,,Male,,
3977994,"Villarroel Rondon, Sebastian Francisco",1576,,Male,,
3979350,"Sandoval Fernandez, Gabino Jose",1560,,Male,,
23927445,"Sanchez Lopez, Nadya Sophia",1535,,Male,,
23905158,"Silva Rodriguez, Mariana Valentina",1483,,Male,,
3999840,"Cohen Granadillo, Freddy David",1445,,Male,,
23928670,"Alfonzo Quijada, Ivana Laura",0,,Male,,
23927356,"Chong Hernandez, Cesar Alexander",0,,Male,,
3940551,"Gonzalez Gonzalez, Aldwin Jose",0,,Male,,
23938153,"LUNA VELASQUEZ, ALEJANDRO ANTONIO",0,,Male,,
23938145,"LUNA VELASQUEZ, FABRIZZIO RICARDO",0,,Male,,
23921811,"Rosales Talledo, Jacob Sebastian",0,,Male,,
3950352,"Villasana Espinoza, Jose",0,,Male,,
23927321,"Yepez Prado, Lisandro Emmanuel",0,,Male,,
170674,"Lopez Ortiz, Juan",,2138,Male,,
147532,"Maset, Antonio",,1875,Male,,
147460,"Antoniazzi, Maximiliano",,1873,Male,,
168653,"Dib, Nadir",,1856,Male,,
171026,"Hernandez, Edgardo Eliseo",,1736,Male,,
152196,"Vivas, Lionel",,1726,Male,,
20005032,"Ayala, Ricardo",,1692,Male,,
152170,"Sarla, Miyen",,1671,Male,,
20007256,"Leonardt, Eric",,1663,Male,,
20028962,"Re, Geronimo",,1637,Male,,
198005,"Oviedo, Juan Carlos",,1628,Male,,
199958,"Cabrera, Joel",,1605,Male,,
20068395,"Gulli, Ignacio",,1549,Male,,
20068794,"Rojas, Bautista",,1535,Male,,
20069197,"Lucena, Fabian",,1519,Male,,
20042477,"Capello, Felipe",,1514,Male,,
20052685,"Bono, Gael",,1507,Male,,
20034970,"Noriega, Maximiliano",,1412,Male,,
20071370,"Anselmi, Francisco",,0,Male,,
20072449,"Hang, Leonardo",,0,Male,,
20063814,"Leffa, Magnus",,0,Male,,
20008767,"Marani, Facundo",,0,Male,,
54103576,"Мельник, Алексей",,1772,Male,,
522084690,"Санаев, Иван Алексеевич",,1490,Male,,
540062368,"Беку, Павел Васильевич",,1607,Male,,
55734693,"Кокорев, Даниил Юрьевич",,0,Male,,
540062414,"Путенков, Денис Николаевич",,0,Male,,
9260891,"Jankovic, Simeon",,1569,Male,,
9258129,"Stojkovic, Gorana",,1433,Male,,
9250853,"Bilic, Marijana Dj",,1408,Male,,
9248760,"Babic, Milica Z",,0,Male,,
79329721,"Djurackovic, Tadej",,0,Male,,
9261243,"Grbic, Vuk",,0,Male,,
9242656,"Jovanovic, Relja M",,0,Male,,
9260921,"Milicev, Stefan",,0,Male,,
9262924,"Omeljcuk, Aleksandar",,0,Male,,
9252155,"Paunovic, Dimitrije",,0,Male,,
9248883,"Pavic, Stefan",,0,Male,,
9262940,"Pejcev, Kalina",,0,Male,,
9261260,"Perisic, Ognjen",,0,Male,,
9260999,"Simic, Jovan P",,0,Male,,
55735185,"Довгаль, Герман Дмитриевич",,1960,Male,,
54118751,"Муньос, Васкес Анхель",,1542,Male,,
34488847,"Сасин, Даниил",,1517,Male,,
34121355,"Носиков, Павел Николаевич",,1497,Male,,
4204166,"Kapagiannidis, Konstantinos",1683,1539,Male,,
34448446,"Михайлов, Тамерлан Алексеевич",,1267,Male,,
55701272,"Шидловский, Константин Игоревич",,1828,Male,,
34234055,"Шидловский, Игорь Евгеньевич",,1824,Male,,
522066578,"Сергеев, Владимир Николаевич",,1740,Male,,
522089411,"Сергеев, Михаил Николаевич",,1586,Male,,
55826415,"Буров, Илья Дмитриевич",,1507,Male,,
55870767,"Клетрова, Алиса Максимовна",,1484,Male,,
34430377,"Кузьменко, Олег Олегович",,1425,Male,,
177334,"Diaz, Martin Horacio",,,Male,1844,
131431,"Borello, German R.",,,Male,0,
20059914,"Rodriguez, Jose Luis",,,Male,0,
20040547,"Sosa, Jorge",,,Male,0,
4295226,"Mastoras, Ilias I.",1790,,Male,,
25898787,"Dallas, Nikolaos Alexandros",1779,,Male,,
42192862,"Kazakos, Panteleimon",1761,,Male,,
25861778,"El Champasi, Omar",1723,,Male,,
25849751,"Nikolaras, Konstantinos",1705,,Male,,
42158516,"Patsiotis, Konstantinos",1701,,Male,,
25896946,"Latifis, Panagiotis",1660,,Male,,
42192196,"Mylonas, Athanasios",1585,,Male,,
4250524,"Kilakos, Dimitrios",1563,,Male,,
42147379,"Osmani, Sokol",1521,,Male,,
541006887,"Papasotiriou, Markella",1485,,Male,,
25855280,"Kiloukiotis, Dimitrios",1482,,Male,,
4151950,"Makarov, Nikolai Val.",,,Male,2127,FM
24176826,"Navrodskiy, Boris",,,Male,2090,FM
34291903,"Gutsulyak, Nikolay",,,Male,1932,
30917883,"Gayatinea, Pete",,,Male,1842,
55738613,"Slashchev, Nikita",,,Male,1811,
6217680,"Liukasemsarn, Pakornnarong",,,Male,1790,
55720579,"Lisin, Maksim",,,Male,1726,
39976254,"Tschopp, Alexander Rinehard",,,Male,1708,
20040520,"Garduño, Paolo",1527,,Male,1527,
20068832,"Scafidi, Daniel",0,,Male,0,
9250926,"Momcilovic, Sergej",,0,Male,,
3997898,"Rodriguez Marquez, Alexandra Stefany Del Jesus",1529,1608,Male,,
23929901,"Avendano Reyes, Juan Pablo",0,1574,Male,,
23931760,"Cabello Figueroa, Joaquin Martines",0,1440,Male,,
42183375,"Cenaj, Oltian",1471,,Male,,
42192145,"Chanialidis, Angelos",0,,Male,,
14338882,"Simpson, Michael ThePatzerSlasher",,,Male,2232,IM
14346273,"Price, Daelen Rowan",,,Male,1931,
14351978,"Goliath, Brimarion The Undertaker",,,Male,1661,
14376814,"Dikobe, Goabaone Khumo",,,Male,1588,
14377322,"Sedumedi, Thato",,,Male,1386,
14377055,"Sehularo, Kganya",,,Male,1905,
14351960,"Difotso, Lebogang",,,Male,1808,
14339528,"Byliefeldt, Leroux",,,Male,1718,
14364840,"Changara, Adrian Tafara",,,Male,1596,
14366002,"Mostert, Gideon",,,Male,1572,
14377004,"Nkabinde, Lwazi",,,Male,1532,
14351897,"Sera, Galaletsang",,,Male,1527,
534010564,"Pedersen, Jeffrey-James",,,Male,1519,
14387557,"Badenhorst, Junaid",,,Male,1460,
14393751,"Van Wyk, Ruan",,,Male,1441,
14346613,"Tak, Rannveer",,,Male,1812,
14395789,"Mann, Iowan",,,Male,1772,
534003274,"Matima, Tshimologo",,,Male,1741,
14377241,"Changara, Alvis Tafadzwa",,,Male,1676,
14375826,"Changara, Alvern",,,Male,1628,
14398370,"Makhoana, Neo",,,Male,1582,
534000267,"Labuschagne, Edrich",,,Male,1551,
14398281,"Venter, Ruah",,,Male,1493,
14377250,"Gouws, Karah",,,Male,1477,
14394278,"Terblanche, Bernard",,,Male,1439,
14398400,"Talane, Kgosietsile Bok",,,Male,1712,
14371570,"Nkabinde, Nkazimulo",,,Male,1700,
14382733,"Goncalves, Emilio",,,Male,1612,
14371669,"Motau, Neelo",,,Male,1606,
14371499,"Bantseke, Lesedilamodimo",,,Male,1599,
534009540,"Labuschagne, Gian",,,Male,1554,
534007164,"Mann, Leane",,,Male,1531,
14371936,"Naidoo, Danika",,,Male,1494,
14394227,"Pilane, Maemo",,,Male,1491,
14371928,"Monare, Oreratile",,,Male,1467,
14396858,"Sprague, Chloe",,,Male,1416,
534013822,"Brumskine, Willow",,,Male,1404,
14396793,"Monamatha, Oreabetse",,,Male,1394,
534038361,"Toughey, Dylan",,,Male,1341,
534024115,"Rakubutu, Pabatso",,,Male,1705,
14396718,"Tak, Abeer",,,Male,1658,
14371545,"Labuschagne, Phillip",,,Male,1638,
534013881,"Mofokeng, Khotso",,,Male,1616,
14395495,"Kruger, Thinus",,,Male,1564,
14395460,"De Jager, Luado",,,Male,1555,
534013849,"Manyedi, Anaya",,,Male,1492,
14396688,"Pilane, Ogone",,,Male,1477,
534013903,"Weidemann, Kean",,,Male,1458,
534028579,"Molotsi, Orefile",,,Male,1318,
534013865,"Botes, Levi",,,Male,1727,
14396599,"Dikane, Leano",,,Male,1542,
534036946,"Pieters, Noah",,,Male,1377,
534036750,"Coetsee, Luca",,,Male,1288,
534037160,"Smit, Ansia",,,Male,1228,
534036920,"Motsuenyane, Phapaano",,,Male,1191,
534036857,"Kotsokoane, Reatlegile",,,Male,1139,
21300178,"Teeke, Naleli",,,Male,1642,
14387760,"Mojaki, Tshegofatso",,,Male,1561,
14348489,"Matshego, Thato",,,Male,1547,
14338750,"September, Mckenzie",,,Male,1546,
14388901,"Monamatha, Diteboho",,,Male,1514,
14372002,"Dikolomela, Tlhogi",,,Male,1512,
14329506,"Petlele, Motheo",,,Male,1499,
14376865,"Lekgabe, Olaotse Ipeleng",,,Male,1369,
564020185,"Mohammed, Faizan",,0,Male,,
14611716,"Grein, Bogomir",,1844,Male,,
14517370,"Berni, Alen",,1796,Male,,
14513803,"Garic, Mario",,1751,Male,,
14614138,"Feld, Slavko",,1610,Male,,
14327040,"Mhango, Banele",,,Male,2279,FM
14328682,"Teeke, Karabo",,,Male,1933,
14334798,"Mankga, Thabang",,,Male,1888,
14355019,"Motsuane, Lucky The Grater",,,Male,1856,
14330580,"Vorster, Stephanus",,,Male,1788,
14348950,"Tsitsi, Karabo",,,Male,1723,
14328615,"Mosweu, Moses",,,Male,1718,
14335085,"Difotso, Tshegofatso",,,Male,1703,
14377292,"Mojaki, Hlaudi",,,Male,1499,
14366576,"Motshegare, Neo",,,Male,1462,
14353261,"September, Lincohn Julian",,,Male,1518,
14376920,"Monamatha, Moeketsi",,,Male,1474,
14377705,"Labuschagne, Dawid Phillippus",,,Male,1447,
14376946,"Monare, Lekgila David",,,Male,1406,
14398060,"Felix, Antonysamy",,,Male,1336,
12508950,"Ajeli, Saeed",,1821,Male,,
12568503,"Fathali Pour, Behnam",,1809,Male,,
42744407,"Amini Sharif, Ali",,1808,Male,,
12522163,"Alivand, Mehran",,1797,Male,,
42536430,"Hecmatian, Majid",,1769,Male,,
22562214,"Koushiar, Mohamad Saeid",,1766,Male,,
36799939,"Lirabi, Mahmoud",,1680,Male,,
22562338,"Sorkhi, Saeid",,1628,Male,,
536036595,"Sharifi, Abas",,1505,Male,,
536035700,"Savari, Seyed Ali",,1421,Male,,
14676338,"Baškovec, Bria",,,Female,0,
14681854,"Erlah, Rahela",,,Male,0,
14679272,"Lampreht, Mia",,,Female,0,
14675854,"Predin, Frida",,,Female,0,
14993910,"Hrdy, David",,1773,Male,,
14996707,"Brojo, Alex",,1676,Male,,
14977370,"Hryshko, Herman",,1635,Male,,
14990830,"Patay, Daniel",,1629,Male,,
14994550,"Andrasinova, Natalia",,1548,Female,,
14987007,"Hadidom, Peter",,1545,Male,,
34165240,"Kukelko, Igor",,1514,Male,,
14982641,"Glod, Peter",,1509,Male,,
14992736,"Glod, Lukas",,1456,Male,,
14992426,"Livnanska, Veronika",,1206,Female,,
14989468,"Slovakova, Daniela",,1143,Female,,
14994054,"Horvath, Patrik",,1068,Male,,
14612364,"Vidic, Marjan",,1535,Male,,
14605775,"Vidic, Miha",,2137,Male,,
14679558,"Lilic, Predrag",,0,Male,,
14612224,"Petrina, Nenad",,1982,Male,,
14650924,"Vrabec, Blaz",,0,Male,,
14606038,"Vrecek, Matej",,1651,Male,,
14608081,"Ploc, Albert",,1540,Male,,
525035037,"SÜRMEZ, METEHAN",,,Male,1205,
14988798,"Petrovic, Artur",,1051,Male,,
549007408,"Fekete, Mateo",,1000,Male,,
549004360,"Firit, Colin",,1000,Male,,
549005618,"Gazovic, Dominik",,1000,Male,,
14986990,"Hadidom, Naomi",,1000,Female,,
549005634,"Hankerova, Nina",,1000,Female,,
14987694,"Majdan, Matus",,1000,Male,,
549007106,"Slezakova, Alica",,1000,Female,,
530001617,"Vymazalova, Barbora",,1000,Female,,
12513180,"Bahari Rad, Alireza",,,Male,2012,
12513610,"Zafari, Armin",,,Male,1877,
428019075,"Imani Fard, Adrin",,,Male,1686,
22532102,"Motamedpour, Shapour",,,Male,1668,
428091736,"Gilakhani, Ali",,,Male,1619,
42777879,"Mehdinezhad, Noyan",,,Male,1539,
428071891,"Farzinfar, Dana",,,Male,1477,
428097718,"Abbasi, Radin",,,Male,0,
536096172,"Alaghemand, Seyed Reza",,,Male,0,
42528275,"Alipour, Behzad",,,Male,0,
12596973,"Amini, Bahram",,,Male,0,
32759061,"Habibzadeh, Armin",,,Male,0,
428095324,"Hashemi, Mohsen",,,Male,0,
42777860,"Koshesh Dost, Ayhan",,,Male,0,
562010107,"Maashcar, Raad",,,Male,0,
536085626,"Malekzade, Davood",,,Male,0,
562010123,"Malekzadeh, Korosh",,,Male,0,
536069094,"Marzban, Elyas",,,Male,0,
32717687,"Mohammadimanesh, Ahmad",,,Male,0,
536069108,"Mohammadzadeh, Ava",,,Male,0,
42555205,"Motamedpour, Saron",,,Male,0,
536069124,"Norouz, Baran",,,Male,0,
428019431,"Norouzi, Janan",,,Male,0,
536069132,"Norouzshenas, Mohammadreza",,,Male,0,
42777941,"Pouraslan, Arad",,,Male,0,
536096202,"Rouhi, Mahnam",,,Male,0,
536096210,"Rouhi, Rayan",,,Male,0,
536037257,"Sarkhani, Ourojali",,,Male,0,
562010166,"Shamsi, Aron",,,Male,0,
536069191,"Shamsi, Gholamreza",,,Male,0,
562010174,"Tafreshian, Ramtin",,,Male,0,
536069205,"Talebi, Amir Abbas",,,Male,0,
562010190,"Vosoughi, Avash",,,Male,0,
32703660,"Yaghoubpour, Darioush",,,Male,0,
143995,"Carrizo, Sergio Gaston",,1965,Male,,
146331,"Rodriguez, Eduardo Rafael",,1806,Male,,
20025912,"Medina, Mateo Alejandro",,1755,Male,,
195871,"Lopez Perlo, Javier",,1749,Male,,
20057865,"Ovejero Herrera, Mateo Nahuel",,1734,Male,,
20004575,"Vega, Ruben Guillermo",,1719,Male,,
177105,"Menendez, Joel",,1705,Male,,
182265,"Arevalo, Marcos Abel",,1702,Male,,
190977,"Tolosa, Lautaro Benjamin",,1672,Male,,
20025963,"Picon, Liam",,1670,Male,,
20057857,"Gomez, Tiago",,1575,Male,,
20038143,"Aldeco, Federico Manuel",,0,Male,,
20068980,"Darfe, Santino Agustin",,0,Male,,
20048670,"Fernandez, Nicolas",,0,Male,,
20068956,"Gonzalez, Bautista",,0,Male,,
20048696,"Luna, Ismael Joaquin",,0,Male,,
20005580,"Menendez, Zoe Caroll Jazmin",,0,Male,,
20004532,"Nieva, Sebastian",,0,Male,,
20068972,"Videla, Alvaro",,0,Male,,
194867,"Zavaleta, Carlos",,0,Male,,
1679899,"Markstaler, Tobias",,1763,Male,,
530006635,"Kharma, Mohammad",,1633,Male,,
530013780,"Scharinger, Carlos",,1509,Male,,
530001587,"Stark, Jakob",,1431,Male,,
530004780,"Höfel, Benjamin",,1407,Male,,
530004942,"Schmidt, Thomas",,1366,Male,,
530010306,"Buschta, Jodok",,1353,Male,,
530010586,"Hauol, Isam",,1311,Male,,
530005582,"Lang, Demian",,1292,Male,,
530009804,"Köb, Simon",,1285,Male,,
530004802,"Höfel, Luis",,1284,Male,,
1693476,"Stark, Finn",,1282,Male,,
530011728,"Franc, Oliver",,1271,Male,,
1679856,"Lins, Luisa",,1255,Male,,
530013500,"Metzger, Lukas",,1254,Male,,
1694693,"Sariczki, Olivier Pascal",,1208,Male,,
530012961,"Wachter, Adele",,1204,Male,,
530007844,"Bidenko, Miroslav",,1200,Male,,
530001781,"Gantomor, Egshiglen",,1200,Male,,
530003857,"Nöbl, Iannis",,1200,Male,,
530016185,"Fedosov, Feliks",,0,Male,,
11610794,"Feldmanis, Arturs",,2011,Male,,
11620854,"Krumins, Janis",,1897,Male,,
11600489,"Kazmins, Girts",,1895,Male,,
11611677,"Steinbergs, Raivo",,1845,Male,,
11642998,"Kalnins, Kaspars",,1802,Male,,
11603658,"Gatere, Liene",,1772,Female,,
11616423,"Afanasjevs, Aleksandrs",,1737,Male,,
11639067,"Blumbergs, Ingus",,1713,Male,,
11656395,"Pavlovics, Sergejs",,1694,Male,,
11603682,"Liepins, Martins",,1668,Male,,
11633670,"Eglitis, Roberts",,1648,Male,,
11655771,"Minajlo, Glebs",,1615,Male,,
11646845,"Zusans, Reinis",,1603,Male,,
11630272,"Blinds, Gustavs",,1599,Male,,
11653280,"Abolins-Abols, Donalds",,1534,Male,,
11639920,"Kalnciems, Roberts",,1516,Male,,
11648554,"Feldmanis, Andris",,1498,Male,,
11652420,"Kreicbergs, Toms",,1479,Male,,
11606347,"Mesters, Janis",,1452,Male,,
11655739,"Bitovs, Janis",,0,Male,,
11615150,"Rudakovs, Anatolijs",,0,Male,,
6224628,"Laohakulvathit, Pontakorn",,,Male,1680,
42199018,"Droukas, Ilias",,1464,Male,,
42174112,"Stergiou, Sotirios",,1463,Male,,
42110505,"Spyropoulos, Dimitrios",,0,Male,,
522075950,"Кулигин, Михаил Сергеевич",,1282,Male,,
25842390,"Arsenis, Gerasimos",,1741,Male,,
11602660,"Breikss, Peteris",,1728,Male,,
11610832,"Klackins, Samuils",,1787,Male,,
11600667,"Zvaunis, Maris",,1613,Male,,
11639938,"Hans, Dzintars",,1434,Male,,
536065757,"Khosravihoda, Rayan",1493,,Male,1479,
55893201,"Тонких, Полина Алексеевна",,1280,Male,,
522075712,"Бондарев, Александр Андреевич",,1268,Male,,
522077855,"Жолнерчик, Николай Денисович",,1264,Male,,
522075720,"Боровков, Александр Романович",,1251,Male,,
3527557,"Ramos, Silvera Roberto Alejandro",,2339,Male,,FM
5116376,"Castillo Trejo, Jose Alber",,2038,Male,,
5189489,"Serrano Ruiz, Cesar",,1883,Male,,
29638755,"Solis Vazquez, Jose Gerardo",,1870,Male,,
29610672,"Zavala Garcia, Jose",,1803,Male,,
396111330,"Wuaustorf, Montalvo Juan Carlos",,1729,Male,,
14502895,"Miljević, Branimir",,2180,Male,,FM
14506416,"Kanjković, Marijan",,1904,Male,,
14538008,"Bušić, Matej",,1814,Male,,
14565013,"Martić, Pejo",,1799,Male,,
14535386,"Kanjković, Antun",,1739,Male,,
14568586,"Ilić, Mario",,1685,Male,,
14565021,"Rosipal, Damir",,1619,Male,,
14567008,"Babić, Đuro",,1560,Male,,
14552388,"Gazilj, Anto",,0,Male,,
14574810,"Krmpotić, Zdravko",,0,Male,,
79339344,"Šango, Vatroslav",,0,Male,,
522043098,"Cheremuhin, Roman",,1582,Male,,
522043357,"Baranova, Polina",,1528,Male,,
55846165,"Popov, Alexandr",,1401,Male,,
540019446,"Kriazhevskoi, Sergei Mikhailovic",,1000,Male,,
522065920,"Komarnitskiy, Mikhail Aleks",,1000,Male,,
522043446,"Silkin, Matvei",,1000,Male,,
522021671,"Chikaluk, Georgy",,1000,Male,,
540026086,"Prilutskiy, Bogdan",,1000,Male,,
540026078,"Mochalov, Artyom",,1429,Male,,
522043276,"Rodionov, Alexey",,1244,Male,,
3663779,"Miranda Unda, Julian Esteban",,,Male,0,
3672743,"Robalino Quishpe, Mathias Alejand",,,Male,0,
529005892,"Гоменюк, Олександр",,,Male,1725,
529008280,"Гонцул, Макар",,,Male,1669,
34181970,"Єфімовський, Артем",,,Male,0,
22909,"Калінін, Артемій",,,Male,0,
529023556,"Сігіда, Платон",,,Male,0,
24101729,"Kozionov, Kirill",,2416,Male,,IM
4181247,"Zubritskiy, Artyom",,2387,Male,,IM
4101375,"Ivanov, Sergey",,2357,Male,,GM
4167570,"Gunina, Valentina",,2306,Male,,GM
4117107,"Kiselev, Gennady",,2298,Male,,IM
44139713,"Osetrov, Dmitrij",,2214,Male,,FM
4168550,"Trofimov, Vladimir",,2071,Male,,
34312757,"Pereverzev, Valerii",,2021,Male,,
24154229,"Sokolov, Artem",,2018,Male,,
4156650,"Nekipelov, Dimitry",,2011,Male,,
55646298,"Konoplev, Kirill",,2000,Male,,
34254552,"Khvostov, Dmitriy S.",,1993,Male,,
4114663,"Smirnov, Roman",,1969,Male,,
34338870,"Poroshin, Roman",,1967,Male,,
24177334,"Galchenko, Vadim",,1962,Male,,
4179226,"Andreevskiy, Vyacheslav",,1957,Male,,
34158810,"Giulaliev, Namik",,1938,Male,,
34468170,"Tanichev, Evgeniy",,1928,Male,,
34338918,"Kazunin, Andrey",,1870,Male,,
34125326,"Ivina, Valeria",,1851,Male,,
55624065,"Ivashevskiy, Artem",,1818,Male,,
34338888,"Rogozin, Kirill",,1797,Male,,
34215468,"Gulik, Konstantin",,1773,Male,,
24216372,"Solovyev, Vladislav B.",,1770,Male,,
540035492,"Anisimov, Artem",,1701,Male,,
34468218,"Golovko, Evgeniy",,1696,Male,,
522043306,"Shananin, Vladimir",,1674,Male,,
55624073,"Poroshin, Nikolai",,1661,Male,,
522043314,"Sudakov, Andrey",,1658,Male,,
540010406,"Seldemirov, Aleksey",,1656,Male,,
55730566,"Khachatryan, Aleks",,1642,Male,,
55646263,"Smolokurov, Ivan",,1637,Male,,
55822991,"Kalashnik, Dmitriy",,1630,Male,,
55646204,"Kuznetsov, Pavel",,1627,Male,,
55661750,"Murzakanov, Altynbek",,1624,Male,,
34408827,"Vedyashkina, Alina",,1617,Male,,
55701507,"Varov, Ilua Nik",,1594,Male,,
55887228,"Popov, Dmitrii Al",,1591,Male,,
540026159,"Artamonov, Nikita",,1572,Male,,
540026035,"Korikov, Ilya",,1567,Male,,
55698379,"Novikova, Margarita Nik",,1565,Male,,
522021744,"Pelageychenko, Lev",,1553,Male,,
540065340,"Zaytsev, Oleg Al",,1549,Male,,
34472371,"Goskova, Anna Ser",,1546,Male,,
55657613,"Talykh, Taisiya",,1543,Male,,
522043284,"Ryabov, Vladimir",,1539,Male,,
55646301,"Konoplev, Roman",,1529,Male,,
55846114,"Mansurov, Alex",,1509,Male,,
34468110,"Panfilov, Alexey",,1504,Male,,
55822924,"Kirillova, Mariya D",,1494,Male,,
55771955,"Tikhonov, Maksim Rom",,1488,Male,,
522021701,"Kuznetsov, Daniil Ilyich",,1486,Male,,
522043322,"Sudakov, Vyacheslav",,1461,Male,,
55822916,"Kapranchikova, Kseniya",,1443,Male,,
55889913,"Korchak, Roman P",,1558,Male,,
540010295,"Kozlov, Dmitryi Evg",,1000,Male,,
522043101,"Chernyavskaya, Mariya",,1000,Male,,
522043250,"Nemtsov, Timofey",,1000,Male,,
540026000,"Borodin, Michail",,1000,Male,,
55693296,"Kononenko, Diana Dmit",,1453,Male,,
540026140,"Uzun, Daray",,1000,Male,,
540026132,"Trohachev, Dmitriy",,1000,Male,,
124104685,"Gorban, Vladislav",,1000,Male,,
34165541,"Klepikovska, Larysa",,1396,Male,,
343472923,"Shunmugam, Saikrishna",,1323,Male,,
88126706,"Shlok, Kishor Jadhav",,,Male,0,
529023548,"Nerubatskyi, Kyrylo",1778,1551,Male,1808,
34160566,"Matvieiev, Mykhaylo",1810,1694,Male,1810,
34185844,"Prykhodko, Aryna",0,1513,Male,0,
34177159,"Romanko, Rodion",2166,1936,Male,2166,
5311500,"Younes, Youssef",,1225,Male,,
29628989,"Villarreal Del Bosque, Larissa",,1643,Male,,
29630002,"Vitali Moreno, Marcelo",,1593,Male,,
29615852,"Perales Terrazas, Ana Fernanda",,1584,Male,,
29615992,"Saldana Jimenez, Erik Daniel",,1563,Male,,
29673739,"Perales Terrazas, Denisse Ariana",,1522,Male,,
29673763,"Salazar Espinoza, Jose Fernando Guadalupe",,0,Male,,
29657326,"Castillo Rodriguez, Sebastian Adair",,1512,Male,,
29615780,"Morones Suarez, Rommel Dario",,1498,Male,,
29630690,"Garcia Lopez, Hector Ulises",,1490,Male,,
25820869,"Katsiampas, Efthymios",,1963,Male,,
525018191,"KOLÇAK, EYLÜL",,,Male,1192,
4205782,"Kratidis, Anastasios",,1674,Male,,
42194539,"Koliokitsou, Panagiota",,1582,Male,,
42117062,"Tzekos, Georgios",,1567,Male,,
42148090,"Matziaras, Athanasios",,1551,Male,,
25895770,"Nigdelis, Georgios Panagiotis",,1520,Male,,
4211650,"Papadopoulos, Emanouil",,1484,Male,,
541001877,"Theodoratou, Foteini",,1440,Male,,
4288416,"Arvithas, Georgios",,1430,Male,,
42183596,"Bovolos, Theodoros Na",,0,Male,,
4261178,"Giannakeas, Nikolaos",,0,Male,,
32733615,"Bagheri Malek Abadi, Hasmid Reza",,1775,Male,,
42757118,"Alivar, Hamidreza",,1724,Male,,
562004140,"Ghasemi, Behnam",,1580,Male,,
562027433,"Azizilorestani, Hamid",,1475,Male,,
536041190,"Salehi, Arad",,1468,Male,,
536089834,"Mohammadpour Akbarabad, Kiarash",,1453,Male,,
562027387,"Abolpour, Radvin",,0,Male,,
536012157,"Ahmadi, Radman",,0,Male,,
42727049,"Ashrafi, Ilpya",,0,Male,,
536012190,"Ashrafi, Ilsana",,0,Male,,
562027441,"Baladi, Atrina",,0,Male,,
536089737,"Bavarsad, Shervin",,0,Male,,
536041041,"Ghasemi Ghasemvand, Ali Asghar",,0,Male,,
536012254,"Gorjian, Kian",,0,Male,,
536072486,"Varnaseri Ghandali, Hosein",,0,Male,,
7200404,"Nielsen, Hogni Egilstoft",,2411,Male,,IM
2304058,"Ragnarsson, Dagur",,2388,Male,,IM
7200447,"Egilstoft, Rogvi",,2315,Male,,FM
2300362,"Lagerman, Robert",,2299,Male,,FM
2310090,"Thorhallsson, Simon",,2203,Male,,FM
2301393,"Bergsson, Stefan",,2138,Male,,
7200439,"Simonsen, Hans Kristian",,2110,Male,,FM
7200242,"Nielsen, Torkil",,2041,Male,,
2302454,"Thorsteinsdottir, Hallgerdur",,1988,Male,,WFM
7203802,"Magnussen, Petur Gardar",,1957,Male,,
7200064,"Nolsoe, Rani",,1957,Male,,
7204213,"Olsen, Rogvi Heinason",,1884,Male,,
7200480,"Solsker, Tummas M.",,1884,Male,,
7201370,"Lamhauge, Eydun",,1837,Male,,
2302608,"Hauksdottir, Hrund",,1826,Male,,
7202865,"Jacobsen, Runi",,1826,Male,,
7200714,"Gaard, Jaspur T.",,1786,Male,,
7205627,"Johannessen, Herbert Holm",,1733,Male,,
7205287,"Jakobsen, Djoni F.C.",,1665,Male,,
7205929,"Lutzen, David",,1658,Male,,
7203748,"Morkore, Mortan",,1639,Male,,
7206062,"Dalslid, Abraham",,1627,Male,,
7200382,"Johannesen, Bergur",,1623,Male,,
7206178,"Berglind, Noel Sunason",,1566,Male,,
7203721,"Andreasen, Hjalmar",,1565,Male,,
7206267,"Lutzen, Hakun",,1551,Male,,
1442198,"Ellingsgaard, Brandur",,1482,Male,,
7204906,"Blaberg, Sigvaldur",,1480,Male,,
7206100,"Laksa, Sam",,1466,Male,,
7205538,"Morkore, Natasja",,1449,Male,,
7203691,"Andreasen, Edvard P",,0,Male,,
7206917,"Andreasen, Ketura",,0,Male,,
7206186,"Brockie, Robert Hedin",,0,Male,,
7206712,"Danielsen, John Berg",,0,Male,,
7206194,"Egilstoft, Kara",,0,Male,,
7207077,"Frimundsson, Frank Viray",,0,Male,,
7206445,"Frimundsson, Frits",,0,Male,,
7206259,"Lutzen, Annika",,0,Male,,
7206666,"Madsen, Kristian",,0,Male,,
7206844,"Morkore, Sigmundur",,0,Male,,
7206860,"Osa, Simin",,0,Male,,
7206356,"Skorini, Jogvan I",,0,Male,,
7206976,"Skorini, Maria Berg I",,0,Male,,
14411105,"Mesic, Ismet",,2333,Male,,FM
14412276,"Obad, Andrija",,2263,Male,,FM
931098,"Aleksic, Neven",,2259,Male,,
14402165,"Jevtic, Sreten",,2258,Male,,
14403137,"Avdic, Mirza",,2247,Male,,
14412098,"Mujagic, Muhamed",,2184,Male,,
14403226,"Hutinovic, Halim",,2179,Male,,
14401380,"Budimir, Boris",,2094,Male,,FM
14412020,"Huremovic, Elmedin",,2057,Male,,
14426412,"Mesic, Ado",,2040,Male,,
14404869,"Malkic, Jusuf",,2037,Male,,
14401886,"Omercic, Muhamed",,2008,Male,,
916072,"Dugonjic, Dragan",,1986,Male,,FM
14406292,"Salibasic, Ibrahim",,1986,Male,,
14417677,"Kesetovic, Nihad",,1906,Male,,
14443325,"Mahovkic, Damir",,1903,Male,,
14430053,"Osmanhodzic, Emin",,1896,Male,,
14415267,"Matijevic, Jozo",,1886,Male,,
14427877,"Vrsajevic, Mirza",,1882,Male,,
14428156,"Hodzic, Fuad",,1869,Male,,
14405105,"Mujkanovic, Alija",,1855,Male,,
14445131,"Music, Eman",,1821,Male,,
14406527,"Mujcinovic, Muharem",,1818,Male,,
14406632,"Huremovic, Fadil",,1780,Male,,
14438178,"Pivic, Serif",,1774,Male,,
14409275,"Softic, Mensud",,1733,Male,,
14445778,"Garic, Demir",,1719,Male,,
14428547,"Mujkic, Muhamed",,1661,Male,,
14417421,"Sahman, Djemal",,1641,Male,,
14445794,"Kantic, Lejla",,1629,Male,,
14445808,"Kobilica, Lamija",,1569,Male,,
14446693,"Beganovic, Fahrudin",,0,Male,,
4220765,"AVRAMOPOULOS, PERIKLIS",,1489,Male,,
14438186,"Konjic, Omer",,0,Male,,
14438216,"Okic, Sefik",,0,Male,,
14438208,"Osmanovic, Husein",,0,Male,,
530007933,"Ivanov, Oleksandr",,,Male,1276,
530014620,"Vock, Emma",,,Male,0,
14564696,"Škorić, Milan",2104,,Male,,
14580373,"Šabić, Tomislav",2054,,Male,,
14514532,"Obad, Damir",1968,,Male,,
14548275,"Kezerić, Miroslav",1872,,Male,,
14564688,"Konicija, Željko",1683,,Male,,
14550342,"Orač, David",1676,,Male,,
14564718,"Cirimotić, Josip",1634,,Male,,
32066201,"Rodriguez Ferreiros, Andres",2182,,Male,,
24591106,"Sanchez Elena, Lucia",2033,,Male,,
94711372,"Martin Mateos, Luis",1967,,Male,,
1003844,"Haak, Eelco",1964,,Male,,
54723531,"Suarez Sanchez, Claudio",1829,,Male,,
54563739,"Bernal Gonzalez, Arturo",1828,,Male,,
2258803,"Masegosa Masegosa, David",1815,,Male,,
2244330,"Santonja Frades, Pablo",1813,,Male,,
2221586,"Arias Castanedo, Jacinto",1805,,Male,,
54513197,"Garcia Garcia, Fernando",1792,,Male,,
836087,"Leone, Clarissa",1777,,Male,,
24579106,"Cagigas Calvente, Fernando",1770,,Male,,
94705089,"Sanchez Martin, Sergio",1759,,Male,,
94794642,"Esteban Montero, Natalia",1756,,Male,,
54752000,"Hernandez Rodriguez, Manuel",1756,,Male,,
54705673,"Hernandez Gonzalez, Manuel 2000",1752,,Male,,
54705622,"Linaje Cuadrado, Hector",1741,,Male,,
24578681,"Vazquez Escudero, Pedro Jesus",1719,,Male,,
24539759,"Lopez Garcia, Carlos",1706,,Male,,
54744423,"Emilov Chalev, Emilio",1698,,Male,,
54585937,"Miguel Carrera, Carlota",1698,,Male,,
523007460,"Montoya Lopez, Juan Jose",1694,,Male,,
22278389,"Sanchez Criado, Jose Luis",1691,,Male,,
54744539,"Perdigon Moreno, Alvaro",1676,,Male,,
535067624,"Blanco Artime, Lucas",1674,,Male,,
535030720,"Hernandez Martin, Jose Manuel",1673,,Male,,
523007532,"Yuste Prieto, Cesar",1670,,Male,,
54537240,"Sierra Pena, Alberto",1659,,Male,,
54513146,"Colmenero Bazaga, Yoel",1649,,Male,,
24591262,"Sanchez Elena, Pedro",1643,,Male,,
54563747,"Sanchez Acosta, Enrique",1641,,Male,,
54744440,"Recio Pelayo, Javier Ernesto",1635,,Male,,
523044390,"Frances Rodriguez, Eduardo",1631,,Male,,
54705665,"Redondo Garrido, Pedro",1618,,Male,,
54705690,"Hernandez Castellano, Agustin",1613,,Male,,
535030682,"Borrego Palma, Conrado",1609,,Male,,
54537231,"Sanchez Garcia, Celia",1604,,Male,,
24509434,"Sanchez Sanchez, Miguel Angel",1599,,Male,,
94793328,"Mordvintseva, Daria",1589,,Male,,
54705568,"Calvente Iglesias, Silvia Carlota",1542,,Male,,
54563755,"Perez Correa, Jesus",1540,,Male,,
54705649,"Moreno Hernandez, Miguel Angel",1532,,Male,,
54563780,"Montes Fuentes, Carlos",1529,,Male,,
54736633,"Sierra Pena, Ignacio",1528,,Male,,
523007591,"Terrero Calles, Marcos",1517,,Male,,
94746192,"Bravo Roman, Jesus",1512,,Male,,
24509370,"Martin Gonzalez, Higinio",1499,,Male,,
24579203,"Martin Garcia, Alvaro",1473,,Male,,
94705062,"Gosalvez Marino, Miguel",1466,,Male,,
54543177,"Moreno Yuste, Alicia",1454,,Male,,
535030658,"Adaimi Hernandez, Mikhael",1448,,Male,,
535030739,"Garcia Velasco, Jose Antonio",1445,,Male,,
523042842,"Martin Hernandez, Gonzalo",1444,,Male,,
94776512,"Aguayo Romero, Virginia",0,,Male,,
553014707,"Cleyberg Gomez De Bonilla, Jules",0,,Male,,
535030640,"Corrionero Grande, Andres",0,,Male,,
24579076,"Cosme Flores, Andres",0,,Male,,
523027592,"De Toro Perez, Jesus",0,,Male,,
32090056,"Fernandez Iglesias, Juan Pedro",0,,Male,,
553014693,"Gomez Prigman, Pablo",0,,Male,,
553014774,"Gonzalez Martin, Pablo",0,,Male,,
54513227,"Hernandez Martin, Flor",0,,Male,,
553014782,"Lopez Hernandez, Juan Jose",0,,Male,,
535030747,"Lopez Noche, Fernando",0,,Male,,
24512079,"Martin Alvarez, Jose Ramon",0,,Male,,
54563836,"Martin Martin, Jose Luis",0,,Male,,
553014731,"Martinez Sanchez, Lara",0,,Male,,
535030763,"Ordad Oviedo, Francisco",0,,Male,,
535073896,"Sanchez Martin, Javier Angel",0,,Male,,
553014669,"Vazquez Gonzalez, Ignacio",0,,Male,,
1900382,Fernando Alberto Rocha Ribeiro,,2100,Male,,FM
1900846,Stephane Gomes Silva,,2040,Male,,
1980114,Pedro Simão Valente Sousa,,1907,Male,,
1959506,Mário Martins Freitas Morais,,1835,Male,,
24539589,Mark Robert Cobb,,1826,Male,,
1900749,Ricardo Fernando Marquinho Alvarez,,1794,Male,,
1982206,Diogo José Fernandes Gil,,1781,Male,,
1901060,Manuel Jose Lopes Martins,,1748,Male,,
1986023,Isaac Coelho Dos Prazeres,,1705,Male,,
1487310,Mathias Kaas Nielsen,,1647,Male,,
2538016,Jason Clement Douglas,,1636,Male,,
1982478,Miguel Filipe Gonçalves Gil,,1636,Male,,
1992120,Golan Rozenkvit,,1607,Male,,
1985159,Alfred Joao Hanwright Clark,,1592,Male,,
1976389,Paulo André Pais Fazendeiro,,1586,Male,,
1935003,João Simões Damien,,1579,Male,,
1974645,Bruno Ricardo Barbosa Alvarez,,1572,Male,,
1970852,Lyotard Torrão Guerreiro,,1516,Male,,
1992244,Emily Titania Kathleen Hanwright,,1459,Female,,
533035563,Reiner Helmut Preiser,,1444,Male,,
2529831,Michael Gordon Tanner,,1441,Male,,
1960520,Fernando Soares Fernandes Da Costa,,1437,Male,,
1978667,Albano Pinto Dinis,,1430,Male,,
1985647,Pedro Gabriel Da Silva Cabral,,1422,Male,,
22517235,"Mehr Aein, Khalil",,,Male,0,
1987275,Pedro Mendes Loureiro,,1414,Male,,
1991116,Henrique Miguel Garcia Amaral,,0,Male,,
2891352,Shachar Arieli,,0,Male,,
1974912,Pedro José Cruz Cabete,,0,Male,,
1979531,Florence Jane Hanwright Clark,,0,Female,,
1989480,Martim André Balau Fazendeiro,,0,Male,,
4010833,Amir Gholami,,0,Male,,
1973177,Jó Lima,,0,Male,,
1929046,Andrii Poplavskyi,,0,Male,,
1566,"Salleh Bin Omar,",,,Male,1566,
535091380,"Cabrera Alba, Maria",,0,Male,,
535092297,"Garcia Syvorotkin, Alexander",,0,Male,,
535094460,"Munoz Garcia, Noah",,0,Male,,
936847,Gabric Goran,2216,,Male,,
9231271,Radnic Aleksa,1946,,Male,,
993301,Randjelovic Miroslav,1875,,Male,,
9227851,Markovic Dusan D,1740,,Male,,
9241102,Ivanov Zakhar Al,1721,,Male,,
9246023,Lagan Radomir,1705,,Male,,
9253488,Vukovic Matija,1498,,Male,,
535027380,"Acosta Alayon, Aday",,,Male,0,
535005319,"Alvarez Dominguez, Juan",,,Male,0,
553062760,"Angel Concepcion, Liam",,,Male,0,
553062663,"Diaz Risco, Lucas",,,Male,0,
523099828,"Estevez Suarez, Nhoa",,,Female,0,
553062809,"Fernandez Gutierrez, Antonio Javier",,,Male,0,
535086653,"Fontanet Cabello, Alejandro",,,Male,0,
553062817,"Fontanet Cabello, Miguel",,,Male,0,
553062833,"Gonzalez Dorta, Iker Sanet",,,Male,0,
553013310,"Gonzalez Felipe, Mario",,,Male,0,
553013395,"Hernandez Martinez, Oliver",,,Male,0,
535086793,"Hernandez Oliva, Bruno",,,Male,0,
535086661,"Ivanitskii, Platon",,,Male,0,
553062841,"Jallaguier Orribo, Diego",,,Male,0,
535006978,"Lecuona Morales, Martin",,,Male,0,
553062728,"Lopez Albarran, Eyre",,,Female,0,
553062710,"Lopez Albarran, Logan",,,Male,0,
553062868,"Mantecon Barreto, Iker",,,Male,0,
535027991,"Martin Hernandez, Mateo",,,Male,0,
553062698,"Mbaye Garcia, Muhamad Fadhel",,,Male,0,
553062884,"Mondesoca Lezana, Yeiko",,,Male,0,
553013573,"Nuzzi, Alexander",,,Male,0,
553062892,"Pacheco Gonzalez, Marco",,,Male,0,
553012810,"Padron Solorzano, Amada Alejandra",,,Female,0,
553062701,"Proskura, Diana",,,Female,0,
553060334,"Rojo Gonzalez, Bruno",,,Male,0,
535086785,"Shevchenko, Ivan",,,Male,0,
535086688,"Silva Tovo, Simon Gabriel",,,Male,0,
523004738,"Vilalta Barrios, Angel",,,Male,0,
553012852,"Yanes Gonzalez, Briana Ines",,,Female,0,
523004681,"Santos Osorno, Fernando Alonso",,,Male,1527,
54768730,"De Leon Gonzalez, Edey",,,Male,1467,
553062779,"Abad Marrero, Thiago",,,Male,0,
553062787,"Abrain Rodriguez, Jana",,,Female,0,
535027398,"Acosta Alayon, Ancor",,,Male,0,
535086815,"Acosta Herrera, Iriome",,,Male,0,
553028023,"Afonso Exposito, Joyce",,,Male,0,
553013140,"Borges Morales, Samuel",,,Male,0,
553062795,"Brito Lopez, Amelia",,,Female,0,
523057831,"Bujdoso, Edith",,,Female,0,
553013182,"Carballo Jimenez, Mateo",,,Male,0,
535027533,"Castro Guillama, Samuel",,,Male,0,
535032642,"Diakov, Lev",,,Male,0,
535006099,"Diaz Cagigao, Lucas",,,Male,0,
94780897,"Diaz Carballo, Nicolas",,,Male,0,
535024232,"Diaz Gonzalez, Isora",,,Female,0,
523005114,"Diaz Leon, Jorge",,,Male,0,
553043090,"Egea Fernandez, Alejandro",,,Male,0,
535027800,"Fernandez Medina, Leo Bene",,,Male,0,
553062825,"Garriga Garcia, Angel",,,Male,0,
553062680,"Gonzalez Carretero, Manuel",,,Male,0,
523007826,"Gonzalez Felipe, David",,,Male,0,
553062671,"Gonzalez Gonzalez, Matteo Jose",,,Male,0,
94780935,"Guilarte Skovay, Martin",,,Male,0,
553013352,"Guillen Martin, Gonzalo",,,Male,0,
535076500,"Hernandez Gutierrez, Abenohara",,,Female,0,
553013425,"Izquierdo Lecerf, Pablo Thibault",,,Male,0,
553062850,"Kilian, Mikolaj Pilip",,,Male,0,
523099852,"Marrero Illan, Mia",,,Female,0,
523004592,"Martin Torres, Neizan",,,Male,0,
553016360,"Martin Vera, Noah",,,Male,0,
553062736,"Martiniuk, Miguel",,,Male,0,
553043260,"Mendez Hernandez, Izan",,,Male,0,
523004711,"Montero Puita, Emanuel Yheyson",,,Male,0,
535086700,"Morales Avila, Maria",,,Female,0,
553062752,"Niang Masa, Patrick Tamsir",,,Male,0,
523099879,"Orduna Hernandez, Elena",,,Female,0,
553012801,"Padron Angulo, Valeria Sophia",,,Female,0,
553013581,"Padron Solorzano, Jose Luis",,,Male,0,
523004673,"Paniagua Baso, Julia",,,Female,0,
523004665,"Paniagua Baso, Sofia",,,Female,0,
553062744,"Perez Moreno, Alvaro",,,Male,0,
535086734,"Ravelo Sosa, Bruno",,,Male,0,
535007826,"Ravelo Sosa, Mateo",,,Male,0,
535006749,"Seisdedos de Dios, Daniel Haydn",,,Male,0,
94796840,"Velasquez Vargas, Juan Diego",,,Male,0,
553016378,"Voznyi, Danylo",,,Male,0,
553062906,"Zenkov, Adrian",,,Male,0,
535086696,"Zhitomirsky, Alexander",,,Male,0,
34446737,"Солоницын, Матвей",,1427,Male,,
55706070,"Некрасов, Григорий Павлович",,1343,Male,,
535040360,"Delvalle Chojrin, Matheo",,1564,Male,,
523053690,"Paule San Isidoro, Alex",,1492,Male,,
535028378,"Castelo Alfaro, Daniel",,1482,Male,,
94718008,"Lopez Marquez, Valentina",,1477,Male,,
94790795,"Vallas Perez, Alex",,1441,Male,,
94790833,"Gomez Lorenzo, Jesus",,1425,Male,,
523088397,"Conde Gutierrez, Jorge",,1404,Male,,
553004981,"Bartolome Lopez, Julia",,0,Male,,
523088389,"Cabrera Berroteran, Leonardo David",,0,Male,,
535029625,"Cordero Correa, Gonzalo",,0,Male,,
535094796,"Munoz Garcia, Alba Irene",,0,Male,,
535091517,"Navas Marques, Diego",,0,Male,,
535091452,"Shakerigarmroudi, Pouya",,0,Male,,
553007123,"Ye, Anrui",,0,Male,,
3300145,"Cueto, Jonny",,2134,Male,,IM
3300544,"Monroy Carrizo, Javier",,1949,Male,,CM
3320103,"Velarde Alarcon, Jhoana",,1918,Male,,
3345319,"Paco Vargas, Jhon Erick",,1888,Male,,
3333728,"Cortez Chuviru, Gael Marbel",,1835,Male,,
3333876,"Velez Solano, John",,1761,Male,,
3331415,"Tito Ramirez, Jorge Alberto",,1729,Male,,
3308138,"Velazquez Cruz, Gustavo",,1720,Male,,
3328449,"Amelunge Moreno, Oscar Alejandro",,1704,Male,,
3368327,"Torrez Peredo, Samuel",,1698,Male,,
3335852,"Montano Cardozo, Franco Leonardo",,1681,Male,,
3359727,"Herrera Garcia, Luis Fernando",,1656,Male,,
3327116,"Torrico, Jose Miguel",,1655,Male,,
3345025,"Kababat Mejia, Raul Ignacio",,1646,Male,,
3336573,"Rivas Ramos, Ivan",,1637,Male,,
3339440,"Bernachi Menacho, Letizia",,1630,Male,,
3301028,"Moreno Romero, Alejandro",,1625,Male,,
3304558,"Bucett Santa Cruz, Jean Pierry",,1622,Male,,
3351661,"Parada Cespedes, Juan Antonio",,1592,Male,,
3341330,"Pusarico Garcia, Marie Jane",,1573,Male,,
3354601,"Flores Huallpa, Diego",,1559,Male,,
3345084,"Maquera Soto, Abigail Katherine",,0,Male,,
3340031,"Joffre Marino, Cristhian Adrian",,1526,Male,,
3345092,"Maquera Soto, Benjamin",,1519,Male,,
3352579,"Laime Martinez, Pablo Alexander",,1480,Male,,
3367185,"Ocampo Ribera, David Eliseo",,1470,Male,,
3363635,"Maquera Quenallata, Juan Carlos",,1460,Male,,
3321258,"Escobar Huallpa, Nathalia Andrea",,1421,Male,,
3371778,"Trujillo Choque, Jordan Jhoan",,1416,Male,,
3367967,"Aguilar Escobar, Sebastian",,0,Male,,
6614264,"Amelunge Moreno, Alan Alfredo",,0,Male,,
3368270,"Moscoso Mollendo, Dayaratne",,0,Male,,
3367231,"Ocampo Ribera, Jeremias",,0,Male,,
3368173,"Toro Silva, Adrian Abelardo",,0,Male,,
94717990,"Gil Yaremchuk, Alejandro",,1665,Male,,
94738947,"Agullo Madueno, Jorge",,1664,Male,,
535023830,"Miguel Reforzo, Saul",,1639,Male,,
553004914,"Hurtado San Jose, Lorenzo",,1636,Male,,
535022167,"Ganotskii, Aleksandr",,1595,Male,,
94790787,"Familiar Puente, Pablo",,1541,Male,,
535023503,"Nikolaevski, Igor",,1537,Male,,
94790906,"Gutierrez Nieto, Alejandro",,1528,Male,,
535029609,"Lysenko, Daniil Sergeyevich",,1519,Male,,
94781826,"Cabrera Alba, Juan",,1482,Male,,
94740534,"Velasco De La Iglesia, Alonso",,1466,Male,,
535032073,"Mayoral Lopez, Martin",,1456,Male,,
535091460,"Ortega Gonzalez, Madiba",,0,Male,,
523085045,"Romero Abreu, Ramon",,0,Male,,
190861,"De Lima, Adriano Gaspar",,,Male,2100,
191795,"Heberlein, Lucas",,,Male,1906,
20034164,"Rebord, Mauricio",,,Male,1801,
158127,"Gonzalez, Rodolfo",,,Male,1698,
20062966,"Silva, Tadeo",,,Male,1676,
194085,"Pajares, Macarena",,,Male,1406,
20069600,"Romero, Facundo Jesus",,,Male,0,
54796610,"Lopez Lopez, Arturo",,2013,Male,,
94744548,"Rodriguez Weber, Ksenia",,1698,Male,,
94799334,"Rojas Ticona, James Alejandro",,1621,Male,,
523056800,"Mallol Lopez, Johan",,1574,Male,,
94799717,"Verdu Gomez, Hector",,1541,Male,,
94717940,"Jin, Yangge",,1501,Male,,
535023511,"Trusov, Arseniy",,1486,Male,,
94781834,"Cabrera Alba, Pablo",,1424,Male,,
94717931,"Benedicto Lazaro, Miguel",,0,Male,,
1347683,"Christen, Michael",2001,,Male,,
1310143,"Klein, Frank",1830,,Male,,
1347330,"Tedone, Francesco",1780,,Male,,
1394940,"Von Siebental,  Julian",1754,,Male,,
1344838,"Rahimi, Hamid",1746,,Male,,
1353306,"Kaeser, Paul",1733,,Male,,
1385771,"Catini,  Franceso",1707,,Male,,
1348752,"Bashirov, Iskander",1631,,Male,,
537014013,"Abhinandan, Bathina",,,Male,1546,
558098720,"Katuru, Viyaan Krishna",,,Male,1500,
537074539,"Kambothu, Sathwik",,,Male,1481,
558024409,"Rasiraju, Sailesh",,,Male,1450,
88167747,"Sushwanth, Vattikalla",,,Male,1447,
547076429,"Shanmukh, Tirumalasetti",,,Male,1438,
33406820,"Keerthana, Bandi",,,Female,1430,
88159531,"Shaik, Abhishek",,,Male,1411,
558058141,"Rukmaanth, Tirumalasetti",,,Male,1409,
547076402,"Meraj, Amaan Dilar Shaik",,,Male,0,
88159981,"Syed, Faizaan",,,Male,0,
88159973,"Syed, Farhaan",,,Male,0,
182338,"Heredia, Martin",,1770,Male,,
120758,"Gahona, Rodrigo",,1697,Male,,
3672786,"Segarra Nacimba, Isabella Margari",,,Male,0,
2526948,"Berkery, Rory",,1565,Male,,
29614910,"Carranza Fierro, Arya Valentina",1412,,Female,,
550008676,"Santiago Valencia, Sofia Denisse",0,,Female,,
6214657,"Suthiponpaisarn, Proudpitcha",,,Male,1668,
6223303,"Dumoulin, Peissone",,,Male,1581,
55738605,"Klimov, Aleksey",,,Male,1564,
6220509,"Nakthip, Nakorn",,,Male,1550,
55834442,"Stepanov, Nikita Andr.",,,Male,1543,
6214665,"Kamolchotiros, Ava Yeap",,,Male,1519,
6214177,"Noparatvarakorn, Peewatin",,,Male,1505,
537076493,"Akash, Biswas",,,Male,1465,
6221670,"Piriyalertsak, Teerathut",,,Male,1436,
39907503,"Kamat, Ryshi",,,Male,1426,
522078894,"Radu, Nikolai",,,Male,1416,
540019829,"Rodina, Ariana",,,Male,1401,
55789242,"Fatkullin, Roman",,,Male,0,
521081476,"Jipos, Karl",,,Male,0,
6225403,"Kamolchotiros, Avan Yeap",,,Male,0,
6229743,"Karunanont, Kan-Anek",,,Male,0,
42234387,"Khlopkova, Alina",,,Male,0,
8689784,"Yang, Heng(Sz)",,,Male,0,
3035522,"Belza, Miguel",,,Male,0,
3017559,"Caballero, Gervasio",,,Male,0,
3039447,"Fernandez Esperanza, Franco",,,Male,0,
3028798,"Nantes, Joaquin",,,Male,0,
3038971,"Omana, Tomas",,,Male,0,
3036073,"Porco, Lia",,,Male,0,
3035816,"Wajner, Lucas",,,Male,0,
3035077,"Dos Santos, Lucas",,,Male,1536,
3036499,"Camilo, Guillermo",,,Male,0,
3038386,"Camirotti, Gustavo",,,Male,0,
3038394,"Camirotti, Julieta",,,Male,0,
3022986,"Lozano, Leandro",,,Male,0,
3019209,"Oyenard, Bautista",,,Male,0,
3032680,"Pintos, Benjamin",,,Male,0,
3035166,"Porco, Thiago",,,Male,0,
3033783,"Sallua, Emiliano",,,Male,0,
3019853,"Tabarez, Lorenzo",,,Male,0,
3037568,"Alfonzo, Agustin",,,Male,0,
3023281,"Alvarez, Federico",,,Male,0,
3022552,"Bicca, Santino",,,Male,0,
3028585,"Ketchedjian, Matias",,,Male,0,
3017737,"Lemos, Lucia",,,Male,0,
3036669,"Murissich, Benjamin",,,Male,0,
3030032,"Rodriguez Alayon, Francisco",,,Male,0,
3025110,"Tornini, Emiliano",,,Male,0,
3037584,"Wajner, Javier",,,Male,0,
3016463,"Borgiani, Juan",1670,,Male,,
3030563,"Esquibel, Juan",1659,,Male,,
3019276,"Cammarota, Andres",1654,,Male,,
3028283,"Reyes, Matteo",1644,,Male,,
3007286,"Beltran, Gaston",1635,,Male,,
3017729,"Araque, Silvana",1635,,Male,,
3002225,"Carnales, Jonathan",1633,,Male,,
3029301,"Contardi, Mateo",1625,,Male,,
3033120,"Dellapiazza, Santiago",1610,,Male,,
3022722,"Barros, Mathias",1609,,Male,,
3033279,"Feria, Ismael",1597,,Male,,
3017630,"Indart, Lucio",1592,,Male,,
3011127,"Olivera, Omar",1590,,Male,,
3029620,"Caballero Lavalle, Sofia",1580,,Male,,
3017036,"Mazzeo, Jose",1568,,Male,,
3035972,"Paipo, Sebastian",1559,,Male,,
3028879,"Porteiro, Clara",1542,,Male,,
3032043,"Oliver, Reinaldo",1532,,Male,,
3016609,"Luberiaga, Leonor",1505,,Male,,
3029018,"Fodere, Rafael",1494,,Male,,
3026728,"Diaz, Santiago",1486,,Male,,
3017605,"Villa, Ramiro",1470,,Male,,
3028968,"Barreiro, Santino",1464,,Male,,
3036537,"Figueredo, Sebastian",1459,,Male,,
3018148,"Borrelli, Joaquin",1443,,Male,,
3016145,"Gonzalez Bodega, Juliana",1434,,Male,,
3029123,"Cotelo, Sebastian",1415,,Male,,
3026710,"Manzur, Guadalupe",1414,,Male,,
3039102,"Molina, Mario",0,,Male,,
3019896,"Omana, Ricardo",0,,Male,,
3037509,"Carozo, Jessica",,0,Male,0,
3010228,"Cayetano, Juan",2026,,Male,,
3926168,"Araque, Jairo",2008,,Male,,
3009394,"Lanzilotta, Filippo",1993,,Male,,
3013995,"Cardarelli, Leon",1981,,Male,,
3008835,"Moreno, Diego",1955,,Male,,
3004325,"Lopez Ocampo, Alejandro",1929,,Male,,
3009742,"Miller, Ariel",1917,,Male,,
3034020,"Canias, Federico",1917,,Male,,
3015246,"Steiner, Matias",1900,,Male,,
3001733,"Carbone, Pablo",1899,,Male,,
3020223,"Fauci, Bruno",1874,,Male,,
3004147,"Quevedo, Andreina",1859,,Male,,WFM
3022773,"Machado, Sheyla",1836,,Male,,
3003663,"Martinez Garay, Carlos",1813,,Male,,
3012980,"Galli, Lisandro",1799,,Male,,
3017222,"Gonzalez Valenzuela, Federico",1783,,Male,,
3016153,"Paiva, Gaston",1777,,Male,,
3029220,"Polito, Evangelina",1774,,Male,,
3020134,"Gonzalez Prestes, Marcos",1732,,Male,,
3019608,"Piriz, Facundo",1729,,Male,,
3006140,"Porteiro, Rodrigo",1726,,Male,,
3017613,"Altesor, Caterina",1714,,Male,,
3019187,"Martinez, Valentino",1702,,Male,,
81455364,"Minano Barrera, Paul Gabriel",,1629,Male,,
3850579,"Alarcon Hervias, Wilfredo Maximo",,1571,Male,,
81423101,"Cruzado Saavedra, Jhoan Zaid",,1485,Male,,
3843696,"Diaz Hoyos, Hugo Rafael Peguy",,0,Male,,
564019349,Aurik Paul De,,,Male,0,
547094001,Atharva Chandra,,,Male,1471,
429010608,Pranit Rastogi,,,Male,1454,
531045600,Inaaksh Kanchan,,,Male,1417,
564019292,Advik Asthana,,,Male,0,
429080126,Ahaan Shah,,,Male,0,
531059309,Nikhita Arunachalam,,,Female,0,
531059317,Nishita Arunachalam,,,Female,0,
564031721,Prithvish Vikram Singh,,,Male,0,
429074355,Ruhaan Taneja,,,Male,0,
547066075,Samriddho Raula,,,Male,0,
29688507,"Vera Mera, Itzae Alejandro",0,,Male,,
29699193,"Barrera Vite, Derek",1550,,Male,,
29614643,"Rodriguez Padilla, Raul",1520,,Male,,
5128919,"Garcia De Dios, Jose Antonio",2257,,Male,,CM
5130468,"Gutierrez Garcia, Vicente",2034,,Male,,
5131197,"Gasca Solis, Gerardo",1939,,Male,,
5157447,"Delgadillo Hernandez, Miguel Angel",1816,,Male,,
3675670,"Velez Cajas, Gretel Rousel",,,Male,0,
3014312,"Amaral, Jonathan",1575,1621,Male,,
3034593,"De Los Santos, Joaquin",1641,1563,Male,,
3036693,"Cartagena, Alberto",,1562,Male,0,
3020169,"Lozano, Fabio",1514,1514,Male,,
3034607,"Viglione, Daxel",0,1410,Male,0,
3035131,"Nunez Yanez, Sebastian",,0,Male,0,
3039692,"Paipo, Leonardo",0,0,Male,,
5172039,"Moreno Montiel, Enrique",1776,,Male,,
5110319,"Contreras Herrera, Ivan",1769,,Male,,
5126827,"Alvarado Zuniga, Noe",1753,,Male,,
29676746,"Carrillo Guzman, Ricardo",1738,,Male,,
5172667,"Moya Villanueva, Jose Luis",1726,,Male,,
29601053,"Gomez Cruz, Oscar",1712,,Male,,
5131642,"Flores Oaxaca, Yair Alejandro",1700,,Male,,
5111013,"Salazar Bravo, Fernando",1694,,Male,,
5157587,"Herrera Leon, Jose Arturo",1683,,Male,,
5157641,"Oropeza Montoya, Jose Martin",1674,,Male,,
5191742,"Moya Hernandez, Ian Fabian",1662,,Male,,
5183782,"Cruz Bautista, Juan Jose",1634,,Male,,
29647703,"Cano Rodriguez, Angel Ignacio",1595,,Male,,
5193486,"Hernandez Matias, Luis Alberto",1517,,Male,,
29688485,"Chaparro Estrada, Daniel",0,,Male,,
5189870,"Hernandez Ruiz, Larissa De La Luz",1641,,Female,,
5160782,"Medrano, Eslava Luna",1540,,Female,,
29699754,"Bouchot Garcia, Brianna",1752,,Female,,
29689597,"Padilla Munoz, Valeria Lizette",1520,,Female,,
29668530,"Barraza Martinez, Abigail",1511,,Female,,
29643074,"Chaparro Leon, Sofia Valeria",1400,,Female,,
550008625,"Cornejo Paredes, Maria Natzari",0,,Female,,
550017284,"Martinez Fernandez, Valeria Dannae",0,,Female,,
29689570,"Ortega Sandoval, Allizon Osmara",0,,Female,,
29627168,"Montoya Medina, Santiago",1648,,Male,,
29648599,"Nochebuena Reyes, Rene Rafael",1640,,Male,,
29638070,"Ibarra Uribe, Rene",1640,,Male,,
29642272,"Rodriguez Coca, Matteo Khaled",1544,,Male,,
29677068,"Ortiz Pena, Luis Adrian",1508,,Male,,
29668557,"Cruz Mendez, Jaime Mauricio",1493,,Male,,
29677190,"Casillas Rodriguez, Antonio Itzae",0,,Male,,
550008633,"Garcia Hernandez, Elian",0,,Male,,
550008650,"Martinez Aviles, Alan Mateo",0,,Male,,
29690277,"Osorio Lopez, Javier",0,,Male,,
5162475,"Rodriguez Juarez, Daniel Alexander",1891,,Male,,
5157730,"Rodriguez Peralta, Iker",1818,,Male,,
29627508,"Espinosa Guzman, Alfonso Naim",1772,,Male,,
5191602,"Hernandez Hurtado, Emiliano Sebastian",1695,,Male,,
29658438,"Villasenor Larios, Alejandro",1691,,Male,,
29641942,"Tapia Jaguey, Hector Roberto",1680,,Male,,
29614589,"Martinez Cruz, Axel",1651,,Male,,
5162513,"Zamora Marquez, Martin",1648,,Male,,
29624258,"Perez Amador, Sergio",1627,,Male,,
29614821,"Lopez Contreras, Alfredo Gael",1605,,Male,,
29660831,"Ramirez Martinez, Josue Gabriel",1597,,Male,,
29658411,"Martinez Garcia, Victor Manuel",1588,,Male,,
5191599,"Cornejo Alvarez, Juan",1580,,Male,,
5172640,"Moya Hernandez, Giovanni Vladislav",1570,,Male,,
29642086,"Espinosa Herrera, Josue Emiliano",1532,,Male,,
29689414,"Diaz Lucio, Josue Alonso",0,,Male,,
550008587,"Hernandez Ventura, Angel",0,,Male,,
550008595,"Sanchez Gallegos, Luis",0,,Male,,
550008617,"Ventura Pena, Santiago Alain",0,,Male,,
29627362,"Montoya Medina, Ana Sofia",1664,,Female,,
29614490,"Cruz Rangel, Luna Xareni",1645,,Female,,
29624193,"Barraza Martinez, Fernanda Zarahi",1591,,Female,,
29643066,"Chaparro Leon, Dana Karen",1546,,Female,,
29628555,"Montoya Medina, Elisabet",1541,,Female,,
29658802,"Romero Rosas, Stephanie Danile",1535,,Female,,
29689554,"Munoz Pena, Samantha",1513,,Female,,
29660866,"Trejo Monroy, Sofia",1501,,Female,,
550004883,"Cordero Lopez, Daniela Judith",1496,,Female,,
5151350,"Hurtado Montiel, Citlalli",1908,,Female,,
5157811,"Zamora Marquez, Alondra Sarahi",1618,,Female,,
29615070,"Perez Godinez, Airam Coret",1412,,Female,,
550008510,"Nonthe Nopal, Adilene",0,,Female,,
5156769,"Alvarado Rubio, Matias Uziel",2033,,Male,,
5131952,"Arzaluz Ugalde, Emmanuel",1801,,Male,,
5157609,"Lopez Carrillo, Eduardo",1779,,Male,,
5146429,"Islas Alvarez, Luis Angel",1743,,Male,,
29615062,"Olvera Gonzalez, Elias",1741,,Male,,
29641365,"Alcala Alarcon, Carlos Raul",1649,,Male,,
29643112,"Romero Torres, Miguel Angel",1635,,Male,,
29658357,"Avalos Jaen, Diego Miguel",1611,,Male,,
29615020,"Hernandez Garcia, Alexander Ulises",1577,,Male,,
29643082,"Cornejo Conde, Javier",1560,,Male,,
29660858,"Trejo Monroy, Santiago",1544,,Male,,
29689422,"Espanol Donu, Miguel Angel",0,,Male,,
81453744,"Angeles Castillo, Nhara Valentina",,0,Male,,
81474199,"Chavez Guzman, Gervahn Francisco",,0,Male,,
81459220,"Cuellar Medina, Antonio",,0,Male,,
81474490,"Laurel Garcia, Lila Nicole",,0,Male,,
81455674,"Vargas Tiznado, Daniel Fernando",,0,Male,,
81484950,"Yllanes Mantari, Yerik Alessandro",,0,Male,,
81468288,"Escobar Ortega, Nicolas",,0,Male,,
81458100,"Ilizarbe Parillo, Ethan Gael",,1462,Male,,
81442262,"Loyola Tovar, Thiago Jhon",,1449,Male,,
81446152,"Mendoza Rojas, Franco Steve",,1432,Male,,
81468121,"Calderon Rivera, Ximena Valentina",,0,Male,,
81469373,"Ccahuantico Martinez, Flavio Hugo",,0,Male,,
81410204,"Calluchi Carrillo, Thiago Andre",,1764,Male,,
81402503,"Cardenas Arrunategui, Mauricio Rafael",,1516,Male,,
3668495,"Loor Saltos, Francisco David",,,Male,1694,
81470215,"Salazar Valles, Lionel Alexander",,1421,Male,,
81441169,"Roca Luna, Jesus Joaquin",,1404,Male,,
25904396,"Vishal, Singh Bisht",,,Male,1494,
88164640,"Dev, Arora",,,Male,1492,
25175432,"Mayur, Bhambhani",,,Male,1477,
537066269,"Divyansh,",,,Male,1484,
547074159,"Aadriti, Gupta",,,Female,1480,
366100335,"Urvansh, Gupta",,,Male,1473,
547071125,"Arnav, Mehta",,,Male,1470,
547075686,"Prakhar, Dhyani",,,Male,1468,
29673356,"Villar Velazquez, Maydi",1617,,Male,,
5185947,"Martinez Nicoli, Maria Sophia",1608,,Male,,
550002945,"Harding Fonz, Maria Jose",1599,,Male,,
29644224,"Mena Ruiz, Isabel Ainara",1525,,Male,,
29691001,"De Dios Lizama, Nildy Alinne",1506,,Male,,
48751774,BHAVYA Kumar Moolchandani,,,Male,1671,
564029476,BHAVYANSH CHOUHAN,,,Male,1645,
33484791,AAYUSHMAN Gaurav Rajpurohit,,,Male,1625,
48714828,YASHA Kalwani,,,Female,1600,
537053370,Darshil Sharma,,,Male,1546,
48790656,Samarth Modi,,,Male,1506,
48754161,YUVRAJ Vaishnav,,,Male,1491,
33399352,AGHAM Surana,,,Male,1489,
429077060,ADYANT Singh Rathore,,,Male,1437,
429097290,YUVRAJ Singh Rathore,,,Male,1431,
537078666,NIVESH Bagrecha,,,Male,1410,
537078739,MANAN Kumar Sancheti,,,Male,0,
29604834,"Campos Mendez, Brandon Antonio",1838,,Male,,
29627206,"Rodriguez Pina, Luis Diego",1661,,Male,,
29673330,"Sanchez Garcia, Jackerman Daniel",1640,,Male,,
550006584,"Sarabia Gamez, Joel",1558,,Male,,
55682952,"Тодоров, Денис Олегович",,2023,Male,,
4171446,"Соломатов, Дмитрий Александрович",,1907,Male,,
4130855,"Ковалев, Евгений Валентинович",,1888,Male,,
540042235,"Пешков, Игорь Анатольевич",,1841,Male,,
4137272,"Аборнев, Тимофей",,1838,Male,,
24151416,"Горячкин, Алексей",,1834,Male,,
34119113,"Тимошенко, Николай Поликарпович",,1800,Male,,
24239674,"Гусаров, Сергей Анатольевич",,1793,Male,,
55830110,"Тарасов, Денис Владимирович",,1787,Male,,
55838146,"Ульянов, Степан Александрович",,1729,Male,,
55689256,"Вавржин, Алексей Игоревич",,1720,Male,,
24186767,"Окишев, Владимир Сергеевич",,1720,Male,,
4152190,"Шелег, Анатолий Всеволодович",,1676,Male,,
522004858,"Ростовцев, Роман Владимирович",,1663,Male,,
24168882,"Придатченков, Василий Михайлович",,1643,Male,,
4186397,"Третьяков, Владимир Григорьевич",,1616,Male,,
4148428,"Мухамадеев, Разит Шайнурович",,1590,Male,,
522088490,"Редкус, Денис Сергеевич",,1590,Male,,
522014071,"Кирьянов, Анатолий Григорьевич",,1571,Male,,
55860010,"Надеев, Ефрем Павлович",,1549,Male,,
4115040,"Шагов, Максим Николаевич",,1523,Male,,
55897878,"Казмерчук, Артем Алексеевич",,1492,Male,,
522088482,"Авдеев, Сергей Леонидович",,1487,Male,,
522057978,"Карталыков, Владислав Сергеевич",,1480,Male,,
55845150,"Смагин, Михаил Сергеевич",,1450,Male,,
570006342,"Штриккер, Кирилл Андреевич",,1443,Male,,
34171352,"Окуньков, Алексей Сергеевич",,1405,Male,,
55752985,"Казазов, Анатолий Николаевич",,1307,Male,,
522042431,"Шарков, Сергей Михайлович",,1288,Male,,
540014959,"Малахов, Александр Михайлович",,1285,Male,,
522082948,"Сафонов, Павел Владимирович",,1257,Male,,
42248590,"Vatamanu, Casiana-Nectaria",,775,Male,,
42251320,"Burdujan, Alexandru",,726,Male,,
42259568,"Lungu, Rares-Gabriel",,724,Male,,
42258839,"Munteanu, Mihnea",,723,Male,,
42259576,"Lupu, Nicolas",,701,Male,,
42256631,"Tautu, Denis-Marian",,701,Male,,
42260736,"Grasu, Damian",,701,Male,,
536027138,"Adibi, Daniyal",,1481,Male,,
562017217,"Dehbozorgi, Shariya",,1435,Male,,
562024400,"Faramarzi, Selena",,1430,Male,,
5190495,"Andrade Gurria, Diony Lucia",1773,,Male,,
5190584,"Ocana Perez, Kenia Sofia",1732,,Male,,
29659388,"Zuniga Montejo, Angeles Guadalupe",1695,,Male,,
5185831,"Solis Rueda, Daniela",1645,,Male,,
5190550,"Lopez Vina, Valeria Valentina",1607,,Male,,
5179521,"Sanchez Perez, Natalia De Jesus",1601,,Male,,
42244587,"Stachie, Matei-Ioan",,1402,Male,,
42238064,"Nedelcu, Sara-Maria",,896,Male,,
42247888,"Dobrincu, Tudor-Mihai",,868,Male,,
42256119,"Barbu, Anisia",,709,Male,,
42256127,"Bohan, Mateo-Marian",,701,Male,,
42256089,"Antighin, Ioan",,701,Male,,
42256640,"Teleche, Tudor",,701,Male,,
42256658,"Tiplea, Victor-Andrei",,701,Male,,
42256682,"Varzar, Petru-Jonathan",,701,Male,,
42245036,"Carp, Alexandru",,1667,Male,,
42250790,"Ciobanu, Dominic-Andrei",,1559,Male,,
42235120,"Silivestru, Dominic-Andrei",,1545,Male,,
42226236,"Bohan, Rares-Nicolae",,1520,Male,,
42251974,"Capatina, Sara-Eleonora",,1425,Male,,
42225329,"Bohan, Ionut-Dumitru",,1422,Male,,
42255325,"Bursuc, Narcis-Constantin",,701,Male,,
42255368,"Corodeanu, Leonardo-Marian",,701,Male,,
42252024,"Florea, Stefan-Sebastian",,701,Male,,
42255589,"Mihai, Denis-Gabriel",,701,Male,,
42255708,"Ratus, Victor-Stefan",,701,Male,,
29978734,"Kiruthikan, Kunasekaram",1603,,Male,,
80861857,"Lihaash, Mithlaj Rushal",1568,,Male,,
80862152,"Rajapaksha, R K Saveen",1548,,Male,,
29964423,"Famihath, F M",1547,,Male,,
80848788,"Amayaaran, Aruljothy",1529,,Male,,
80894380,"Nishad, Mohammed Niyas Mohammed",1519,,Male,,
80827802,"Nirmalananthan, Nilaxshiya",1514,,Male,,
29974445,"Barthelot, Thiyonne",1509,,Male,,
80867928,"Ranmira, D H Semika",1507,,Male,,
29933773,"Sandaruwan, D M G B",1489,,Male,,
80858236,"Yugxeth, Suthager",1488,,Male,,
29977207,"Farwesh, A Arham",1484,,Male,,
80818323,"Jashanth, Satheeskumar",1483,,Male,,
80804055,"Krishanthan, Kirtish",1475,,Male,,
80893627,"Kethran, Paulraj Mathan",1469,,Male,,
29947820,"Mijwath, A S M",1467,,Male,,
80858171,"Vikash, Vinothan",1466,,Male,,
29958830,"Rinoshan, K",1463,,Male,,
80851606,"Aneeq Ahamed, Mohamed Shibly",1461,,Male,,
80836496,"Yugith, Suthagar",1457,,Male,,
29974550,"Rajinikanth, Srikith Rithesh",1443,,Male,,
80894097,"Zaqeef, Ahamed",1441,,Male,,
29976251,"Pushpakanthan, Prajeeth",1435,,Male,,
29987610,"Pushpakanthan, Praneeth",1431,,Male,,
29999537,"Sasikumar, Brindesh",1431,,Male,,
80831494,"Vickneswaran, Avineesh",1429,,Male,,
80816711,"Rajaneestharan, Jeyachandran",1414,,Male,,
80836445,"Lokithaksan, Vinoth",1413,,Male,,
80823386,"Deemash, Mithlaj Rushek",1403,,Male,,
80848737,"Abisheck, Prince Prasanthan",0,,Male,,
80855547,"Addhyarshan, Indravarman",0,,Male,,
80836402,"Ahmed Bilal, Manazzir",0,,Male,,
80823106,"Ashvith, Suthaharan Ashvith",0,,Male,,
29999960,"Baskaranathan, Thiruparan",0,,Male,,
80848931,"Inaamul Hasan, Mohamed Irfan",0,,Male,,
575000326,"Janukesh, Raku",0,,Male,,
80893597,"Jerushon, Jerald Michael",0,,Male,,
80849032,"Kirithan, Thangavel",0,,Male,,
80818668,"Krishanthan, Sasmith",0,,Male,,
80816452,"Kulathevarajah, Vithorshan",0,,Male,,
80849105,"Meerujan, Mel",0,,Male,,
575000920,"Mishal Umair, Anees",0,,Male,,
29999324,"Mohamed Haikal, Maazin Abdullah",0,,Male,,
80875823,"Parameswaran, Kavishanth",0,,Male,,
80849180,"Raheethanan, Ramachandran",0,,Male,,
80877389,"Rathnayake, R M S Sanvidu",0,,Male,,
29967708,"Sananthan, B",0,,Male,,
80889336,"Sanjeth, Vanthiathevan",0,,Male,,
80804535,"Sasitharan, Anuseekan",0,,Male,,
80894488,"Sheymi, Thasmeen Abdullah",0,,Male,,
29999588,"Sothilingam, Niththilan",0,,Male,,
80804632,"Sriisharan, Sritharan",0,,Male,,
80831338,"Supalakshith, Anojkaran",0,,Male,,
29971543,"Tamim, M A",0,,Male,,
132104447,"Thuvarishan, Dinesh",0,,Male,,
80877427,"Vithyurshan, Vikneswaran",0,,Male,,
80836470,"Yanukshan, Jeyasuthan",0,,Male,,
29952123,"Zahi, I M Sayan",0,,Male,,
80877435,"Zaidh, Naseem",0,,Male,,
29996333,"Suthahar, Amshitha Shaai",1511,,Male,,
29995892,"Arunika, Suthakar",1486,,Male,,
29972132,"Hasna, A H F",1473,,Male,,
80828019,"Uthayakumar, Sajindavi",1447,,Male,,
80877460,"Kogularanjan, Shanjaki",1446,,Male,,
29975816,"Rithika Shamy, R",1435,,Male,,
80833438,"Geshna, Arunesan",1430,,Male,,
80836500,"Aiyra, Shiraj Hasith",0,,Male,,
80836518,"Amna Bisharath, Manazzir",0,,Male,,
80893066,"Anton Swarnan, Anshetta",0,,Male,,
80848877,"Dena Tanesha, Pathmanathan",0,,Male,,
80894682,"Dinojan, Atheeraksa",0,,Male,,
80894704,"Fatin, A A R A Azaayah",0,,Male,,
80833420,"George, Roshalina",0,,Male,,
80800963,"Ilma, Faleel Fathima",0,,Male,,
80863981,"Jetheeswaran, Nerusha",0,,Male,,
80890776,"Kavisha, Arrun",0,,Male,,
80893180,"Kuhan, Karuni",0,,Male,,
132109283,"Kumari, K Ranjani",0,,Male,,
80877486,"Lois Nishkalan, Ninasha",0,,Male,,
29995981,"Magathie, S",0,,Male,,
80861890,"Marasinghe, M W Savaithma Thinuli",0,,Male,,
80832423,"Naira, Nehmathullah",0,,Male,,
80862004,"Pabasara, R W Mayumi",0,,Male,,
80887511,"Perera, D Samadhi Diwyanjali",0,,Male,,
80849148,"Pradheeksha, Prabaharan",0,,Male,,
80880541,"Rajapaksha, R Gihansa Vinudi",0,,Male,,
80849202,"Rithikshaa, Abaraajithan",0,,Male,,
29975395,"Samson, Akkshatey",0,,Male,,
80832610,"Sanarthy, Surenthiran",0,,Male,,
80864570,"Suthakar, Moviya",0,,Male,,
80898939,"Umaaruban, Yaashni",0,,Male,,
81432453,"Urbano Pilco, Joaquin Alejandro",,,Male,1574,
81452969,"Valdez Canepa, Emilio Eduardo",,1554,Male,,
3881997,"Javier Ceron, Ian Fabrizio",,1438,Male,,
81444702,"Corrales Huaman, Thiago Andres",,,Male,1461,
81420170,"Alberco Anglas, Herbert Sebastian",,,Male,1434,
81441509,"Lara Arosti, Jacob Andre",,,Male,1416,
81460317,"Ccoa Huaman, Ady Liam",,,Male,0,
81463359,"Enriquez Velasquez, Evans Fabricio",,,Male,0,
81483244,"Estela Arias, Saira Stephanie",,,Male,0,
81426127,"Garcia Escobar, Matias Donato",,,Male,0,
81477767,"Soldevilla Zorrilla, Leonardo Jesus",,,Male,0,
29673224,"Sastre Dominguez, Emilio Alejandro",1782,,Male,,
550002732,"Coa Guzman, Juan Miguel",1712,,Male,,
29604761,"Almaraz Bautista, Julio Cesar",1624,,Male,,
550014161,"Castro Castellanos, Larry",1594,,Male,,
29659310,"Garduno Payro, Yael Alfonso",1584,,Male,,
550006614,"Maya Rueda, Jorge Fabrizio",1532,,Male,,
12556858,"Kamaei, Navid",,,Male,1758,
12558850,"Darvishi, Masoume",,,Male,1738,
42560454,"Mazloomi, Mohammad",,,Male,1660,
42528542,"Esfandiari, Arzhang",,,Male,1579,
42541174,"Shiani, Abdolamir",,,Male,1540,
536055069,"Golpour, Narvan",,,Male,1450,
428023005,"Deylami, Helma",,,Male,1401,
42541077,"Bazofti, Amir Ali",,,Male,0,
536049328,"Ghobeyshi, Maryam",,,Male,0,
42560446,"Mazloomi, Asma",,,Male,0,
536055239,"Mohamadian, Roza",,,Male,0,
536055255,"Nekohi, Baran",,,Male,0,
5153450,"Cruz Lopez, Ariana Itzel",1742,,Male,,
5181003,"Peralta Jimenez, Mayrin Elizabeth",1730,,Male,,
5166446,"Jimenez Canul, America Yanine",1598,,Male,,
550002678,"Arenas Medina, Arled Michelle",1566,,Male,,
5179513,"Sanchez Perez, Fernanda Ivet",1544,,Male,,
25914880,"Mouli, Lovi",,,Male,1549,
5153590,"Munoz Morales, Angel Bernardo",2089,,Male,,
5185424,"Ramirez Broca, Edel Emiliano",1807,,Male,,
5175399,"Acevedo Morales, Leonardo",1778,,Male,,
5150493,"Lopez Vina, Samuel Ernesto",1728,,Male,,
29643902,"Zavala Hernandez, Felipe Andres",1682,,Male,,
5179432,"Cruz Lopez, Victor Jose",1620,,Male,,
3206688,"Attwood, James",,,Male,1919,
5255945,"Sadey, Rinoa Mariel",,,Female,1896,
129105219,"Du, Jingtian Daris",,,Male,1846,
5841534,"Ong, Qi Yi",,,Male,1815,
25034880,"Ashiq, Mohammed",,,Male,1786,
5803292,"Choo, Tong Neo",,,Male,1771,
5833442,"Poon, Ee Rui",,,Male,1755,
5836506,"Timothy, Gerard Lopez",,,Male,1718,
5857228,"Gan, Kai Yang Luke",,,Male,1698,
5834660,"Sim, Ming Yi",,,Male,1696,
5840007,"Ng, Yu Cheng Rigel",,,Male,1667,
6013180,"Chu, Wa Ching David",,,Male,1624,
5841496,"Ng, Jacob Euben",,,Male,1618,
5851734,"Ong, Ee Ming Julian",,,Male,1601,
5865921,"Huang, Enya",,,Female,1586,
5835844,"Arin, Chaudhary",,,Male,1569,
5833957,"Loh, Kai Ern Euan",,,Male,1562,
5834228,"Ho, Rui Jie Jonathan",,,Male,1545,
5872448,"Ghosh, Amitabh Arthur",,,Male,1540,
5850401,"Zhao, Ruoyang",,,Male,1522,
5836255,"Ng, Hui Kwang",,,Male,1513,
5832705,"Wu, Qihan",,,Female,1502,
8658307,"Wu, Yuhang(Sh)",,,Male,1498,
35835400,"Tan, Yu Yang",,1404,Male,1509,
33345317,"Shlok, Makhijani",,,Male,1457,
5857210,"Gan, Kai Sin Clara",,,Female,1451,
5877253,"Ramirez, Dione Albert",,,Male,1450,
5869722,"Loh, Asher",,,Male,1448,
33341931,"Rishil, Tatavarthi",,,Male,1446,
5867894,"Tan, Yong Zhi",,,Male,1442,
5864208,"Tan, Kah Choon Connery",,,Male,1441,
5835488,"Neo, Zuo Yuan Daryl Ian",,,Male,1436,
5860407,"Wije Pradesh, Avnish",,,Male,1430,
5840236,"Lee, Kar Yan Rebekah",,,Female,1423,
5868211,"Goh, Jia Rui",,,Male,1421,
5863430,"Teo, Zi You",,,Male,1421,
5867096,"Tan, Jing Hern Julian",,,Male,0,
5854717,"Prasad, Aryan",,,Male,1408,
129105424,"Tan, Nelson",,,Male,1406,
429081726,"Kabir, Tejuja",,,Male,0,
5840252,"Koh, Aaron Keng Kai",,,Male,0,
547012978,"Kumudan,",,,Male,0,
5882427,"Lim, Zhong Yi Joseph",,,Male,0,
5876206,"Loh, Zhen Ze Axel",,,Male,0,
5882109,"Nair, Vedant Praveen",,,Male,0,
5836247,"Ng, Jing Qi Ashley",,,Female,0,
531037658,"Niharika, Vijayakumar",,,Female,0,
5877261,"Ramirez, Kale Ethan",,,Male,0,
5861268,"Sambath, Aphiwat",,0,Male,,
33345309,"Sharan, Makhijani",,,Male,0,
5865140,"Tan, Wei Yong Harry",,,Male,0,
5863074,"Teo, Yu Jane",,,Female,0,
5858364,"Tong, Bin Jun Edward",,,Male,0,
5860393,"Wije Pradesh, Ashwwanth",,,Male,0,
8643938,"Yu, Ziheng",,,Male,0,
13808524,"Kurbanbaev, Zalkar",,2057,Male,,
13826905,"Turksoi, Zhanpolat",,2002,Male,,
13809121,"Sultangaziev, Amir",,1951,Male,,
13811835,"Rakhatbekov, Tilegen",,1888,Male,,
13831283,"Nurov, Baizak",,1864,Male,,
13833952,"Surkeev, Shumkar",,1850,Male,,
13849697,"Daudov, Timur",,1822,Male,,
13851039,"Temirbekov, Baiaman",,1780,Male,,
13830325,"Isakov, Amin",,1756,Male,,
13819909,"Daiyrbekov, Nursultan",,1737,Male,,
13841122,"Nurbekov, Ali Nur",,1737,Male,,
13820621,"Sagynbekova, Zhibek",,1725,Male,,
13829734,"Duishenaliev, Eldar",,1685,Male,,
13819976,"Azyrankulov, Aktilek",,1676,Male,,
13819968,"Arzymatov, Dastan",,1585,Male,,
13821938,"Zhunusaliev, Islam",,1582,Male,,
13841335,"Bekturov, Atai",,1515,Male,,
55871038,"Ремзина, Арина Сергеевна",1465,,Male,,
55871089,"Шлемен, Анна Павловна",0,,Male,,
3407977,"Barrientos Medina, Sebastian",,1644,Male,,
3438406,"Quintulem Diaz, Jose",,1589,Male,,
3432572,"Concha Vargas, Marcelo",,1581,Male,,
3449599,"Ampuero Camacho, Simon Julian",,1543,Male,,
3447197,"Peña Aguirre, Alejandro",,1526,Male,,
3444937,"Farias Rojas, Eduardo Andres",,1486,Male,,
3412148,"Huaiquil Lincoñir, Guillermo",,1459,Male,,
525000136,"KOLBAŞI, ÇINAR",,,Male,1191,
3439550,"Mora Seguel, Raul",,1443,Male,,
3426726,"Jara Pino, John Marcelo",,1403,Male,,
3471209,"Olivares Sochting, Carlos",,1372,Male,,
3424766,"Ojeda Aguila, Rodrigo",,1367,Male,,
3440796,"Salinas Vera, Fredy",,1367,Male,,
3431916,"Barra Benavente, Jorge Ignacio",,1304,Male,,
3479242,"Mejia Mora, Javier Alonso",,1299,Male,,
3412261,"Silva Hormazabal, Katherine",,1288,Male,,
8612781,"Cui, Chris",,1909,Male,,
22508074,"Khosravi Mahmoei, Hasti",,,Male,1951,
22568670,"Yousefian, Maedeh",,,Male,1922,WFM
36773840,"Hajisadeghian, Dina",,,Male,1565,
36711012,"Akbari Zamani, Roz",,,Male,1531,
36784990,"Habibi, Maral",,,Male,1512,
36785040,"Jabbaritanha, Hamide",,,Male,1512,
42762944,"Alghaje, Helma",,,Male,1496,
42755069,"Karami, Raha",,,Male,1476,
32734085,"Naem, Setayesh",,,Male,1419,
36769886,"Niknejadi, Samin",,,Male,1406,
536027561,"Abbasi, Mahvin",,,Male,0,
536051900,"Akbari, Ailin",,,Male,0,
42704324,"Alghajeh, Zeynab",,,Male,0,
428073894,"Asgari, Zahra",,,Male,0,
428083318,"Heydari, Helma",,,Male,0,
428049454,"Jazi, Mahsa",,,Male,0,
536027880,"Mohammadi Parsa, Golsan",,,Male,0,
536027898,"Mohammadi Parsa, Mahsan",,,Male,0,
428040767,"Shakeripour, Nilofar",,,Male,0,
42713277,"Sharifi, Elnaz",,,Male,0,
536024872,"Sharifi Fard, Liya",,,Male,0,
540073971,"Ермаков, Святослав Романович",,,Male,1071,
34128848,"Удалов, Алексей Борисович",,1886,Male,,
55746608,"Сахно, Максим Викторович",,1547,Male,,
522060871,"Тараненко, Виктор Андреевич",,1410,Male,,
34462244,"Лохматова, Дарья Дмитриевна",,1390,Male,,
55656501,"Шрейдер, Степан Евгеньевич",,1339,Male,,
540044530,"Полуешкин, Юрий Андреевич",,1317,Male,,
55688861,"Масленников, Алексей Алексеевич",,1290,Male,,
540043339,"Носова, Полина Михайловна",,1271,Male,,
2863235,"Сафир, Ярослав Евгеньевич",,,Male,1659,
525034820,"GÜL, HÜSEYİN ALİ",,,Male,1127,
42519985,"Yadegar, Radin",,2407,Male,,FM
22502203,"Atakhan, Abtin",,2404,Male,,IM
42548195,"Moosavifar, Seyed Abolfazl",,2394,Male,,FM
22510842,"Azadi, Amirmohammad",,2350,Male,,
32722389,"Sharafi, Amirhossein",,2247,Male,,
12506435,"Mashatan, Reza",,2150,Male,,
42554799,"Nazeri, Nima",,2127,Male,,
32712723,"Mahdizadeh, Sadra",,2105,Male,,
22555293,"Karimi, Setayesh",,2091,Male,,WFM
42790093,"Rezapour, Radman",,2039,Male,,
12501824,"Doostkam, Pouyan",,2027,Male,,CM
42513138,"Ghorbani, Sina",,2015,Male,,
22555412,"Mehran, Hossein",,1986,Male,,
12502804,"Shafei, Hamid",,1979,Male,,
22534270,"Ghaffarifar, Emad",,1978,Male,,
42790263,"Esmaili, Arsha",,1971,Male,,
36798070,"Toosi, Mohammad Yasin",,1961,Male,,
32739443,"Lotfizadeh, Radin",,1908,Male,,
12526029,"Raji Ghasemi, Hamid Reza",,1895,Male,,
32753160,"Raji Ghasemi, Mohammad Danial",,1880,Male,,
428035402,"Taheri, Amirali",,1865,Male,,
32719434,"Garousian, Vania",,1833,Male,,
42528623,"Ghafouri, Mohammad Javad",,1828,Male,,
42575672,"Kian Sirat, Yasin",,1825,Male,,
42772923,"Forouhar, Pendar",,1825,Male,,
22510559,"Safa Joo, Mohammad Ali",,1814,Male,,
42545366,"Golhashem, Mohammad Mehdi",,1810,Male,,
36761230,"Habibi, Mehrab",,1806,Male,,
12538400,"Fooladinejad, Iman",,1782,Male,,
12509795,"Shokri, Firouz",,1782,Male,,
36759775,"Saraie, Amirali",,1781,Male,,
562007521,"Tayebi, Seyed Mohammad Javad",,1771,Male,,
36794708,"Taheri, Babak",,1766,Male,,
12510963,"Mehrabi, Manouchehr",,1765,Male,,
36756504,"Bakhtiyari, Sotoudeh",,1757,Male,,
428021525,"Pour Rahmani, Hadi",,1757,Male,,
36731595,"Badali Melkonians, Emil",,1753,Male,,
42773229,"Rafiei, Mobin",,1753,Male,,
22550470,"Hamidi, Shadi",,1750,Male,,
42721601,"Norouzi, Sam",,1748,Male,,
12584622,"Ghorbani, Kambiz",,1747,Male,,
562011073,"Ghasemi, Mohammad Amin",,1740,Male,,
12569852,"Valipoor, Amir Mohammad",,1740,Male,,
22501550,"Kamran, Ali",,1733,Male,,
22505431,"Sadri Alamdari, Farzam",,1728,Male,,
42545897,"Kenari, Arshia",,1724,Male,,
42795567,"Shafiei, Ali",,1719,Male,,
42726727,"Mohammad Taghi, Darya",,1703,Male,,
12522520,"Mahmoudi, Pouria",,1697,Male,,
12503150,"Fardbehbahani, Behnam",,1696,Male,,
12525804,"Ehteramian, Hossein",,1690,Male,,
12501417,"Akhavan Rad, Aliasghar",,1688,Male,,
36769983,"Gholamnezhad, Bardia",,1686,Male,,
42791146,"Babaee, Kian",,1685,Male,,
42734924,"Mahdiyan, Seyed Mohammad Aeen",,1681,Male,,
12522376,"Ghasempour, Hossein",,1675,Male,,
562015796,"Bazari Jamkhaneh, Amirhossein",,1673,Male,,
42563860,"Marvi, Targol",,1671,Male,,
536035726,"Shir Ali, Barbod",,1663,Male,,
12530360,"Kaveh, Taghi",,1654,Male,,
428038649,"Rahnemania, Abdossamad",,1649,Male,,
42705266,"Alavizadeh, Mohammadreza",,1645,Male,,
42739837,"Vatankhah Sharabiani, Amir Abbas",,1634,Male,,
22584234,"Sharifzadeh, Jalal",,1629,Male,,
562034340,"Hoseini Kia, Seyed Aref",,1609,Male,,
42710928,"Nosrati, Zhina",,1600,Male,,
22512608,"Salehi, Hosein",,1595,Male,,
12533882,"Mohammadzadeh, Hadi",,1591,Male,,
36771295,"Abbaszadeh, Pedram",,1583,Male,,
42509955,"Ghaffarifar, Aylin",,1583,Male,,
36759210,"Delgoshad, Amin",,1573,Male,,
428060415,"Bash Afshar, Amirali",,1572,Male,,
12583278,"Jaladati, Esmaeil",,1554,Male,,
428072898,"Yarandi, Seyed Kian",,1554,Male,,
536001090,"Shokri, Mohammadreza",,1552,Male,,
12522538,"Mighani, Saeid",,1550,Male,,
428067924,"Khodaei, Kourosh",,1546,Male,,
36784400,"Ramezani Emameh, Sorena",,1545,Male,,
36789895,"Farahani, Shayan",,1537,Male,,
428052773,"Aghamali, Mohammadtaghi",,1529,Male,,
428027710,"Javadi, Saeed",,1526,Male,,
32789513,"Mehrjoo, Matin",,1526,Male,,
562015184,"Azim Zade Mosavi, Seyed Hasan",,1508,Male,,
540090345,"Голубева, Вера Андреевна",,,Male,1235,
522080600,"Богданов, Алим Ринатович",,,Male,1167,
540009939,"Гезиков, Андрей Иванович",,,Male,1130,
51691329,"AVCI, UĞUR",,,Male,1015,
428004566,"Shahabi Gharib, Shervin",,1508,Male,,
562011715,"Khazaei, Sobhan",,1507,Male,,
42731224,"Nourizad Chianeh, Arad",,1498,Male,,
42540089,"Omidi, Hamid",,1497,Male,,
42731232,"Nourizad Chianeh, Ariyan",,1492,Male,,
536083194,"Rokouei, Armin",,1481,Male,,
562008927,"Nabaei Ghahrodi, Mohammad",,1471,Male,,
428067851,"Alizadeh, Aref",,1468,Male,,
428004051,"Kani, Negin",,1466,Male,,
32753241,"Rafieizadeh, Arshia",,1466,Male,,
562011936,"Minaei, Amir Yousef",,1460,Male,,
12533904,"Mostaghasi, Mehran",,1460,Male,,
12585181,"Ghaffarifar, Masoud",,1453,Male,,
562015230,"Rezaei Kalantari, Bardia",,1445,Male,,
428036220,"Mohagheghi, Arash",,1439,Male,,
42729050,"Ansarifard, Helia",,1435,Male,,
428096010,"Kashani, Hesam",,1432,Male,,
428047435,"Manavi Amin, Mohammad Reza",,1421,Male,,
42795575,"Shafiei, Fatemeh",,1415,Male,,
536062413,"Ghojabagli, Mahdi",,1413,Male,,
428076460,"Alinaghian, Mohammad Erfan",,1406,Male,,
42745110,"Azimi Aghghaleh, Amir Hossein",,1406,Male,,
536007897,"Farmani, Arvin",,1406,Male,,
428012550,"Alavizadeh, Hasti",,1401,Male,,
428028252,"Asad Zadeh, Pasha",,0,Male,,
428014103,"Azizi, Ali",,0,Male,,
562016504,"Ghorbani, Mojtaba",,0,Male,,
536019518,"Kashefinejad, Shayan",,0,Male,,
25126466,"Milan, S Gowda",,,Male,1631,
33341052,"Rishi, M S",,,Male,1551,
33432449,"Gaargi, S P",,,Female,1515,
558058885,"Mohit, Reddy P",,,Male,1497,
25189670,"Darshan, B V S",,,Male,1481,
558071369,"Shravanth, M",,,Male,1475,
547068647,"Viraat, Indresh",,,Male,1474,
547015934,"Harshavardhana, S P",,,Male,1462,
537020587,"Dishanth, N",,,Male,1461,
25189964,"Purvaj, M V",,,Male,1445,
537019473,"Arjun, Honagodu",,,Male,1443,
33432406,"Chirag, C S",,,Male,1438,
547081490,"Krshang, Ajay Rao",,,Male,1427,
25909134,"Bhavish, S",,,Male,1421,
88164101,"Poorvith, I S",,,Male,1416,
558071210,"Macharla, Jyothi Siva Swaroop",,,Male,1414,
429006260,"Samarth, B S",,,Male,1412,
33340587,"Bhanu, Prasad M",,,Male,1402,
558058800,"Daivik, M V",,,Male,0,
547087455,"Divith, U V",,,Male,0,
558058770,"Hanvika, V Rao",,,Female,0,
547088222,"Manvith, Gowda S",,,Male,0,
537020684,"Sathvik, P Dixit",,,Male,0,
564030873,"Shouri, H S",,,Male,0,
25190059,"Suhas, M",,,Male,0,
12531944,"Khorasanian, Masoud",,1838,Male,,
32769350,"Mohammadikia, Omid",,1838,Male,,
42556694,"Abdollahi, Eliya",,1742,Male,,
32788711,"Askari, Amin",,1667,Male,,
22589996,"Haghighi Manesh, Reza",,1666,Male,,
32782624,"Rafiepour, Ali",,1617,Male,,
36701327,"Hashemi, Mohammadreza",,1545,Male,,
562003909,"Salehian, Mohamad Reza",,1535,Male,,
42738911,"Salimi, Anita",,1482,Male,,
42770211,"Arab Ansari, Taha",,1480,Male,,
42533198,"Rasoul Zadeh, Behrooz",,1444,Male,,
42729432,"Basirinezhad, Benyamin",,1410,Male,,
536078182,"Hashemi, Ardalan",,1401,Male,,
428076311,"Gharehdaghli, Yaser",,0,Male,,
48710970,"Puneet Verma,",,,Male,1966,
5023726,"Smeeru thakur,",,,Male,1854,
48792543,"Shivam Thakur,",,,Male,1783,
5029899,"Rajesh kumar Nath,",,,Male,1730,
35004255,"Vipan Kumar,",,,Male,1707,
88119890,"Gourav Rana,",,,Male,1677,
88175464,"Tejesvi Thakur,",,,Male,1666,
46685936,"Vivek sharma,",,,Male,1650,
45061971,"Chaman lal Thakur,",,,Male,1517,
531058884,"Payal Thakur,",,,Male,0,
3222500,"Gong, Patrick",,,Male,2404,IM
3261425,"Balavignan, Ashvin",,,Male,2050,CM
3245721,"Shah, Neville",,,Male,1787,
3226778,"Hardegen, Kathryn",,,Male,1754,WFM
4321685,"De Guzman, Jessie",,,Male,1732,
11003839,"Gwezere, Cecil",,,Male,1710,
5749450,"Teh, Hui Lam",,,Male,1683,
3286762,"Mahanidis, Jet",,,Male,1660,
3258505,"Harris, Eamon",,,Male,1571,
3286789,"Wong, Aaron",,,Male,1553,
3245691,"Harirajesh, Barath",,,Male,1529,
3268250,"Huang, Yuqi (Ricky)",,,Male,1514,
3235963,"De Vas, Yonal",,,Male,1463,
3278832,"Thomson, Daney",,,Male,1426,
3230015,"McAteer, Ian",,,Male,1393,
3243176,"Gough, Dylan",,,Male,1379,
3247570,"Clarke, Daniel",,,Male,1364,
3251390,"Chen, Angus",,,Male,1346,
365104803,"Malik, Aidan",,,Male,1345,
3247597,"Huang, Hui",,,Male,1318,
3288323,"Le, Quang Minh",,,Male,1302,
3258548,"While, Lyndon",,,Male,1302,
33386226,"Koppolu, Rohit",,,Male,1285,
3266729,"Liyanage, Nithuli",,,Male,1275,
3296776,"Bartlett, Joshua",,,Male,1259,
3228304,"Wolstencroft, Alan",,,Male,1238,
3277100,"Booth, Guy",,,Male,1195,
3268195,"Ahmad, Zeeshan",,,Male,1178,
35816694,"Rithauddin, Florentyna",,,Male,1034,
3252078,"Gough, Sebastian",,,Male,991,
3250580,"De Vas, Senudi",,,Male,963,
3291499,"Rotter, Luca",,,Male,945,
3293718,"Luong, Daniel",,,Male,874,
3296580,"Tran, Henry",,,Male,735,
3286720,"Brackenridge, Zeno",,,Male,596,
3274918,"Pasare, Prishaa",,,Male,399,
3291782,"Nagaa, Vidhith",,,Male,261,
35870338,"Muhammad, Ammar Bin Mohd Hairil",,,Male,1570,
35861266,"Arsyad, Bin Anuar",,,Male,1538,
35874970,"Wan, Mohamad Zharfan Bin Wan Mohd R",,,Male,1527,
35823038,"Nurelhelwa, Hilma Binti Haiful Halan",,,Male,1489,
35878819,"Wan, Eiyad Fahri",,,Male,0,
92201111,"محمد نصر الزوبيك,",,1665,Male,,
42524164,"Samimi, Armin",,2227,Male,,FM
22586636,"Sherafat, Mahdi",,2113,Male,,
12562220,"Baneshi, Mahan",,2095,Male,,
42543789,"Ghasemi, Matin",,2071,Male,,
12502596,"Daneshpour, S.H.",,2005,Male,,
36799858,"Kargar Fard, Mohammad Parsa",,2003,Male,,
42565103,"Abedi, Sorosh",,1968,Male,,
22541292,"Shirazi, Milad",,1887,Male,,
42717990,"Kowsari, Roshana",,1833,Male,,
36729590,"Keshavarzi, Armin",,1830,Male,,
36757934,"Hashemi, Parsa",,1784,Male,,
12587478,"Tadayonian, Mojtaba",,1769,Male,,
32734786,"Rahmanian, Hosein",,1689,Male,,
428076257,"Ghahramani, Amir Hossein",,1686,Male,,
428059190,"Ghasemi, Mahan",,1684,Male,,
42504848,"Salimi, Aziz",,1669,Male,,
42732018,"Mohammad Ebrahimi, Amirhosein",,1575,Male,,
536030082,"Borzoie, Mohammd Amin",,1552,Male,,
36741620,"Arjomandi Nezhad, Javid",,1551,Male,,
536021539,"Zahmatkesh, Mehrsam",,1549,Male,,
36774294,"Binaei, Pona",,1535,Male,,
42725941,"Mokameli, Pourya",,1529,Male,,
536080276,"Andishgar, Hirad",,1508,Male,,
536021547,"Zare, Parsa",,1460,Male,,
428019040,"Nejati, Behshad",,1458,Male,,
36722103,"Akbari, Samin",,1417,Male,,
536050261,"Karimi Khorami, Delsa",,1412,Male,,
42718066,"Shahriary, Leila",,0,Male,,
536044920,"Zare, Kian",,0,Male,,
14137461,"Штонь, Роман Мс",,2297,Male,,
34165703,"Чуваєв, Ігор",,2081,Male,,
34114130,"Оноприйчук, Денис",,1899,Male,,
34189424,"Крамаренко, Ілля",,1797,Male,,
34144030,"Рябець, Руслан",,1728,Male,,
34114319,"Іванюша, Вікторія",,0,Male,,
447007559,"Yerbulatov, Almadi",,1910,Male,,
51698501,"KIZILKAYA, ŞULENAZ",,,Male,1000,
13761927,"Sukhanov, Nikita",,1803,Male,,
13754033,"Saduakas, Nurassyl",,1766,Male,,
447042524,"Kairat, Alinur",,1723,Male,,
447035285,"Kozhamberdiyev, Maratbek",,1677,Male,,
557004730,"Mukhit, Ernur",,1588,Male,,
557013926,"Saduakhas, Asylai",,1546,Male,,
447064099,"Dauletkhan, Miras",,1519,Male,,
447029749,"Alemanova, Amira",,1513,Male,,
447091177,"Kaimushev, Nurbek",,1473,Male,,
13779117,"Shaimov, Almas",,1445,Male,,
447069899,"Fedorov, Yakov",,0,Male,,
557016232,"Kachan, Maxim",,0,Male,,
557008876,"Maksutzhanov, Askar",,0,Male,,
557008850,"Talap, Arshat",,0,Male,,
447086904,"Yerbulatov, Rassul",,0,Male,,
11654910,"Valainis, Alberts",,1552,Male,,
11652799,"Jukāms, Rihards",,1436,Male,,
11645075,"Romanovs, Gabriels",,1417,Male,,
11648090,"Borovikovs, Timofejs",,1414,Male,,
11639750,"Dagenvalds, Ralfs",,1404,Male,,
11638850,"Gončaruks, Daniils",,0,Male,,
11636939,"Troņenkovs, Austris",,0,Male,,
11647370,"Gailums, Ronijs",,0,Male,,
11651172,"Pugo, Tomass",,0,Male,,
11647990,"Rusaks, Daniils",,0,Male,,
11650575,"Bethers, Henrijs",,0,Male,,
11646128,"Borisovs, Radmirs",,0,Male,,
11652802,"Frinbergs, Ričards",,0,Male,,
11650974,"Krastiņš, Gatis",,0,Male,,
11653850,"Radziņš, Raiens",,0,Male,,
11658266,"Rumbenieks, Klāvs",,0,Male,,
11650982,"Strods, Ervīns",,0,Male,,
11653027,"Titovs, Klims",,0,Male,,
11653868,"Volcenko, Simons",,0,Male,,
11655720,"Arzamascevs, Itans",,0,Male,,
11650990,"Batrags, Rojs",,0,Male,,
11647728,"Lārmane, Tīna",,0,Male,,
11652810,"Uhova, Evelīna",,0,Male,,
11650656,"Pranča, Natālija",,0,Male,,
11641037,"Citskovskis, Janis",,1580,Male,,
11636394,"Grigorjevs, Kristers",,1546,Male,,
11632526,"Lārmanis, Tomass",,1490,Male,,
11644699,"Kluss, Antons",,1484,Male,,
11621346,"Zommers, Ralfs",,1482,Male,,
3658716,"Sangoluisa Sotamba, Matias Leandro",,,Male,1598,
11624582,"Dīriņš, Reinis",,0,Male,,
447018151,"Bakytzhanuly, Sanzhar",,1630,Male,,CM
11640022,"Volcenko, Stepans",,0,Male,,
11645067,"Brics, Regnārs",,0,Male,,
44598017,"ATIŞ, HASAN",2094,,Male,,
26387263,"OKUR, BATIN",2020,,Male,,
34500057,"GECE, UĞUR",2002,,Male,,
26390574,"AYDOĞAN, ARYA",1947,,Male,,
6304486,"KOÇ, İLKAY",1925,,Male,,
6333451,"DEMİRAĞ, GÖKHAN",1907,,Male,,
6383700,"KONUK, ALİ",1902,,Male,,
51616610,"ULUER, BURAK",1894,,Male,,
6356133,"DEMİRAĞ, BATUHAN",1887,,Male,,
6300952,"TAŞAN, MEHMET AŞKIN",1871,,Male,,
26302535,"TAŞ, CUMALİ EREN",1864,,Male,,
34502475,"HAMURCU, MEHMET",1854,,Male,,
26391899,"EMRE, ERDEM",1845,,Male,,
51697416,"DEMİRTAŞ, EYMEN",1839,,Male,,
44581505,"HARMAN, ONGUN",1830,,Male,,
51678233,"SARIOĞLU, HAKAN BORA",1826,,Male,,
34504265,"YENİÇIRAK, GÖKDENİZ EGE",1805,,Male,,
525040200,"SAVAŞKAN, MAHMUT CAN",1799,,Male,,
51617072,"ÖZMEN, ŞEVKET MERT",1791,,Male,,
51624672,"TOPTAL, UYGAR ALTAN",1788,,Male,,
51679655,"DERE, ALİ METE",1772,,Male,,
51616955,"KOYUNOĞLU, ÖMER ALP",1770,,Male,,
51683113,"KASIMOĞLU, KAAN ÇINAR",1765,,Male,,
6343040,"KOBYAOĞLU, YUSUF ZİYA",1749,,Male,,
44560001,"ANIK, ABDULLAH MERT",1743,,Male,,
11648449,"Gubina, Nika",,0,Male,,
11650621,"Mazajeva, Anastasija",,0,Male,,
11634839,"Supina, Paula",,0,Male,,
51619946,"ÇETİN, BEREN",1729,,Male,,
26399849,"SITKI, MUHAMMED UMUD",1726,,Male,,
51616157,"DEMİRBAĞ, ERTUĞRUL",1725,,Male,,
51679183,"AKSOY, KEREM ALP",1715,,Male,,
51622696,"DOĞAN, DORUK",1708,,Male,,
51681463,"BEKTAŞ, ÇINAR",1701,,Male,,
51625148,"AYAZ, EREN",1700,,Male,,
51643138,"ALİM, MEHMET EMİR",1697,,Male,,
6307230,"ERKE, MUSTAFA YİĞİT",1674,,Male,,
6388710,"PAZARCIOĞLU, İLKER",1658,,Male,,
26376598,"ÇAY, EMİN GÜRAY",1642,,Male,,
525004280,"ÜNAL, EMİRCAN",1642,,Male,,
51643545,"GÖLPINARLI, ALİ EMRE",1638,,Male,,
6343015,"KARABULUT, ÜMİT",1634,,Male,,
51697874,"ODABAŞ, İSMAİL MERT",1634,,Male,,
51668718,"SAĞDIÇ, EYÜP",1615,,Male,,
51699710,"FİRDİN, MEHMET EYMEN",1608,,Male,,
51682532,"UYSAL, ULAŞ",1606,,Male,,
51604531,"KARA, SELİM",1597,,Male,,
26365707,"DOĞAN, YİĞİT",1580,,Male,,
525025317,"TÜRK, ARDEN",1576,,Male,,
51603721,"AYYILDIZ, KUZEY ALP",1567,,Male,,
51619377,"KAHRAMAN, SEYİT KADİR",1528,,Male,,
44549377,"GÜRTÜRK, ÖMER RAŞİT",1522,,Male,,
525000101,"KİLİM, GÖKTUĞ BATUR",1511,,Male,,
51650681,"DEMİR, MUHAMMET EMRE",1505,,Male,,
525005715,"ÖZKAN, KEREM",1503,,Male,,
51606305,"CİNKİZ, NİLAY",1487,,Male,,
6370578,"PARLARKILIÇ, ENGİN",1486,,Male,,
525013106,"YILMAZ, EREN",1478,,Male,,
525004271,"YÜCESOY, CİM",1446,,Male,,
51668262,"DEMİR, AHMET CAN",1437,,Male,,
525035100,"UZUNHASANOĞLU, EREN",1399,,Male,,
51696894,"CANDAN, AZRA BELİS",1394,,Female,,
26367696,"DAVAT, ERGÜN",1382,,Male,,
525012991,"TUZLACI, YİĞİT",1373,,Male,,
51684519,"ÖMÜR, OSMAN TOPRAK",1371,,Male,,
525035827,"İNCE, SİMA",1367,,Female,,
51684136,"ÇELİK, RUMEYSA",1359,,Female,,
525035681,"FİŞNE, RAVZA",1349,,Female,,
525000381,"ARSLAN, BEYZA",1348,,Female,,
51691450,"BAYRAKDAR, EFE",1339,,Male,,
51681080,"ÖZTÜRK, ESLEM ERVA",1328,,Female,,
51685183,"ŞAHİN, TAHSİN EGE",1323,,Male,,
525017667,"MELETLİ, TAHA",1311,,Male,,
51631938,"CEVHER, MELİH",1310,,Male,,
51609509,"ÖZÇAKIR, HÜSEYİN ARDA",1296,,Male,,
51697556,"GÜLBAHAR, YASİN",1291,,Male,,
26316730,"AÇIL, TUNA",1281,,Male,,
525031562,"ERTEK, HAFSANUR",1266,,Female,,
525020196,"ÖLMEZ, BETÜL SEVDE",1258,,Female,,
525019503,"ÇOBAN, DERİN",1254,,Female,,
51642700,"ENEZ, FİRDEVS ELİF",1219,,Female,,
26360578,"SARİALİ, ŞEVVAL ZEYNEP",1181,,Female,,
525029827,"ASLANHAN, İSMAİL BATUHAN",1173,,Male,,
525017187,"YILMAZ, ÖMER ASAF",1171,,Male,,
525028022,"BİLAZER, DURU",1163,,Female,,
26357305,"TEKKE, ALPER TARIK",1134,,Male,,
51697297,"BAHÇEKAPILI, ORHUN YAMAN",1103,,Male,,
26357224,"KOT, ARAS",1089,,Male,,
525028057,"SANCAK, ZEHRA",1089,,Female,,
6343023,"KESKİN, AYHAN",1085,,Male,,
525038850,"YAĞCI, AYŞE NUR",0,,Female,,
51692155,"ÇOBAN, KEMAL",1648,,Male,,
525001493,"CANDAN, ALYA BEREN",1617,,Female,,
525001604,"GÜNAYDIN, ELİF DURU",1605,,Female,,
51699095,"ALTINDAŞ, ALİ SALİH",1520,,Male,,
525000934,"ÖZKILIÇ, YİĞİT",1518,,Male,,
525014030,"ÇEKER, ERTUĞRUL UTKU",1508,,Male,,
51680696,"YILDIRIM, MEHMET SELİM",1466,,Male,,
51678551,"ESEN, BİLGE",1438,,Female,,
525025082,"UZUN, MEHMET İRFAN",1435,,Male,,
525016253,"TONYALI, ALİ TAHİR",1422,,Male,,
525025392,"YILMAZ, AKİF MİRZA",1415,,Male,,
525023365,"ÇOBAN, DORUK KEMAL",1388,,Male,,
525015443,"ÇAM, ARİF",1329,,Male,,
525003240,"ÖZMEN, BEDİRHAN",1326,,Male,,
525016393,"VARLI, ÖMER KAAN",1320,,Male,,
51678926,"ŞAHİN, NİL DENİZ",1310,,Female,,
525023497,"ÖLMEZ, YUSUF SELİM",1281,,Male,,
525023500,"BEYATLI, KEMAL",1263,,Male,,
51699290,"BAYDAR, TUĞBERK",1243,,Male,,
525023608,"YAVUZ, EYMEN DENİZ",1241,,Male,,
525001299,"YILDIRIM, ÇINAR MERT",1212,,Male,,
525023527,"AVCI, YİĞİT ALİ",1189,,Male,,
525015621,"EREL, KEREM ALP",1167,,Male,,
51699796,"GÜLBAHAR, ÖMER ASAF",1133,,Male,,
525002236,"TURHAN, ELA",1123,,Female,,
525041622,"SONAY, MİRAÇ BATU",1050,,Male,,
525025775,"SİPAHİOĞLU, ASİYE BAHAR",1012,,Female,,
525024442,"KARAHAN, MELİKE ELİZ",1643,,Female,,
525021770,"İRHAN, AYAZ BULUT",1362,,Male,,
525022067,"MELETLİ, ÖMER AKİF",1298,,Male,,
42214629,"Ali, Emre",,,Male,1665,
42257387,"Ciobanu, Stefan-Gabriel",,,Male,1627,
42261520,"Mesit, Selen",,,Female,1554,
42228891,"Safta, Alexandru-Adrian",,,Male,1544,
1296817,"Vachente, Sebastian Stefan",,,Male,1521,
42258758,"Draghici, Gabriel-Iulian",,,Male,1499,
42230357,"Ali, Eren",,,Male,1440,
42229650,"Pistol, Robert-Andrei",,,Male,1435,
42251060,"Cirlan, Ioana",,,Female,1431,
42222389,"Sbarcea, Rebecca",,,Female,1406,
42245052,"Danciu, Sofia-Maria",,,Female,764,
42251079,"Lungu, Mihai-Alexandru",,,Male,711,
42261511,"Lar, Maria-Florentina",,,Female,710,
33434107,"Patil, Varad Sayaji",,,Male,1676,
547023406,"Patil, Pruthviraj Ramesh",,,Male,1479,
33434085,"Mote, Ashish",,,Male,1477,
531088490,"Shinde, Shivendrasinh Vallabh",,,Male,1476,
33434417,"Tokale, Sahrsh",,,Male,1460,
33312770,"Advik, Vikrant Phadke",,,Male,1421,
48789810,"Pandit, Ashwat Amit",,,Male,0,
547023465,"Salunkhe, Aniruddha Sayali Sumit",,,Male,0,
88174204,"Abhiwadan, Bhaduka",,,Male,1629,
88174379,"Dhananjay, Rajmishra",,,Male,1551,
88174212,"Abhyuday, Bhaduka",,,Male,1519,
429077540,"Rudransh, Pancholi",,,Male,1496,
547073950,"Nikhil, Sihra",,,Male,1490,
33491100,"Tarun, Andana",,,Male,1484,
564059669,"Sharma, Raghav",,,Male,1459,
25947559,"Ashish, Kumar Chhipa",,,Male,1454,
429076692,"Arya, Jaiman",,,Male,1419,
547073942,"Lavit, Jain",,,Male,0,
570000603,"Герасимов, Денис Борисович",,1498,Male,,
522078754,"Васильев, Кирилл Вадимович",,1320,Male,,
55713785,"Самодуров, Владимир Алексеевич",,1286,Male,,
540011348,"Сугак, Тимур Ярославович",,1000,Male,,
36739189,"Rezaei, Mobina",,1732,Male,,
428090136,"Mohit, Amirhossein",,1564,Male,,
42751152,"Karimpour, Nima",,1560,Male,,
42751225,"Montazeri, Bahar",,1534,Male,,
42751039,"Ghorbani, Sepehr",,1533,Male,,
428089910,"Ahmadi, Kian",,1518,Male,,
428090110,"Masumi, Sajad",,1518,Male,,
42750695,"Rahmani, Abolfazl",,1495,Male,,
42718422,"Malekian, Farimehr",,1467,Male,,
42787572,"Dasht Peima, Atena",,1460,Male,,
536048402,"Noori, Mehrsam",,1460,Male,,
428090195,"Sedaghat, Ahmad",,1432,Male,,
428090179,"Nikmanesh, Arshavir",,1428,Male,,
428046846,"Hosseini, Sepehr",,1418,Male,,
562003330,"Ahmadian, Mahdiyar",,0,Male,,
42750830,"Akbarpour, Ava",,0,Male,,
42750962,"Eftekhari, Kiana",,0,Male,,
536056960,"Faramarzi, Parham",,0,Male,,
562020510,"Ghasemi, Bardia",,0,Male,,
536048305,"Masumi, Fatemeh",,0,Male,,
536082457,"Mohit, Reyhane",,0,Male,,
536048399,"Nokhostin Panahi, Kian",,0,Male,,
428090187,"Rahmanian, Reza",,0,Male,,
562029193,"Sakhi, Amir Hossein",,0,Male,,
428090209,"Sedaghat, Hana",,0,Male,,
562003429,"Varnaseri, Atila",,0,Male,,
12517720,"Ahmadi Tari, Mostafa",,,Male,2032,
22554580,"Izad Mehr, Reza",,,Male,1796,
42791022,"Torabi, Mohamad Parsa",,,Male,1739,
42705924,"Ashkpour, Mohammad Hossein",,,Male,1723,
51619865,"AKALAN, KÜBRA ECRİN",,,Male,1382,
42511313,"Noroozi, Amir Hossein",,,Male,1640,
42790891,"Esmaeili, Aboozar",,,Male,1615,
42507111,"Seyfi, Zohair",,,Male,1605,
42553377,"Shojaei Nejad, Mohammad Sadra",,,Male,1578,
42742340,"Esmaeili, Taha",,,Male,1451,
536059366,"Soroush, Maral",,,Male,1448,
536059315,"Rezaei, Kian",,,Male,1432,
428055624,"Shahbazi, Radin",,,Male,1401,
536080756,"Bagheri, Mahrad",,,Male,0,
536079715,"Bodaghi, Radin",,,Male,0,
536059323,"Sarikhani, Amir Hossein",,,Male,0,
536059331,"Sarikhani, Parsa",,,Male,0,
536059374,"Yosefvand, Armin",,,Male,0,
3667073,"Chavez Espinoza, Paul Nicolas",,,Male,1575,
3652475,"Farinango Imbaquingo, Tamia Jazmin",,,Male,1551,
3641023,"Changoluisa Gonzalez, Ana Marisol",,,Male,1549,
3650863,"Arichabala Salazar, Leonardo Joaq",,,Male,1516,
5204860,"Pimentel, Joel",,2368,Male,,IM
5204658,"Salcedo, Richilieu Iii",,2343,Male,,IM
14104385,"Zubarev, Alexander",,2283,Male,,GM
13310860,"Hakobyan, Eduard",,2275,Male,,FM
14004160,"Shirliyev, Allayar",,2221,Male,,CM
5202205,"Galan, Jan Nigel",,2091,Male,,CM
5209277,"Dimarucut, Francis Erwin",,2016,Male,,
48700215,"Vivaan, Rana",,1987,Male,,
5201926,"Cayaba, John Vincent",,1975,Male,,
146105016,"Ramesh Nair, Advait",,1765,Male,,
146105007,"Deshmukh, Omm",,1707,Male,,
366101243,"Gangani, Aarav",,1682,Male,,
5223768,"David, Kelly Ann",,1676,Female,,
366109804,"Sowrrirajan, Senthil Nathan",,1626,Male,,
33364435,"Veersen, Jain",,1586,Male,,
7620136,"Alhasan, Modar.",,1582,Male,,
547091088,"Patadia, Hitesh Kumar",,1571,Male,,
547086955,"Darshni, Senthil Nathan",,1569,Female,,
396112490,"Lagunes, Gustavo Barrios",,1563,Male,,
13216244,"Yoon, Jiwan",,1530,Male,,
558052461,"Advik, Raj",,1513,Male,,
343477151,"Araim, Jaffer",,1513,Male,,
537011316,"Jinsen, Jain",,1508,Male,,
88145689,"Yrishin, Kuckian",,1507,Male,,
34169806,"Stupka, Yaroslava",0,1679,Female,,
34186930,"Lavrynenko, Olena",1698,1531,Female,,
34174699,"Заремба, Анастасія І",1928,,Female,,
529035961,"Duras, Violetta",1700,1751,Female,,
34127240,"Telyuk, Anastasiya",2029,1932,Female,,
34193588,"Pirotska, Daria",0,1433,Female,,
34177701,"Kinash, Maria",1977,1820,Female,,
34163980,"Гайдар, Софія І",1752,,Female,,
34172807,"Butochnova, Veronika",1857,1851,Female,,
34160647,"Huba, Nadiia",1626,1573,Female,,
529022312,"Leivi, Ariana",0,0,Female,,
34191496,"Lyahovetskaya, Kira",1824,1558,Male,1824,
34157131,"Baluh, Alina",2019,2037,Female,,
529014379,"Lukash, Diana",0,1404,Female,,
529014310,"Prykhid, Anna",0,1604,Female,,
34191089,"Kuleshova, Mirra",0,1498,Female,,
34160663,"Molchanova, Tetyana",0,1647,Female,,
529026440,"Prydatko, Kateryna",2055,1732,Female,,
529024013,"Daleka, Polina",0,0,Female,,
34165860,"Pysmennova, Daria",0,1586,Female,,
34189190,"Skrypnyk, Hrystyna",1699,1438,Female,,
529006759,"Khyliuk, Mahdalina",0,1497,Female,,
5208840,"Marcos, Marvin",,2025,Male,,
522023224,"Nutter, James Jack",,1468,Male,,
521052638,"Pascua, Aedan Matthew",,1501,Male,,
537059580,"Atharva, Manoj",,1459,Male,,
544075324,"Leuranguer, Maxime",,1453,Male,,
547099151,"Kavin, Inba V",,1451,Male,,
558003029,"Ved, Khandelwal",,1448,Male,,
429068819,"Rishi, Dighe",,1434,Male,,
547080167,"Ansh, Khandelwal",,1427,Male,,
651060868,"Long, Nina",,1426,Female,,
4830920,"Mohammed, Hasan Ali Al-Haideri",,1425,Male,,
33374198,"Pranav, Sundar",,1407,Male,,
429055261,"Mithesh, Kuckian",,1401,Male,,
558059172,"Aarush, Vasan",,0,Male,,
304096198,"D Mello, Nathan Ligorio Clayton",,0,Male,,
577016823,"Dhinora, Dhrumil Jayeshkumar",,0,Male,,
577015576,"Patel, Jimit",,0,Male,,
558016953,"Rachel, Rose Vivin",,0,Female,,
48774065,"Rajveer, Gupta",,0,Male,,
88128121,"Reyanash, Modi",,0,Male,,
537098705,"Rishaan, Singh Parmar",,0,Male,,
1800558,"Saunders, Robert",,0,Male,,
558006818,"Shree, Hariharan Parthasarathi",,0,Male,,
558006893,"Shree, Sudharshan Parthasarathi",,0,Male,,
521070865,"Silva, Ezekiel Shawn",,0,Male,,
577015541,"Vinod, Vinayak Vinod",,0,Male,,
25160257,"Vivek, Arun N R",,0,Male,,
558035079,"Vivin, Vincy",,0,Male,,
522047824,"Zakharova, Polina",,0,Female,,
16250478,"Ohst, Holger",,1944,Male,,
533031649,"Hansen, Peter",,1888,Male,,
540046575,"Чугуевский, Андрей Денисович",,1478,Male,,
55629288,"Кожанов, Егор Романович",,1417,Male,,
540010082,"Павлов, Матвей Андреевич",,1371,Male,,
540018466,"Ямалтдинов, Илья Ринатович",,1316,Male,,
4168470,"Соколов, Сергей Валерьевич",2299,,Male,,
24130451,"Северинов, Борис Алексеевич",1965,,Male,,
44107145,"Северинов, Анатолий Алексеевич",1788,,Male,,
24242543,"Лапин, Александр Иванович",1406,,Male,,
522084088,"Григорьев, Никита Денисович",1308,,Male,,
522052275,"Разумов, Матвей Евгеньевич",1283,,Male,,
540009394,"Яковлев, Максим Денисович",1236,,Male,,
34253394,"Нигиль, Юлий Никандрович",1183,,Male,,
24260037,"Тимофеева, Тамара Сергеевна",1000,,Male,,
14663856,"Cimprič, Milan",,1630,Male,,
14620928,"Cokan, Tomaž",,1574,Male,,
14663023,"Gorc, Brane",,1541,Male,,
14646072,"Lepen, Vlado",,1451,Male,,
14663880,"Polajžer, Franc",,1417,Male,,
14660741,"Klemenčič, Simon",,1100,Male,,
14662795,"Kmet, Filip",,1050,Male,,
14667444,"Pompe, Jaka",,1030,Male,,
14663040,"Pečjak, Anton",,1000,Male,,
15021319,"Stamenkovski, Kalin",,,Male,1588,
15016960,"Panova, Dina",,,Male,1453,
15016951,"Panov, Bojan",,,Male,1433,
15011810,"Gigovski, Mihail",,,Male,1406,
15021688,"Angeleski, Nestor",,,Male,0,
15021670,"Atanasovski, Matej",,,Male,0,
15018776,"Jovanovska, Matea",,,Male,0,
15021700,"Jovkovski, Viktor",,,Male,0,
15021718,"Kjurchinski, Teodor",,,Male,0,
15020517,"Slavkovski, David",,,Male,0,
15019551,"Spirovski, Vojdan",,,Male,0,
530006970,"Eibisberger, Ben",,1528,Male,,
530012740,"Meyer, Eliah",,1501,Male,,
1699342,"Brenner, Marc",,1499,Male,,
530002940,"Lang, Lorenz",,1423,Male,,
1681923,"Feldhofer, Elias",,1416,Male,,
530014115,"Rabel, Michael",,1350,Male,,
530000076,"Yuan, Muge",,1332,Male,,
530012732,"Ragger, Christoph Karl",,1319,Male,,
1698001,"Öreg, Hunor",,1315,Male,,
530009421,"Zirbesegger, Daniel",,1306,Male,,
1695657,"Koller, Alexander",,1236,Male,,
530014093,"Tschmuck, Simon",,1229,Male,,
530007739,"Nußbacher, Emilia",,1222,Female,,
530011400,"Archam, Matheo",,1215,Male,,
1697420,"Uhl, Andreas",,1211,Male,,
530013003,"Brunner, Florens",,1200,Male,,
530013020,"Grassegger, Sarah",,1200,Female,,
530014425,"Jeindl, Konstantin",,1200,Male,,
1695665,"Koller, Felix",,1200,Male,,
530001625,"Liebmann, Melina",,1200,Female,,
530012015,"Mitteregger, Thomas",,1200,Male,,
530002370,"Nußbacher, Sarah",,1200,Female,,
530000068,"Yuan, Haining",,1200,Male,,
530017424,"Friedrich, Viktor",,0,Male,,
530016770,"Theuermann, Maximilian",,0,Male,,
1608819,"Mitter, Gerd  Dr.",,2040,Male,,
1609998,"Szith, Gregor",,1904,Male,,
1633422,"Pieber, Richard",,1789,Male,,
1609343,"Goeslbauer, Harald",,1708,Male,,
1674382,"Wießner, Elisabeth",,1702,Male,,
1674374,"Wießner, Johanna",,1534,Male,,
1695673,"Koller, Martin  Di Dr.",,1443,Male,,
1642472,"Martetschläger, Maria",,1367,Male,,
4137698,"Timagin, Petr",,2238,Male,,FM
1612565,"Frank, Paul",,2222,Male,,
14500426,"Hresc, Vladimir",,2215,Male,,IM
1618113,"Feinig, Mario",,2206,Male,,CM
1607545,"Riemelmoser, Franz  Dr.",,2176,Male,,FM
51637847,"KOÇ, YAĞMUR ERVA",,,Male,1326,
24228150,"Gubarev, Vladislav",,2108,Male,,
14603012,"Kosmac, Blaz",,2084,Male,,
1622846,"Scheiber, Michael  DI",,2074,Male,,
14602130,"Kovacic, Peter",,2070,Male,,
14607298,"Logar, Metod",,2055,Male,,
1603655,"Waldmann, Gerald",,2039,Male,,
3641074,"Granja Diaz, Sophia Alejandra",,,Male,1514,
1606590,"Kleinsasser, Franz",,1981,Male,,
521083568,"Samuray, Jupiter",,0,Male,,
1656678,"Erber, Siegfried",,1969,Male,,
1636235,"Tscharnuter, Noah",,1930,Male,,CM
1606786,"Tscheinig, Gert",,1920,Male,,
1633694,"Loescher, Helmut",,1852,Male,,
1683284,"Hirzberger, Christoph",,1836,Male,,
1684507,"Squasi, Ernesto",,1817,Male,,
835137,"D Incecco, Stefano  Dr",,1787,Male,,
1619632,"Grubauer, Gerhard",,1763,Male,,
1603736,"Sattler, Erwin",,1762,Male,,
3652769,"Chungandro Recalde, Kevin Sebasti",,,Male,1504,
14640422,"Timagina, Sofia",,1750,Male,,
1673815,"Baurecht, Elena",,1730,Male,,
1684256,"Kolar-Thompson, Lynne",,1709,Male,,
1672959,"Daxkobler, Petra",,1708,Male,,
1621181,"Weiler, Georg",,1700,Male,,
1672215,"Sixthofer, Kurt",,1677,Male,,
530007321,"Messner, Tobias",,1610,Male,,
1691597,"Daxkobler, Thomas",,1602,Male,,
1688235,"Unterasinger, Timo",,1473,Male,,
1659189,"Klatzer, Bill",,1464,Male,,
530008271,"Weiler, Leo",,1293,Male,,
530008751,"Gureva, Michiliia",,0,Male,,
530019206,"Karabegovic, Nerminko  Dr.",,0,Male,,
1667912,"Klatzer, Bastian",,0,Male,,
530018005,"Tasser, Jonas",,0,Male,,
11658002,"Albats, Alvis",,0,Male,,
11657901,"Grabena, Luize Darta",,0,Male,,
11656131,"Grinspone, Emilija",,0,Male,,
11655267,"Javorskis, Raivis",,0,Male,,
11655054,"Mellis, Gabriels",,0,Male,,
11657952,"Snitovs, Kirils",,0,Male,,
1611569,"Steiner, Josef",,2009,Male,,
1690825,"Eder, Benjamin",,1916,Male,,
1605097,"Neubauer, Herbert",,1950,Male,,
1605712,"Haider, Bernd  Dr.",,1947,Male,,
1610813,"Lang, Karl",,1895,Male,,
1610848,"Rabensteiner, Klaus",,1915,Male,,
1634054,"Putzi, Albert",,1813,Male,,
1647911,"Oberdorfer, Erwin",,1793,Male,,
1622145,"Jaeger, Manfred",,1700,Male,,
1634127,"Umfahrer, Artur",,1684,Male,,
1676733,"Lobnig, Tristan",,1716,Male,,
1623265,"Pirkowitsch, Franz",,1589,Male,,
1610805,"Gaertner, Ferdinand",,1582,Male,,
1623281,"Stage, Harry",,1437,Male,,
12400840,"Phan, Trọng Bình",2109,,Male,,
12443182,"Đặng, Bảo Châu",1956,,Male,,
12444219,"Phạm, Hữu Đạt",1942,,Male,,
12422355,"Nguyễn, Tuấn Long",1896,,Male,,
12451681,"Nguyễn, Thị Thảo",1881,,Male,,
12494283,"Mai, Công Hiệp",1855,,Male,,
12477125,"Nguyễn, Đình Duy Khánh",1835,,Male,,
12444197,"Chu, Băng Băng",1800,,Male,,
12452580,"Trần, Phúc Nguyên",1771,,Male,,
12497533,"Nguyễn, Nhật Phi",1756,,Male,,
12424048,"Nguyễn, Hiếu Nghĩa",1750,,Male,,
12457361,"Đặng, Gia Hân",1733,,Male,,
12450065,"Nguyễn, Minh Nhiên",1718,,Male,,
12457353,"Đặng, Gia Vương",1711,,Male,,
12444278,"Phan, Thị Bình Nhi",1695,,Male,,
12418218,"Nguyễn, Thanh Thuỷ",1694,,Male,,
12446149,"Nguyễn, Thành Thái",1693,,Male,,
12491969,"Trương, Quốc Nam",1659,,Male,,
12475521,"Lê, Tấn Đạt",1612,,Male,,
12412813,"Nguyễn, Ngọc Minh Châu",1566,,Male,,
12445916,"Trương, Quốc Việt",1502,,Male,,
12421197,"Hồ, Đặng Nhật Minh",1498,,Male,,
561008087,"Đỗ, Anh Khang",0,,Male,,
561007722,"Hồ, Đặng Minh An",0,,Male,,
561008125,"Hoàng, Bá Khải Anh",0,,Male,,
12431320,"Lâm, Gia Huy",0,,Male,,
561007749,"Nguyễn, Đăng Khang",0,,Male,,
561007757,"Nguyễn, Đăng Thịnh",0,,Male,,
12476870,"Nguyễn, Đình Hiếu",0,,Male,,
12494550,"Nguyễn, Hà My",0,,Male,,
561007528,"Nguyễn, Ngọc Linh Đan",0,,Male,,
12476528,"Nguyễn, Như Hà My",0,,Male,,
561007510,"Nguyễn, Trần Thiên Phúc",0,,Male,,
12497827,"Phan, Nhật Minh",0,,Male,,
12477079,"Tô, Phạm Hòa Phát",0,,Male,,
561007501,"Nguyễn, Đình Hoàng",0,,Male,,
12494224,"Trương, Tuấn Anh",0,,Male,,
12494216,"Trương, Tuấn Minh",0,,Male,,
12494275,"Vũ, Hoàng Bách",0,,Male,,
12494267,"Vũ, Hoàng Tùng",0,,Male,,
12476226,"Vũ, Quốc Dũng",0,,Male,,
1612093,"Kornprat, Manfred",,1887,Male,,
1699067,"Lutschounig, Mathis",,1781,Male,,
1698800,"Steiner, Christopher",,1777,Male,,
1668692,"Hausberger, Christoph",,1743,Male,,
1699059,"Lutschounig, Noah",,1732,Male,,
1669583,"Baurecht, Roman",,1701,Male,,
1682938,"Zang, Yuran",,1697,Male,,
1699415,"Wogatai, Leon",,1540,Male,,
1692283,"Mund, Esbjörn",,1504,Male,,
530003660,"Stadler, Konstantin",,1464,Male,,
530000980,"Gaggl, Maximilian",,1444,Male,,
530007828,"Stocker, Simon",,1408,Male,,
1688847,"Cukor, Adam",,1353,Male,,
530010780,"Hringov, Martin",,1346,Male,,
530014654,"Astner, Niklas",,1339,Male,,
530000017,"Staudacher, Luca",,1338,Male,,
1698249,"Scharf, Nico",,1328,Male,,
530007194,"Kauder, Emil",,1315,Male,,
530012465,"Geiger, Fridolin",,1306,Male,,
530016703,"Lan, Ziyu",,1304,Male,,
530008450,"Pitskhelauri, Marta",,1293,Male,,
530008441,"Pitskhelauri, Levan",,1210,Male,,
1604880,"Hanser, Michael",,1962,Male,,
1612450,"Szolderits, Guenter  Dr.",,1876,Male,,
1616374,"Maierhofer, Ernst",,1885,Male,,
1610090,"Kampl, Walter",,1793,Male,,
1270695,"Schindler, Rudolf",,1655,Male,,
1683756,"Frey, Luis",,1238,Male,,
1697358,"Muri, Andrej",,1232,Male,,
1698834,"Schoos, Riva",,1229,Male,,
530002796,"Kos, Egon",,1214,Male,,
530011507,"Papst, Kilian",,1201,Male,,
530008409,"Blasge, Jonathan",,1200,Male,,
530008492,"Bokor, Theodor",,1200,Male,,
530010993,"Oberbucher, Lien",,1200,Male,,
530010918,"Stadler, Gregor",,1200,Male,,
530015758,"Wagner, Julian",,1200,Male,,
1695096,"Warmuth, Markus",,1200,Male,,
530009464,"Wendling, Liam",,1200,Male,,
530018013,"Ebner S, Luca",,0,Male,,
530014646,"Isola, Julian Anton",,0,Male,,
530018676,"Pongratz-Zobernig, Anatol Valentin",,0,Male,,
530018668,"Streit, Marco",,0,Male,,
530019311,"Unterweger, Marco",,0,Male,,
23902680,"Marin Alvarez, Isabella Andrea",,,Female,1415,
23901250,"Fontiveros Candelario, Beltran Isaac",,,Male,0,
23926325,"Haas Pschorn, Karlheinz Jesus",,,Male,0,
23903791,"Kwok Fung, David",,,Male,0,
23925388,"Lunar Fermin, Gabriel Antonio",,,Male,0,
23931108,"Malave Rosas, Cesar Alejandro",,,Male,0,
23914416,"Martinez Millan, Sinai Valentina",,,Female,0,
23931159,"Prado Velasquez, Hebert Jesus",,,Male,0,
55660770,"Погосов, Давид Арутюнович",,2275,Male,,
4199677,"Иващенко, Вадим Александрович",,2027,Male,,
24239038,"Лоек, Станислав",,1542,Male,,
522025901,"Гулинский, Михаил",,1442,Male,,
570006792,"Кравченко, Геннадий",,1407,Male,,
104680,"Musanti, Diego",2215,,Male,,FM
25198866,"Albin, Sajan",,2000,Male,,
5229375,"Mendoza, Ryan",,1912,Male,,
48784117,"Chogle, Sahil Prashant",,1865,Male,,
7817967,"Syed, Ijaz Azeem",,1852,Male,,
13729128,"Suranchiyev, Abylay",,1830,Male,,
5280257,"Mua, Nasrudin",,1822,Male,,
35068105,"Sumith, K S",,1821,Male,,
5259800,"Delcoro, Louie Pantoja",,1791,Male,,
12102679,"Al-Kuwari, Hamad",,1779,Male,,CM
48722251,"Johan, Jobsy",,1751,Male,,
26396815,"Demirkol, Kerim Calvelo",,1745,Male,,
12102385,"Al-Janahi, Ibrahim",,1728,Male,,
25974076,"Aman, Anupama Sumith",,1714,Male,,
5280060,"Nepacena, Richard",,1709,Male,,
11511834,"Ziyad, Wakhiri",,1692,Male,,
5229448,"Patricio, Rolly",,1688,Male,,
5246105,"Agrimano, Abett Laurena",,1667,Male,,
5259886,"Elarcosa, Rommel T.",,1653,Male,,
5245273,"Angelito, Alexander",,1640,Male,,
5259770,"Banquerigo, Filjohn",,1609,Male,,
5283140,"Go, Ruel",,1582,Male,,
5288142,"Santos, Ruel Jr",,1570,Male,,
5245346,"Sablawon, Jay Mira",,1563,Male,,
88110940,"Sriram, Srinivasan Shailaja",,1561,Male,,
447010096,"Djerbi, Mohamed",,1550,Male,,
547085185,"Jefre, Nersto Justin",,1538,Male,,
5260086,"Villanueva, Robelito Ferdinand V.",,1533,Male,,
33445443,"Shresht, Nair",,1529,Male,,
366108010,"Kaviarasu, Harish",,1505,Male,,
366096401,"Jawahar, Bharathan",,1487,Male,,
531012043,"Dhrish, Jibin",,1479,Male,,
8117322,"Moawiah, Mubarak",,1478,Male,,
7957637,"Si-Kebir, Slimane",,1446,Male,,
531053556,"Shruthika, Sunil Kurup",,1442,Male,,
531038786,"Ayush, Pradeep",,1413,Male,,
531088740,"Dakshit, Karthikeyan",,1411,Male,,
88110966,"Samriddhi, Karuppaiah",,1404,Male,,
20065035,"Alfares, Reiad",,0,Male,,
521080461,"Austria, Carlos",,0,Male,,
8559139,"Bolorunduro, Enoch Ayomide",,0,Male,,
521080470,"Corbito, Jerry",,0,Male,,
653082516,"Forbin, Aymeric",,0,Male,,
521080488,"Frojo, Nelson",,0,Male,,
88124312,"Hana, N Sandeep",,0,Male,,
48746070,"Krishna, Tejaswi",,0,Male,,
374101613,"Nathan, Kailash",,0,Male,,
564063810,"Philipose, Rincy",,0,Male,,
558012028,"Rishit, Jagannatha Shetty",,0,Male,,
521080500,"Sabuelba, Arnold",,0,Male,,
531004792,"Sivakarti, Nirmalkumar",,0,Male,,
366102062,"Sivaraman, Vidyuth",,0,Male,,
1263293,"Botea, David-Alexandru",,2278,Male,,CM
1274481,"Moroita, Vlad",,1834,Male,,
42225760,"Cioroianu, Matei",,1776,Male,,
1272586,"Bilcu, Marco-Octavian",,1696,Male,,
1280511,"Eisler, Darius",,1583,Male,,
1284010,"Moroita, Stefan",,1504,Male,,
42256755,"Elisei, Raul-George",,1425,Male,,
1256491,"Gombas, Csongor",,1001,Male,,
3408230,"Hernandez Riera, Jose De Jesus",,2048,Male,,FM
115045,"Vigil, Lucas",,2017,Male,,
3409104,"Inostroza Serrano, Sergio Enrique",,1899,Male,,
3419835,"Carcamo Calderon, Jose Ignacio",,1805,Male,,
3407101,"Verdugo Fajardo, Pablo Alejandro",,1738,Male,,
3960226,"Guevara Gimon, Carlos",,1657,Male,,
3462331,"Villalobos Abarzua, Iann",,1575,Male,,
3669335,"Zapata Jumbo, Gabriel Alexander",,,Male,1503,
4123182,"Давыдов, Сергей Петрович",,1882,Male,,
34487913,"Кудашов, Кирилл Сергеевич",,1690,Male,,
55853498,"Свотин, Кирилл Владимирович",,1326,Male,,
55690165,"Лизунов, Егор Петрович",,1938,Male,,
55876331,"Жаданов, Владимир Денисович",,1540,Male,,
3643417,"Freire Verdezoto, Ian Gustavo",,,Male,1500,
24223549,"Жаботинский, Сергей",,1455,Male,,
48754498,"Nuh, Nizar Hilmi",,1617,Male,,
1274473,Ivancescu Bogdan-Andrei,2083,2120,Male,,
3411478,"Mossuto Frez, Enzo Daniel",,1837,Male,,
3440257,"Diaz Raby, Mauricio",,1153,Male,,
522006737,"Кошетеров, Ильяс Ануарбекович",,1190,Male,,
34192910,"Карлов, Алексей Александрович",,1975,Male,2011,
24195731,"Ирха, Алексей Сергеевич",,1867,Male,,
34192929,"Третьяков, Александр Юрьевич",,1846,Male,,
379105230,"Muratuly, Magzhan",,1827,Male,,
447085070,"Belomoin, Vladimir",,1811,Male,,
447065982,"Ismailov, Ramil",,1745,Male,,
13714775,"Permukhamedov, Rustam",,1707,Male,,
13730657,"Adilbek, Shapagat",,1703,Male,,
447000961,"Soltankulov, Ahat",,1679,Male,,
447085282,"Kurbanov, Satvaldi",,1668,Male,,
447007664,"Aldamuratov, Samat",,1665,Male,,
13788949,"Abylaikhanov, Aitkazy",,1656,Male,,
447068027,"Andasbaev, Amanbek",,1647,Male,,
13733621,"Dauletov, Bauyrzhan",,1631,Male,,
13774727,"Bozimov, Temirhan",,1629,Male,,
13774751,"Kasymov, Asylzhan",,1616,Male,,
13764470,"Razakov, Askar",,1611,Male,,
447085142,"Imanbekov, Tursunzhan",,1593,Male,,
13774824,"Nurmuhamedov, Erlan",,1580,Male,,
447054182,"Teleubekov, Bekbolat",,1579,Male,,
447066121,"Roziev, Dolkunzhan",,1574,Male,,
13774697,"Alpysbaev, Rakhat",,1572,Male,,
13734628,"Abdimuratov, Amandulla",,1570,Male,,
557019479,"Alnazarov, Kenzhebek",,1570,Male,,
447090456,"Rakhimzhanov, Serik",,1568,Male,,
447087153,"Salmenbaev, Amangeldy",,1560,Male,,
447007885,"Sapargaliev, Sarsen",,1543,Male,,
447025964,"Seitov, Karlygash",,1537,Male,,
447011653,"Toktasynov, Bolatbek",,1529,Male,,
13779400,"Abdildaev, Viktor",,1521,Male,,
447009691,"Khapanov, Yelaman",,1518,Male,,
447011270,"Aliev, Nuradil",,1496,Male,,
447085177,"Karasay, Orken",,1495,Male,,
447007729,"Dzholmanov, Amangeldy",,1493,Male,,
447061855,"Kusherbayeva, Alma",,1492,Female,,
447085290,"Moldiyarov, Zhumageldi",,1491,Male,,
447054158,"Saydullaev, Surat",,1479,Male,,
447085266,"Konisbaev, Kutmagambet",,1468,Male,,
447035757,"Serkebayev, Utebay",,1468,Male,,
447054123,"Sadvakasov, Anuarbek",,1455,Male,,
13769421,"Pak, Gennadiy",,1440,Male,,
447085673,"Zhamankulov, Berik",,1429,Male,,
447001208,"Mukhanov, Erbol",,1420,Male,,
447014890,"Serkebayeva, Sapargul",,1419,Female,,
447075813,"Madiev, Tulegen",,1417,Male,,
447090545,"Zhunusova, Altinay",,1412,Female,,
447090197,"Amankeldikyzy, Aitkul",,0,Female,,
14704714,"Amonboeva, Mamnuna",,0,Female,,
447090219,"Baizhuma, Zhandos",,0,Male,,
447011327,"Bekov, Olzhas",,0,Male,,
447014644,"Bulgaraev, Murzakul",,0,Male,,
447035390,"Dzhakashev, Alisher",,0,Male,,
447011343,"Dzhazykpaev, Dauren",,0,Male,,
447085150,"Kadirov, Tokhtakhun",,0,Male,,
447090324,"Kotelevskiy, Denis",,0,Male,,
557009619,"Murzayeva, Meiramkul",,0,Female,,
447025875,"Nuryshova, Mariamgul",,0,Female,,
447075953,"Rakhimbekov, Nursultan",,0,Male,,
447085487,"Seilkhanov, Beisebay",,0,Male,,
13785850,"Shanakhova, Karlygash",,0,Female,,
447085576,"Toishibayev, Yiztileu",,0,Male,,
1610058,"Eichhorn, Alfred",,,Male,1987,
1614258,"Saxer, Bernhard",,,Male,1940,
1663208,"Traunig, Stefan",,1990,Male,,
1621599,"Koch, Walter",,,Male,1893,
1629360,"Napetschnig, Martin",,,Male,1882,
1620860,"Krassnitzer, Julia",,,Male,1878,
1601520,"Titz, Heimo  Dr.",,,Male,1843,FM
14158116,"Lomonosova, Julia",,1757,Male,,
1641816,"Schramml, Alfred",,,Male,1781,
1615459,"Peierl, Walter",,,Male,1779,
1697552,"Zebedin, Andreas",,,Male,1717,
1616005,"Leitgeb, Franz",,,Male,1548,
1699440,"Carrasco Saavedra, Andres Roberto",,,Male,1481,
530020204,"Maiditsch, Ernst  Dr.",,,Male,0,
533072299,"Wehder, Henry",,,Male,0,
14412071,"Causevic, Sead",,2339,Male,,
14401274,"Kekic, Armin",,2226,Male,,CM
14401312,"Komic, Ibrahim",,2196,Male,,
14422115,"Kekic, Naid",,2166,Male,,
14422123,"Kekic, Ahmed",,2159,Male,,
14406624,"Hadzic, Sabahet",,2148,Male,,
14429721,"Hrnjica, Muhamed",,2067,Male,,
14406667,"Ruznic, Ramiz",,2067,Male,,
14411695,"Hozdic, Asmir",,2052,Male,,
14445298,"Bobic, Esad",,1996,Male,,
14413477,"Djulic, Samir",,1948,Male,,
14409518,"Hebilovic, Mirsad",,1941,Male,,
14406616,"Arnautovic, Mirzah",,1938,Male,,
14403897,"Durakovic, Edhem",,1932,Male,,
14411687,"Hebilovic, Mehmed",,1926,Male,,
14405504,"Grosic, Elvir",,1914,Male,,
14406608,"Amidzic, Muhamed",,1896,Male,,
14432170,"Mustedanagic, Enver",,1888,Male,,
14406659,"Nuhanovic, Nermin",,1888,Male,,
14411652,"Coralic, Sead",,1864,Male,,
14424614,"Begic, Mujo",,1860,Male,,
14411717,"Karabegovic, Irfan",,1856,Male,,
14411776,"Sabic, Medin",,1836,Male,,
14406748,"Basic, Edin",,1822,Male,,
14422085,"Salkic, Esad",,1818,Male,,
14441284,"Mehic, Sakib",,1774,Male,,
14436620,"Mustafic, Remzija",,1764,Male,,
14429764,"Elezovic, Ermin",,1747,Male,,
14428571,"Catakovic, Senahid",,1739,Male,,
14441837,"Dervisevic, Ermin",,1728,Male,,
14422077,"Sadikovic, Fadil",,1722,Male,,
14425696,"Japic, Amir",,1696,Male,,
14429071,"Becirspahic, Anel",,1687,Male,,
14437732,"Cavic, Stefan",,1618,Male,,
14403757,"Stojcevic, Jovanka",,1608,Male,,
14427079,"Kojic, Savo",,1598,Male,,
14438720,"Racic, Aziz A",,1583,Male,,
14442132,"Salkic, Nedim",,1557,Male,,
14432579,"Ljepojevic, Dusan",,1487,Male,,
14440822,"Pepic, Dejan",,1410,Male,,
14424940,"Causevic, Meho",,0,Male,,
3650820,"Aguirre Proano, Steven Pavel",,,Male,1488,
4166973,"Шенснович, Владимир",1565,,Male,,
4193547,"Семенов, Николай",1519,,Male,,
55635024,"Лебедь, Виктор Павлович",1439,,Male,,
34424237,"Буянин, Валентин",1308,,Male,,
3637298,"Pilataxi Chiluisa, Danna Valentina",,,Male,1425,
3647005,"Mora Ortiz, Holger Celestino",,1553,Male,,
149403,"Grillo, Juan Cruz",2059,,Male,,
3647161,"Vicente Ramon, Mario Gustavo",,1517,Male,,
3672328,"Chernov, Oleg",,1507,Male,,
3656810,"Jara Garcia, Marcos Fernando",,1465,Male,,
34179089,"LYUBUN, Oleh",1899,1885,Male,,
20019602,"Garcia, Kevin",1965,,Male,,
34571485,"ÇİÇEK, FİDAN",,,Male,1603,
525000578,"SARIKAYA, FERİHA DENİZ",,,Male,1554,
51605970,"ÖZKAN, AYLA MELİS",,,Male,1550,
51678845,"ÖZER, ELİF DEFNE",,,Male,1530,
44503091,"POLAT, ÇAĞLA DENİZ",,,Male,1506,
6394787,"YILMAZ, GÖKÇE",,,Male,1497,
26356910,"TOSUN, AYSU",,,Male,1493,
51678730,"KARAOĞLAN, AYZIT",,,Male,1403,
525000519,"GÜRAN, BERRENUR",,,Male,0,
525025635,"ERKANLI, MİRAÇ ELVİN",,,Male,0,
525018051,"ÇELİK, BERFU SELİN",,,Male,0,
525042904,"BASMACI, AYŞE SEVDE",,,Male,0,
525025627,"AYBEK, CEMRE",,,Male,0,
26345420,"YÜKSEL, AYŞE",,,Male,0,
525020382,"DOĞRUÖZ, BERİL",,,Male,0,
525000403,"BAKIRCI, BERŞAN",,,Male,0,
94786615,"Martin Mcmullin, Arturo",,1873,Male,,
523081570,"Martin Mcmullin, Inigo",,1776,Male,,
94781419,"Romero Navarro, Dario",,1736,Male,,
535075945,"Albaladejo Martinez, Javier",,1692,Male,,
535026359,"Mcmullin, Jhon Peter Philip",,1628,Male,,
54717140,"Cerdan Caro, Jorge",,1604,Male,,
523084278,"Riquelme Pokorna, Sofia",,1600,Male,,
94733201,"Sanchez Munoz-Calero, Armando",,1529,Male,,
535030372,"Torras Garcia, Andres",,1500,Male,,
535076178,"Fernandez Mondejar, Alejandro",,1463,Male,,
535089970,"Paredes Perez, Samuel",,1410,Male,,
553024125,"Aranda Garcia, Ana",,0,Male,,
553024184,"Diaz De Tomas, Alejandro",,0,Male,,
553024079,"Sanchez Rodriguez, Enzo",,0,Male,,
94781451,"Segura Perez, Guillermo",,0,Male,,
94749639,"Jimenez Castan, Alejandro",,1843,Male,,
54779995,"Blanco Garcia, Federico Jose",,1785,Male,,
34178317,"Shyhavtsov, Daniil",1895,1925,Male,,
529003253,"Dudka, Yehor",2028,1878,Male,,
34157310,"Korchevskyi, Volodymyr",2056,1957,Male,,
34154612,"Tretiak, Igor",2089,1964,Male,,
529007550,"Д'яченко, Павло І",2091,,Male,,
34183647,"Shabunin, Oleksandr",2162,1950,Male,,
34166700,"Volosiuk, Mykhailo",2147,1948,Male,,
34191682,"Potyliev, Kyrylo",1855,1768,Male,,
34174613,"Mekich, Pavlo",1772,1750,Male,,
34182799,"Pasichnyk, Kostyantyn",2082,1704,Male,,
34176845,"Nikonenko, Mykhailo",2048,1982,Male,,
34189270,"Netrebka, Myron",2062,1990,Male,,
34183698,"Volynets, Mark",1966,1888,Male,,
34120475,"Shvayger, Ariel",2015,1823,Male,,
34159304,"Krupa, Artem",2004,1736,Male,,
34181849,"Vatsyk, Artem",2096,1869,Male,,
529024129,"Voitovych, Bohdan",1753,1667,Male,,
34131086,"Molchanov, Roman",2148,1984,Male,,
34159592,"Dunaevsky, David",1752,1837,Male,,
34172270,"Shevchuk, Zakhar",2068,1868,Male,,
34169652,"Бойко, Назар І",1926,,Male,,
34185712,"Vitiutnev, Maksym",1922,1644,Male,,
34177680,"Ivanchyshyn, Oleksandr",1711,1593,Male,,
34165975,"Bolebrukh, Artemiy",1816,1803,Male,,
529002915,"Kosukhin, Maxim",1890,1659,Male,,
529005868,"Denkin, Yan",1972,1688,Male,,
34183450,"Chernokol, Ilya",1860,1695,Male,,
529032130,"Humenyuk, Mykhailo",0,1556,Male,,
529021669,"Onoiko, Nazar",0,1626,Male,,
34175679,"Valkovets, Pavlo",0,1508,Male,,
529003830,"Tarasenko, Dmytro",1933,1623,Male,,
34188800,"Chornenkyi, Daniil",1802,1575,Male,,
529028922,"Berezetskiy, Artem",0,1451,Male,,
34165932,"Bardakchi, Murat",1954,1923,Male,,
34188843,"Коробій, Віктор І",1762,,Male,,
34166092,"Hyron, Artem кмс",2117,2068,Male,,
34186174,"Fedorenko, Mykhailo I",1711,1570,Male,,
529021480,"Antoniuk, Maksym",0,1507,Male,,
34199268,"Shestakov, Anatoliy",0,1463,Male,,
34199861,"Ruzhelevych, Ivan",1800,1492,Male,,
34191054,"Herasymenko, Daniela",1759,1638,Female,,
34186638,"Suprunyuk, Anastasia",,1624,Female,,
34188398,"Solomon, Yevhen",2012,1769,Male,,
34199888,"Yaroshinsky, Yarema",1728,1643,Male,,
529019192,"Kuzishin, Mikhail II",1800,1493,Male,,
34165940,"Begun, Mykhail",1800,1560,Male,,
529028930,"Zahoruiko, Denys",0,1434,Male,,
34198067,"Mishagin, Ivan",1800,1465,Male,,
529013470,"Antoshyn, Denys",1649,1548,Male,,
34183973,"Kravchuk, Daria",,1807,Female,,
34163247,"Volyk, Alisa",1916,1790,Female,,
34185801,"Muzychko, Zlata",,1468,Female,,
34169296,"Muzychko, Valeriia",,0,Female,,
34182616,"Khymchenko, Maksym",2086,2096,Male,,
529032474,"Sydorchuk, Illia",0,0,Male,,
523081457,"Cerdan Olmo, Franco De Sena",,1709,Male,,
345111570,"Ruiz Plazas, Jesus Maria",,1677,Male,,
54717779,"Cerdan Caro, Franco",,1635,Male,,
94781230,"Ayala Carrion, Santiago",,1633,Male,,
94749620,"Campos Martinez, Manuel",,1475,Male,,
553007883,"Gonzalez Alarcon, Alejandro",,1454,Male,,
523058021,"Lopez Ruiz, Carmen Maria",,1423,Male,,
553006259,"Garcia Martinez, Juan De Dios",,0,Male,,
535095032,"Sagredo Paredes, Pedro",,0,Male,,
535095040,"Sandoval Martinez, Ruben",,0,Male,,
36714038,"Jalali Bidakhavidi, Armin",,2129,Male,,
12583111,"Asgharzadeh, Mitra",,2119,Male,,WIM
22574859,"Darvishi, Matin",,1984,Male,,
42502349,"Anari, Karim",,1897,Male,,
12506427,"Mahmoodi, Nader",,1866,Male,,
12565032,"Shahkarami, Amin",,1811,Male,,
36709107,"Pooryavarsaeedi, Nima",,1771,Male,,
536006432,"Shapoori, Amirali",,1709,Male,,
42725330,"Ansari, Erfan",,1699,Male,,
428045300,"Rostami, Ahoora",,1667,Male,,
428043880,"Asaadi Firouzabadi, Seyed Parsa",,1661,Male,,
428047095,"Ramezanlou, Taha",,1661,Male,,
42772460,"Nadalizadeh, Artin",,1648,Male,,
42787530,"Moradivaladkeshyaei, Amirali",,1643,Male,,
42753937,"Gholizade, Mansour",,1627,Male,,
428097491,"Karimi, Hosein Mahdi",,1614,Male,,
428096819,"Sepehri, Amirhossein",,1590,Male,,
42700132,"Yekefallah, Artin",,1577,Male,,
428054555,"Yousefi Fard, Mahdi",,1574,Male,,
428053680,"Noormohammadiasl, Pouyan",,1568,Male,,
42765900,"Doroudi, Mashhoud",,1558,Male,,
32726201,"Alizadeh, Mohammad Mahdi",,1550,Male,,
428094344,"Rasi, Seyed Mohammad",,1544,Male,,
42538645,"Mosadegh Sedghi, Amirhosein",,1504,Male,,
22510125,"Dolat Abadi, Ali Asghar",,1465,Male,,
428068092,"Naserroosta, Moeid",,1456,Male,,
42587247,"Faaliat, Mohammadreza",,1455,Male,,
42751187,"Mansourian, Parnian",,1455,Male,,
536080713,"Zanganeh, Mahan",,1454,Male,,
42705010,"Karimizand, Hooman",,1453,Male,,
42785758,"Alizadeh, Amirali",,1433,Male,,
428041615,"Zanganeh, Hesam",,1410,Male,,
562008811,"Agha Seyed Abolghasem, Mehdi",,0,Male,,
536096776,"Akbarpoor, Melika",,0,Male,,
536078190,"Alipour, Amirali",,0,Male,,
428099940,"Gholami, Artin",,0,Male,,
536036226,"Karimi, Amirmohammad",,0,Male,,
536036234,"Karimi, Sina",,0,Male,,
562008765,"Molaei, Arshia",,0,Male,,
562000470,"Rajati, Yazdan",,0,Male,,
428047265,"Roshan, Saba",,0,Male,,
42789176,"Safaei, Martia",,0,Male,,
536019062,"Vaseghi, Amirali",,0,Male,,
536020729,"Yasini, Mohammad Amin",,0,Male,,
5105285,"Contreras Medina, Ruben Dario",,2067,Male,,CM
5187230,"Quiroz Alarcon, Juan Carlos",,1963,Male,,
5117348,"Marroquin Poblano, Jorge",,1843,Male,,
533035229,"Hirth,  Julien",969,,Male,,
5197937,"Palestina Diaz, Angel",,1817,Male,,
550008471,"Varguez, Aguilar Diego",,1748,Male,,
29653460,"Martinez Hernandez, Eduardo Yoav",,1683,Male,,
29669642,"Montalvo Lopez, Duma Esau",,0,Male,,
29669650,"Montalvo Lopez, Harael Emmanuel",,0,Male,,
29666406,"Andrade Herrera, Joel Martin",,1574,Male,,
55672060,"Кораблёв, Дмитрий Павлович",,1085,Male,,
23764112,"Pozníček, Antonín",,,Male,1646,
23778881,"Kos, Michael",,,Male,1621,
23776978,"Baltynov, Madi",,,Male,1529,
23799501,"Hroník, Filip",,,Male,1491,
23775890,"Mallein, Gabriel",,,Male,1452,
23750804,"Antoš, Jakub",,,Male,1444,
23790911,"Hanyková, Klára",,,Female,1422,
23785578,"Davídek, Jonáš",,,Male,1412,
23771097,"Kameneckyi, Vladyslav",,,Male,1379,
23787473,"Hanyk, Štěpán",,,Male,1371,
23760800,"Štáfl, Cyril",,,Male,1336,
2943395,"DIMITROV, Georgi Y",,1678,Male,,
23786850,"Starodubtsev, Fylypp",,,Male,1260,
23778911,"Kubáková, Laura",,,Female,1254,
23754745,"Nesterov, Stepan",,,Male,1241,
23798173,"Kouba, Jonáš",,,Male,1237,
23791039,"Pekař, Petr",,,Male,1192,
23765372,"Černý, Čeněk",,,Male,1188,
23788992,"Hejkal, Jan",,,Male,1175,
23779012,"Shcherbatykh, Kirian",,,Male,1155,
23789239,"Enkhbaatar, Munkhduuren",,,Male,1133,
23791292,"Horna, Matouš",,,Male,1118,
23783206,"Jargalsaikhan, Manlai",,,Male,1086,
23778822,"Čevela, Šimon",,,Male,1078,
23777443,"Komárek, Oliver",,,Male,1074,
23779080,"Zomer, Kryštof",,,Male,1057,
23798254,"Shcherbatykh, Aleksandra",,,Female,1047,
23779047,"Steppanová, Adéla",,,Female,1047,
23735481,"Cuřín, Marek",,,Male,1020,
23777524,"Špeta, Vojtěch",,,Male,1010,
23791470,"Bezruk, Myroslav",,,Male,0,
23799331,"Chomát, Viktor",,,Male,0,
23798190,"Lacková, Anna",,,Female,0,
23788771,"Lupan, Deniys",,,Male,0,
23799404,"Marjov, Filip",,,Male,0,
571000097,"Mundl, Jakub",,,Male,0,
571000127,"Petrišče, Marek",,,Male,0,
571000135,"Petrišče, Miroslav",,,Male,0,
23791047,"Potts, Fox",,,Male,0,
23779039,"Steppan, Jiří",,,Male,0,
23798165,"Klicka, Ondrej",,1232,Male,1232,
23798157,"Klicka, Martin",,1228,Male,1228,
23778644,"Bochenin, Lev",,,Male,1184,
23799382,"Kozel, Vojtech",,1067,Male,1067,
23780509,"Kvapil, Adam",,,Male,1506,
23771810,"Nguyen, Minh Khang Tomas",,,Male,1393,
23739940,"Remizov, Artem",,,Male,1206,
23788780,"Matejicek, Martin",,1140,Male,1140,
23787163,"Bessonov, Nikolai",,,Male,1074,
55857752,"Степанов, Макар Андреевич",,1412,Male,,
55724329,"Медведкин, Марк",,1262,Male,,
522007067,"Чернов, Александр Максимович",,1131,Male,,
12873454,"Janauskas, Jokubas",,1479,Male,,
12851540,"Petrauskas, Ignas",,0,Male,,
12860700,"Savickas, Armandas",,0,Male,,
522070630,"Максимова, Юлиана Елизаровна",,1417,Male,,
522070621,"Максимова, Кристина Петровна",,1307,Male,,
522070680,"Попова, Мичийэ Дмитриевна",,1273,Male,,
11611979,"Vilums, Dainis",,,Male,1957,
11612010,"Jasinskis, Anatolijs",,,Male,1728,
11632259,"Laskovs, Romans",,,Male,1680,
11636009,"Nagle, Miroslava",,,Female,1589,
11617942,"Gruznova, Kristine",,,Female,1585,
11650583,"Spruga, Roberts",,,Male,1545,
11620528,"Sestakovs, Maksims",,,Male,1509,
11654961,"Rapsa, Markuss",,,Male,1407,
11640499,"Aliks, Makarijs",,,Male,0,
11657863,"Bondarenko, Viktorija",,,Female,0,
11654414,"Itkaca, Melanija",,,Female,0,
11654430,"Visnakova, Viktorija",,,Female,0,
12865656,"Sakinis, Tajus",,0,Male,,
12866539,"Sarkauskaite, Paule",,0,Male,,
12875546,"Siksnys, Mykolas",,0,Male,,
34147764,"Дунаєвський, Давід І",2028,,Male,,
17667,"Кузьмій, Володимир І",1900,,Male,,
34193928,"Векслер, Олександр І",1810,,Male,,
529002273,"Бурмус, Богдан ІІ",1800,,Male,,
29671175,"Vazquez Juarez, Juan Carlos",,,Male,1756,
12876909,"Kislovski, August",,0,Male,,
12859770,"Kovalenko, Ivan",,0,Male,,
12866750,"Liktorius, Donatas",,0,Male,,
12876410,"Mockeliunas, Herkus Pranas",,0,Male,,
12866792,"Navickas, Matas",,0,Male,,
12875678,"Suziedelis, Naglis",,0,Male,,
12875686,"Vaicekauskas, Danielius",,0,Male,,
540059553,"Vasko, Mikhail",,0,Male,,
12875660,"Nakutis, Ignas",,1540,Male,,
12854441,"Grybauskas, Adomas",,1506,Male,,
12859389,"Rabkovskij, Timur",,1474,Male,,
12866768,"Liktorius, Robertas",,1405,Male,,
12876852,"Goncarovas, Arnas",,0,Male,,
12876860,"Goncarovas, Markas",,0,Male,,
12862193,"Martinkevic, Adomas",,0,Male,,
12876321,"Ratnikas, Vytautas",,0,Male,,
54184274,"Юсупходжаев, Владимир Ростиславович",,2224,Male,,
44174381,"Симонян, Григорий",,2110,Male,,
34373365,"Елканов, Давид Аланович",,1979,Male,,
34303057,"Петров, Матвей Валерьевич",,1866,Male,,
54110220,"Безусов, Павел Константинович",,1851,Male,,
34169340,"Непрокин, Георгий Павлович",,1740,Male,,
34232893,"Басов, Илья Вадимович",,1696,Male,,
24289450,"Симаков, Сергей Николаевич",,1601,Male,,
34432701,"Хлызов, Никита Сергеевич",,1590,Male,,
55691536,"Лукьянов, Дмитрий",,1487,Male,,
34180580,"Соколов, Егор Юрьевич",,1469,Male,,
522038531,"Темирболатов, Азамат Сосланбекович",,1357,Male,,
54136539,"Риянова, Ралина Ранисовна",,1232,Male,,
55787444,"Гусаков, Александр",,1163,Male,,
54125294,"Тюпа, Тимофей Андреевич",,1000,Male,,
522093788,"Загорский, Андрей Анатольевич",,0,Male,,
12872873,"Diksaitis, Domantas",,0,Male,,
12876372,"Jurkonis, Eigirdas",,0,Male,,
12874523,"Romeika, Mykolas",,0,Male,,
12871800,"Urbonas, Danielius",,0,Male,,
12873519,"Vaidelys, Simonas",,0,Male,,
34198334,"Petrenko, Tymofii",,2067,Male,,
34136240,"Karpinets, Zakhar",1944,1902,Male,,
34175776,"Kucher, Artem",,2039,Male,,
34183523,"Kobal, Nazarij",2075,1941,Male,2051,
34169695,"Kravchuk, Vladyslav",2005,1826,Male,,
34159320,"Matiievskyi, Rostyslav",2180,1937,Male,,
529019788,"Nerubatskyi, Danylo",2001,1894,Male,2002,
34176721,"Shtrykun, Oleksandr",,1978,Male,,
529006767,"Nadzharyan, Tymur",1777,1589,Male,,
34169717,"Peresadko, Dmytro",1886,1563,Male,,
34166025,"Eismont, Tymofii",1808,1798,Male,,
34192700,"Khoptiar, Vladyslav",1748,1441,Male,,
54561043,"Cuesta Navarro, Jose",,1455,Male,,
12866008,"Savickas, Mangirdas",,1467,Male,,
34160736,"Svitenko, Solomiia",2067,2050,Female,,
34176730,"Sova, Sofiya",2098,1921,Female,,
34176209,"Kutyanina, Maryna",1980,1821,Female,,
529006031,"Kalinina, Nika",1768,1553,Female,,
34160728,"Sokur, Viktoriia",0,1527,Female,,
34195165,"Prisyazhniuk, Lilia",1637,1481,Female,,
12875023,"Stanzyte, Emilija",,0,Female,,
12862967,"Vaitiekunas, Viktoras",,0,Male,,
34190422,"Savchuk, Oleksandr",,2103,Male,,
11608412,"Vasilkovs, Aleksandrs",,,Male,1613,
34160523,"Kipen, Svyatoslav",2086,2039,Male,,
34186190,"Lytvyn, Vladyslav",2049,2004,Male,,
34184040,"Hanas, Markiyan",,1955,Male,,
34155627,"Martseniuk, Oleksandr",2066,1955,Male,,
12862959,"Vaitiekunas, Algirdas",,1456,Male,,
12874418,"Buikyte, Dominyka",,1412,Male,,
12868795,"Bukauskas, Benas",,0,Male,,
12857319,"Kundrotaite, Akvile",,0,Male,,
34190074,"Кузик, Матвій І",1923,1767,Male,,
3652637,"Orellana Brito, Josue Jonas",,0,Male,,
34160345,"PAVLYK, Maksym",2120,2043,Male,,
4534387,"Laanemagi, Ralf",,,Male,0,
20055374,"Lanfranco, Cristian Hernan",1882,,Male,,
197157,"Santiso, Daniel",1875,,Male,,
529016991,"Halachynskyi, Svyatoslav",,1421,Male,,
12874728,"Narkevicius, Adrianas",,0,Male,,
12875465,"Pakulaite, Dorote",,0,Female,,
12862878,"Petrauskas, Domas",,0,Male,,
12864633,"Reklaityte, Elze",,0,Female,,
12876682,"Samuolaityte, Gabriele",,0,Female,,
12874477,"Vilkas, Gintis",,0,Male,,
29937124,"Ekaratne, Chenaya",1696,,Male,,
29921384,"Wijesinghe, Thinuli Disansa",1686,,Male,,
29976898,"Madduma, Patabendi Vinudi Dahamsa",1684,,Male,,
29982502,"Halangoda, Sayumi Sithumila",1679,,Male,,
29985820,"Sahansa, Onara Sandithi",1679,,Male,,
29956927,"Thisenka, H Linuki",1669,,Male,,
29956242,"Bandara, Bodhi",1668,,Male,,
29974461,"Gomes, J Vaneesha Oshini",1667,,Male,,
80837263,"Lakruvi, Ma Danuji Senulya",1620,,Male,,
80800939,"Dampahala, Hesara Danuli",1620,,Male,,
29956625,"Arachchi, B A M",1619,,Male,,
9935940,"Indrajith, J A K N T",1604,,Male,,
29986141,"Perera, S Nethumi Dihansa",1602,,Male,,
29965950,"Siriwardane, Kishora",1593,,Male,,
29976936,"Perera, Sanuli Yehansa",1588,,Male,,
29974470,"Leelananda, M K Isali Pinipa",1587,,Male,,
29956846,"Senarathne, Tharuli Dihansa",1586,,Male,,
80852564,"Dissanayake, D M T Senulya",1581,,Male,,
29993440,"Waduge, Kisali Chenulya",1579,,Male,,
29969000,"Siheli, W D Imethma",1576,,Male,,
29974364,"De Mel, Seneli Keshia",1573,,Male,,
29974488,"Perera, Buddhima Aravindi Christeen",1563,,Male,,
29974437,"Rehansa, H P Chanuli",1561,,Male,,
29956420,"Hettiarachchi, Janudi",1557,,Male,,
29992494,"Jagodaarachchi, Thesuri Sewmini",1557,,Male,,
80871771,"Ushani, J K M Inethma",1556,,Male,,
29986206,"Thewmali, A M Omansa",1555,,Male,,
80801277,"Wijesingha, Nimsha Mayumi",1549,,Male,,
80833608,"Hirusari, R Hesanya",1547,,Male,,
29927846,"Perera, A L Omaya Inuki",1544,,Male,,
80800866,"Withana, Vinudi Ayansa",1539,,Male,,
80815022,"Kulasekara, D Induni Emasha",1538,,Male,,
29974313,"Jithuli, K V Thilanya",1534,,Male,,
29975409,"Sayumli, P W Hesara",1529,,Male,,
80834736,"Shakeela, Fathima",1528,,Male,,
29936934,"Abeyrathne, M P Dulansa Dewmini",1526,,Male,,
80803091,"Damsiluni, P D Chithuli",1519,,Male,,
80873650,"Avinya, E.A.Hesandi",1517,,Male,,
29991102,"Sahabandu, Viduni Dinara",1517,,Male,,
80868347,"Tissera, Sanaya Ranuki",1517,,Male,,
29974518,"Hewa, Kokawalage Aruneemaa",1515,,Male,,
29990998,"Ranasinghe, R M Esandi Pahangee Manodhya",1512,,Male,,
29954630,"Amarathunge, Piyumi",1511,,Male,,
29979382,"Wijetunga, Vishwa Vimukthini",1511,,Male,,
9968547,"Karunasena, Saheli",1509,,Male,,
80842577,"Wetthasinghe, H W D Sonakshi H.",1503,,Male,,
80853196,"Wickramage, Danuli Pehansa Vinudi",1501,,Male,,
29996970,"Dasanya, W K Risali",1495,,Male,,
80808123,"Kalindi, A H Jaini Hesanya",1494,,Male,,
29991560,"Wijesinghe, Lithuli Vidasna",1491,,Male,,
29934605,"Seenipellage, Himandi",1489,,Male,,
80832733,"Thivinya, A P Kulani",1489,,Male,,
29992605,"Weerasekara, Januli",1489,,Male,,
29979323,"Thilakumara, Rashini Senaya",1488,,Male,,
29956501,"Jayasinghe, Kenuli Sanaya",1487,,Male,,
29932017,"Hiranya, P G Lithumi",1485,,Male,,
29979170,"Perera, R N D G Kavinilu",1482,,Male,,
80833071,"Costa, Tanudi Lohasna Thirasari",1481,,Male,,
80802575,"Jayarathna, T Pudamya Sethumlee",1481,,Male,,
29972973,"Jayasinghe, Chanudi Praharsha",1480,,Male,,
80869742,"Jayanetti, J K D Thinuli Thesanya",1478,,Male,,
80868231,"Methsarani, P D Kaweesha",1476,,Male,,
29997658,"Rathnasekara, Aryana Lisara",1474,,Male,,
29956358,"Susewage, Vihansa Methuli Fernando",1462,,Male,,
80872328,"Fernando, Anjela",1458,,Male,,
80870414,"Geekiyanage, Tanudi",1457,,Male,,
80838740,"Gunasekara, K Minuthi Kavinma",1456,,Male,,
29992192,"Rathnayake, R M Chanuthi Thenulima",1454,,Male,,
80834710,"Sethlini, K G Sadithi Siyathma",1453,,Male,,
80809421,"Dias, Shenella",1452,,Male,,
80810217,"Wanigasooriya, Akshana Randinee",1452,,Male,,
29973023,"Kuruppuarachchi, K A Thenuli",1451,,Male,,
29997305,"Kithsen, Kivini Thiveja",1448,,Male,,
80892744,"Sathsarani, P H Rajini",1448,,Male,,
80839304,"Wanaguruge, Dinuli Nethusarani",1448,,Male,,
80800173,"Fernando, Shanaya",1447,,Male,,
80815774,"Uduwela, Dinithi Pabasara",1441,,Male,,
80803148,"Premathunga, Dinuri Sasanya",1437,,Male,,
29986117,"Mahawatte, Thanudi Nathara",1436,,Male,,
80833187,"De Silva, Sethumsa Upethmi",1436,,Male,,
29997160,"Gunawardhana, Honara Lho",1435,,Male,,
29956544,"Rathnayaka, L.P.Amasha Dewmini Rathnayaka",1434,,Male,,
34164979,"Dmytruk, Artem",,2062,Male,,
34166319,"Solinskyi, Dmytro",,1965,Male,,
34152890,"Shturma, Tymur",,1963,Male,,
34176055,"Kochkin, Igor",,1918,Male,,
34170995,"Huzha, Illia",,1894,Male,,
34151311,"Kruk, Roman",,1850,Male,,
34151303,"Kruk, Mykola",,1753,Male,,
34183418,"Shyra, Andriy",,1667,Male,,
34176039,"Ivanov, Mykyta",,1661,Male,,
34190414,"Riabokon, Nazar",,1635,Male,,
34186760,"Lipin, Yevhen",,1555,Male,,
529025249,"Furman, Yevhen",,1513,Male,,
529009880,"Kostiuk, Danylo III",,1471,Male,,
529023637,"Oboznyi, Oleksandr",,1424,Male,,
529036950,"Miskiv, Tymofii",,0,Male,,
29986060,"Guruge, Minuli Sanulya",1433,,Male,,
29992508,"Jayasinghe, A J M Sanuli Thesanga",1432,,Male,,
80800394,"Netharsha, R H Thaheshi",1430,,Male,,
80806899,"Bandara, Irushi Tharindya",1428,,Male,,
80854125,"Abeykoon, A M Manuli Gihansa W",1427,,Male,,
80810101,"Erathna, E W Dinudi Yesansa",1427,,Male,,
80863779,"Geekiyanage, Menuji Sakithya",1427,,Male,,
80834744,"Silva, K Pahanya Dewmini",1427,,Male,,
80840183,"Movindee, W A D Asalya",1425,,Male,,
80878210,"Padukkage, Disandi Damsuwi",1425,,Male,,
80845177,"Ovindi, A A Vidasha",1424,,Male,,
80839444,"Gamlath, M Bhavya Jehani",1423,,Male,,
80806678,"Perera, P Hesali Santhushya",1423,,Male,,
80835678,"Sehasna, S H Senudi",1417,,Male,,
80810179,"Neththi, Kumarage Windithyaa Linaakshee",1417,,Male,,
80809383,"Abeywardana, Kithara Wenumdi",1416,,Male,,
80850553,"Kariyawasam, M G Ameedhi Nepathya",1415,,Male,,
80872344,"Keppetipola, Dulithi Yumethya",1411,,Male,,
80833861,"Kodituwakku, Dona Anudini Malithma",1410,,Male,,
29992486,"Imtiyas, Jenuli Aisha",1404,,Male,,
80850944,"Karunanayake, Nithadee Ranulya",1403,,Male,,
80854265,"Pathirana, M L Devli Shenaya",0,,Male,,
80863540,"Chanaya, T M Vihansa Sayuni",0,,Male,,
80834094,"Jayakodige, Livini Nanayakkara",0,,Male,,
80853145,"Samarasekara, Yenuli Yehansa",0,,Male,,
80811930,"Abesekara, A H B Chathuni Narmada",0,,Male,,
80832903,"Abeykoon, A M Yenuli Dulansa W",0,,Male,,
80838030,"Abeysinghe, Gunawardena Thenuki Sanaya",0,,Male,,
80832938,"Ambepitiya, Ahasna Suwandi",0,,Male,,
80874371,"Anandan, Aaliyah Christine Fernando",0,,Male,,
80835406,"Arambegedara, S Senuli Suhasna",0,,Male,,
80869556,"Aryasinghe, K D Yumali Nominya",0,,Male,,
80897967,"Bosandi, T D Yesara",0,,Male,,
80838987,"Dahanayaka, Senudi D M S",0,,Male,,
80874401,"Damsara, Bambarandage Dinadi",0,,Male,,
80874410,"Damsara, Bambarandage Sanudi",0,,Male,,
80894631,"Damsathi, K D Sehathna",0,,Male,,
80847137,"De Costha, Tenuli Kisansa",0,,Male,,
29992745,"De Silva, Kithnuli",0,,Male,,
80809448,"Divyangana, K.A.D.Jithuni Akithya",0,,Male,,
80870341,"Dodangoda, Methuli Chenaya",0,,Male,,
29965616,"Fernando, Dilsadi",0,,Male,,
80870392,"Fernando, G Prabhakshi Ishansa Dewidunee",0,,Male,,
29956374,"Gamage, Asini Nehansa",0,,Male,,
80881408,"Geemanthi, Dihansa",0,,Male,,
80838022,"Gunasekara, K Senumi Tavinya",0,,Male,,
80848443,"Himaya, Hasandi",0,,Male,,
29997240,"Imtiyas, Neha Shelina",0,,Male,,
80802869,"Inushiya, E D Tiyasha",0,,Male,,
29984688,"Irandi, W K Akeesha",0,,Male,,
80802885,"Jayanadi, M D Anuji",0,,Male,,
80864023,"Kirialla, Kavindi Kawya",0,,Male,,
80870600,"Kumarasinghe, K G Hasali Sahanya",0,,Male,,
80853099,"Kuruppu, Methaya Sansuvi",0,,Male,,
80869807,"Mabharana, M M V D L",0,,Male,,
80833969,"Malalgoda, Vinudhi Yehansa",0,,Male,,
80852297,"Malinsa, M P Risini",0,,Male,,
80837182,"Manchanayake, Misali Dihansa",0,,Male,,
80815715,"Manjaree, P Shaini",0,,Male,,
80853897,"Nanawaththa, H A Thuhansa Kithnara",0,,Male,,
80864279,"Ovinya, Thiseni",0,,Male,,
80870740,"Perera, Dihini Nomindi",0,,Male,,
80801048,"Perera, Kenuli",0,,Male,,
80873901,"Perera, Ovindee",0,,Male,,
80834310,"Perera, Thinuli Omindi",0,,Male,,
80800599,"Ranmini, M D Githini A",0,,Male,,
34177990,"Shyhin, Daniil",,2083,Male,,
34190368,"Oliinyk, Tymur",,1920,Male,,
12864617,"Kymantas, Adomas",,1600,Male,,
12867500,"Jurgutis, Benas",,1573,Male,,
12873594,"Surdokas, Martynas",,1530,Male,,
12870161,"Danyla, Arnas",,1529,Male,,
12856665,"Luksys, Grazvydas",,1522,Male,,
12863220,"Kravcenka, Jokubas",,1514,Male,,
12855472,"Vascenkovas, Justas",,1512,Male,,
12872709,"Varpulis, Vytis",,1509,Male,,
12836699,"Jakubauskas, Kasparas",,1485,Male,,
12860301,"Palevicius, Adomas",,1480,Male,,
12856630,"Fedaravicius, Ugnius",,1473,Male,,
12850390,"Jokubauskas, Danielius",,1470,Male,,
12847755,"Bulvydas, Tautvydas",,1425,Male,,
12864285,"Marcinkevicius, Majus",,1424,Male,,
12875031,"Truksinas, Jomantas",,1422,Male,,
12847763,"Bulvydas, Daugirdas",,1410,Male,,
12870617,"Kavaliauskas, Augustas",,1402,Male,,
12870153,"Bertasius, Gabrielius",,0,Male,,
12870633,"Luksys, Domantas",,0,Male,,
12875457,"Pakula, Jokubas",,0,Male,,
12876747,"Smaidziunas, Vejas",,0,Male,,
12867942,"Tauciute, Paula",,0,Female,,
12872962,"Vaiciunaite, Karina",,0,Female,,
2317940,Thorsteinn Jakob F Thorsteinsson,,1917,Male,,
2311534,Jon Thor Helgason,,1774,Male,,
2310961,Helgi Svanberg Jonsson,,1656,Male,,
2306484,Magni Marelsson,,1629,Male,,
2331560,Katrin Osk Tomasdottir,,1612,Male,1419,
2326280,Ingi Haflidi Gudjonsson,,1608,Male,,
2330199,Milosz Ulfur Olszewski,,1580,Male,,
2330148,Kristofer Arni Egilsson,,1534,Male,,
2331535,Aron Noah Schulz,,1476,Male,,
2310970,Thorsteinn Emil Jonsson,,1443,Male,,
2335832,Hjalmar Fridbergsson,,1413,Male,,
2306310,Marel Gudlaugsson,,0,Male,,
2336812,Noi Ingvaldsson,,0,Male,,
2336146,Antoni Ingi Petursson,,0,Male,,
2330318,Runar Thor Sigurdsson,,0,Male,,
29970954,"Amarathunge, Kosala Sandeepa",1988,,Male,,CM
29953464,"Kulatunge, Losara Methyuga",1966,,Male,,
29982596,"Karunasena, A P Chenitha Sihas Dinsara",1960,,Male,,CM
29947928,"Perera, B Jayod Yasindu Rashmika",1942,,Male,,
29910110,"Kumara, K E Dineth Sandaruwan",1918,,Male,,
9901604,"Wijekoon, Chandana",1912,,Male,,CM
29975085,"Jayasooriya, Ruvin Sandharu",1910,,Male,,
29932050,"Insara, S. D. Nadev",1909,,Male,,
9900616,"Jayaweera, Y",1905,,Male,,
9902252,"De Silva, Osheen",1897,,Male,,
29982995,"Rodrigo, Lohas",1888,,Male,,
29909236,"Dias, A A T  Nethsara",1885,,Male,,
9982965,"Samaraweera, Dimuth Indeepa",1873,,Male,,
9902589,"Peiris, T S S",1855,,Male,,FM
9900578,"Jayasundara, P K U M",1849,,Male,,CM
29949939,"Kannangara, Ranul Insitha",1842,,Male,,
29983649,"Koswattage, Yesandu Biman",1837,,Male,,
29942802,"Samarakoon, Mithil",1836,,Male,,
29993237,"Perera, Kisandu Randira",1833,,Male,,
29926106,"Minsara, Sadev",1828,,Male,,
29914132,"Hettigoda, Dhanodya",1825,,Male,,
29993342,"Senarathna, B Hiruka Hansana",1811,,Male,,
29978513,"Gunatunga, Dhiren",1810,,Male,,
9901876,"Chandula, E D S",1807,,Male,,
29981611,"Abhayaratna, Ometh",1806,,Male,,
29954886,"Hettiarachchi, Ovindu Abhilash",1790,,Male,,
9900128,"Pitigala, Chandra",1785,,Male,,
29974666,"Kithmina, W K Vihanga",1776,,Male,,
29934664,"Siriwardene, R B Sithum Nevanjith",1770,,Male,,
29978300,"Thenuwara, S D D S",1761,,Male,,
29931894,"Gunasekera, Aritha",1756,,Male,,
29977673,"Kothalawala, Ramath Hansaka",1755,,Male,,
9997547,"Ahangama, Senuka Aswin",1754,,Male,,
29903149,"Weerasinghe, W Yasiru",1754,,Male,,
29983320,"Wickramage, Rivinu Dihas Nethmira",1750,,Male,,
9901108,"Fernando, J M Marlon P",1748,,Male,,
80804195,"Nanayakkara, Dulneth Pallege",1747,,Male,,
80815600,"Subasinghe, Rohin Thamodya",1745,,Male,,
9999477,"Sanviru, G H A Dulnith",1743,,Male,,
29929997,"Yapa, Y. P. G. P.",1742,,Male,,
29909350,"Francis, U M Senal Vishmin",1734,,Male,,
29960690,"Devundara, Rivinu Resandul",1724,,Male,,
29998999,"Fernando, Sheveen X`aviar",1720,,Male,,
29900310,"Lavanga, Binuka",1720,,Male,,
80823467,"Dinsath, Dm Thenuda",1714,,Male,,
29953375,"Jayasinghe, K A J Hasanidu Anuhas",1713,,Male,,
29977398,"Wanniarachchi, Senuka",1709,,Male,,
29973864,"Perera, A A Senuth Thewsas",1706,,Male,,
29967554,"Ranathunga, R M Methula Sansitha",1704,,Male,,
9904263,"Rabel, M A C S",1702,,Male,,
29982430,"Egodawatta, Vinuja",1701,,Male,,
29982650,"Kulathilaka, M A Sanuka Sageeth",1700,,Male,,
9910433,"Askey, Raveen",1699,,Male,,
29909457,"Jayasinghe, Bonuka Minketh Silva",1697,,Male,,
29973724,"K.D.Dineth, Damsara",1692,,Male,,
29979943,"Hettiarachchi, Thenu Chanmith",1688,,Male,,
29996252,"Senadeera, S P Gayundu Bometh",1688,,Male,,
80821650,"Dissanayaka, Lithik Hiruna",1686,,Male,,
29978289,"Sathsilu, Menuka",1685,,Male,,
29935369,"Fernando, Dulkith",1683,,Male,,
29960886,"Nandasiri, Omiru",1680,,Male,,
9905219,"Amarasekara, Lakmal",1679,,Male,,
9932291,"Gunarathne, Senila Amaneth",1676,,Male,,CM
29952166,"De Silva, Anuk Senhas",1674,,Male,,
29928133,"Wickramaarachchi, Gayaru Chamsara",1669,,Male,,
80823319,"De Silva, Dunuhinga Binul Demitha",1668,,Male,,
80807070,"Premnath, Nithish",1664,,Male,,
80827446,"Thrikawala, Chalinu Oneth",1656,,Male,,
80825109,"Withana, W D Wonal Warnitha",1656,,Male,,
29984360,"De Silva, Nethuja Vinuth",1651,,Male,,
29935989,"Pathirathna, Keshara Viraj",1648,,Male,,
29959330,"Rathnaweera, Dilith",1648,,Male,,
9902686,"Abhimanyu, Iraja",1646,,Male,,
80880975,"Sebasthiyan, S D D",1643,,Male,,
29984572,"Welivita, Hesara",1641,,Male,,
9966161,"Wickramaratna, T D",1640,,Male,,CM
29953162,"Dulmina, Chadeesha Vindesh",1639,,Male,,
9964029,"Rohana, V T Malitha",1635,,Male,,
29977436,"Chithrarathna, A A D Aravindu I",1632,,Male,,
29983266,"Perera, R C Thihansith",1632,,Male,,
29975573,"Bandara, B G S N R",1626,,Male,,
9984950,"Dissanayake, Sasandu",1624,,Male,,
80877877,"Perera, Chanuga",1623,,Male,,
29997070,"Gamage, Sethum Ranhiru",1618,,Male,,
80822789,"Vidanapathirana, Vidhu Damsara",1618,,Male,,
29961432,"Bandara, Vidura",1616,,Male,,
80885187,"Ashan, P K T",1610,,Male,,
29995388,"Shalom, M M D Chanithu",1609,,Male,,
29973759,"Dias, L P Dinaru Thathsara",1606,,Male,,
80872000,"Senevirathne, E M Senuka Rashen",1605,,Male,,
80835619,"Preena, Mohammed Aniq",1604,,Male,,
9938486,"Roshan, K",1590,,Male,,
80867944,"Ridmal, P D Gimantha",1588,,Male,,
29980364,"Perera, Nethuka Nimsara",1586,,Male,,
80845681,"Thesath, H Thumira",1584,,Male,,
29983371,"Wijewardane, Shakith",1580,,Male,,
9978089,"Thilakarathne, D N Adithya Wijethunga",1579,,Male,,
80808077,"Manurasith, Gamage Sadula",1578,,Male,,
80809839,"Fernando, S A E N",1575,,Male,,
9964983,"Ranasinghe, Thinuga",1575,,Male,,
29966680,"Gunathilaka, M H Mesandu Nithwara",1573,,Male,,
80870562,"Kalmitha, U D Yewin",1573,,Male,,
29990769,"Pathiraja, Devin Induwara",1573,,Male,,
80811329,"De Silva, A Dineth Randiv",1571,,Male,,
80828736,"Deeghayu, Jayasinghe Ohas Dewram",1570,,Male,,
80853668,"Savinindu, Binuga",1570,,Male,,
29983100,"Senehas, Mahalpage Dewdun",1569,,Male,,
80828825,"Dias, L P Saniru Kemin",1566,,Male,,
9902074,"Jayasundara, Nishan",1566,,Male,,
80880894,"Kukule, Kankanamge Sasmitha Yasassri",1565,,Male,,
9961585,"Gamage, Mesanda",1564,,Male,,
80809480,"Jagodaarachchi, Lahiru Lethum",1564,,Male,,
9905812,"Perera, Piruna Kamala",1562,,Male,,
80813593,"Nishsanka, N. A. Thehan Akein",1560,,Male,,
9961739,"Shasikumar, Nagarajah",1560,,Male,,
29998166,"Thiyabarawatta, Ridma Dishal",1557,,Male,,
9976000,"Selvarajah, Selvendra",1555,,Male,,
80836330,"Withanage, Senula Nethvidu",1551,,Male,,
80835376,"Abeykoon, S S W B",1550,,Male,,
80884628,"Shagin, Sunderashwaran",1550,,Male,,
80807089,"Premnath, Raaghav Harry",1547,,Male,,
29980062,"Karunarathna, K H Minhas",1547,,Male,,
29977479,"Dilnuka, H D Bumitha Hirun",1546,,Male,,
80823629,"Fonseka, Dewja Shen",1543,,Male,,
29993300,"Ranasinghe, Vidun Rithmaka",1543,,Male,,
29974810,"De Silva, Sanuth Adithya",1542,,Male,,
80800610,"Ratiyala, Vinuja Nimsilu",1540,,Male,,
80854990,"Senevirathne, E M Dinuga Ayodhya",1540,,Male,,
80870619,"Kumarasingha, S H Shanoth Matheesha",1538,,Male,,
80869106,"Ranaweera, Anupama",1537,,Male,,
80803539,"Chandrasiri, Hirun Sithmina",1536,,Male,,
80815529,"Sandilu, Kansawage Rugeeth",1535,,Male,,
80815219,"Amunugama, Senuka",1534,,Male,,
80838804,"Paul, Charaka Divaman",1534,,Male,,
80804071,"Kuruppu, Sanithu Semitha Yuthnal",1532,,Male,,
80852130,"Sasmitha, K G K H Chirandith",1531,,Male,,
29956781,"Premaratne, Sandira Senula",1528,,Male,,
80851576,"Sanith, S H Viduja",1528,,Male,,
80803598,"De Silva, Wenaidawaduge Dimath Mandiv",1527,,Male,,
80831079,"Sasdula, D A Chanuka",1526,,Male,,
80822193,"Nethmitha, Madaluwage Bihandu",1523,,Male,,
29980992,"Wijesundere, Gishen",1521,,Male,,
80835171,"Dangalla, Dulmitha Sayul",1520,,Male,,
80831605,"Weerabandara, Kihan",1518,,Male,,
29982006,"Jithum, K V Budmina",1517,,Male,,
80839380,"Bentotage, Sethika Thehan",1516,,Male,,
80848010,"Jayasekera, Akaine",1516,,Male,,
29982057,"Silva, Thevindu",1516,,Male,,
80810055,"Joel, Wilkins Watkins",1514,,Male,,
29950791,"Perera, O Sithija Wasula",1511,,Male,,
13900048,"Bologan, Victor",,,Male,2484,GM
13905465,"Schitco, Ivan",,,Male,2421,GM
13907808,"Lashkin, Jegor",,,Male,2381,GM
13902393,"Hamitevici, Vladimir",,,Male,2379,GM
13901419,"Baltag, Iulian",,,Male,2323,IM
13900161,"Sanduleac, Vasile",,,Male,2299,GM
13908693,"Sapocinic, Semion",,,Male,2263,FM
13900889,"Soltanici, Ruslan",,,Male,2254,IM
13908669,"Baranciuc, Alexandr",,,Male,2220,FM
13911848,"Gubin, Dmitrii",,,Male,2122,FM
547054972,"Mesta, Aadhya",,,Female,1602,
531024513,"Shivansh, Sogun",,,Male,1477,
531009441,"Ghadi, Sushant Shreesha",,,Female,1461,
558066500,"Chakrabarty, Rudra",,,Male,1427,
429054010,"Aarav, Nagueshkar",,,Male,1421,
547034904,"Chinmay, More",,,Male,1421,
531023967,"Chougale, Shrihan",,,Male,1407,
547035005,"Adhvi, Amol Terse",,,Female,0,
48797626,"Amit, Aditya",,,Male,0,
537054600,"Ansh, Gawas",,,Male,0,
48797359,"Arolkar, Sparsh",,,Male,0,
547055065,"Bhosle, Kavyshree",,,Female,0,
558086986,"Mangasuli, Brahami",,,Female,0,
23763639,"Doleží, Daniel",,,Male,1217,
23788577,"Hartoš, René",,,Male,1125,
23788372,"Šonka, Dominik",,,Male,1125,
23786639,"Dluhoš, Daniel",,,Male,1079,
23789751,"Lampa, Jan",,,Male,1000,
23789760,"Šak, Miroslav",,,Male,1000,
158070,"Barrotto, José Ignacio",1866,,Male,,
14501503,"Muhvić, Damir",,2190,Male,,
14599929,"Božić, Niko",,2167,Male,,
14545934,"Reš, Ivica",,2118,Male,,
14516500,"Katić, Damir",,2017,Male,,
14516306,"Dimitrijević, Siniša",,2015,Male,,
14580250,"Zagorac, Lara",,2011,Female,,WFM
14516535,"Šverko, Mladen",,1901,Male,,
14508770,"Nastić, Milorad",,1793,Male,,
79303390,"Gulan, Dane",,1757,Male,,
14545519,"Viduka, Marko",,1746,Male,,
14548267,"Ristic, Zoran",,1743,Male,,
79337538,"Vitaljić, Luka",,1501,Male,,
950084,"Aleksic, Djordje",,,Male,,
954918,"Djordjevic, Nevena",,,Male,,
9230038,"Jablanovic, Branislav",,,Male,,
9238950,"Jakovljevic, Dijana",,,Male,,
9211246,"Lazic, Ana",,,Male,,
957798,"Marjanovic, Ivan D",,,Male,,
941255,"Rikalovic, Milan",,,Male,,
997803,"Taskovic, Stefan",,,Male,,
914380,"Vreljanski, Dragomir",,,Male,,
991660,"Bagas, Aleksandar",,,Male,,
9227754,"Ninkovic, Tamara",,,Male,,
9241595,"Pavicevic, Vladimir",,,Male,,
998559,"Savicevic, Tijana",,,Male,,
9212838,"Spasic, Mateja",,,Male,,
973610,"Tadic, Ana",,,Male,,
985953,"Zecevic, Tijana",,,Male,,
9211297,"Zivanovic, Natasa J",,,Male,,
960063,"Bilic, Marijana",,,Male,,
570008566,"Шешуков, Роман Денисович",,1189,Male,,
923966,"Bura, Radovan",,,Male,,
997919,"Dolas, Sofija",,,Male,,
997196,"Jankovic, Stefan",,,Male,,
34128433,"Demenyk, Vladyslav",,2261,Male,,
14605996,"Podržaj, Ivo",,2091,Male,,
14610388,"Slejko, Vladimir",,1828,Male,,
14594579,"Martinović, Luka",,1803,Male,,
79306993,"Hodžić, Fran",,1746,Male,,
14509733,"Čabrijan, Ivan",,1619,Male,,
79340369,"Banko, Đani",,0,Male,,
16514173,"Kovacevic, Mihailo",,0,Male,,
914215,"Kostic, Aleksandar",,,Male,,
9214687,"Milenkovic, Marko",,,Male,,
931810,"Milojevic, Nebojsa",,,Male,,
9202573,"Milovanovic, Nikola",,,Male,,
999806,"Mitic, Aleksandar",,,Male,,
9262762,"Padjan, Djura",,,Male,,
901024,"Radoicic, Dejan",,,Male,,
9242230,"Smilic, Vladimir",,,Male,,
9249898,"Srebotnjak, Andrej",,,Male,,
997161,"Tomic, Ivan Zo",,,Male,,
9231310,"Tosic, Aleksandar",,,Male,,
1196413,"MALA, Marcin",,1653,Male,,
9211270,"Zivanovic, Dusica",,,Male,,
9211289,"Zivanovic, Julijana",,,Male,,
9211300,"Zivanovic, Sladjana",,,Male,,
9229307,"Zivic, Ana",,,Male,,
14100940,"Podat, Vladimir,Dr.",,,Male,2230,FM
4619510,"Tscharotschkin, Michael",,,Male,2208,
4600436,"Klundt, Klaus",,,Male,2201,IM
600601,"Roos, Jean-Luc",,,Male,2199,IM
4604482,"Meier, Thomas, Dr.",,,Male,2174,
4656911,"Kapfer, Thomas",,,Male,2169,
4606140,"Witke, Thomas",,,Male,2166,FM
4670396,"Junger, Werner",,,Male,2158,
4602064,"Dittmar, Peter",,,Male,2134,FM
4635590,"Hirn, Oskar",,,Male,2133,FM
4604253,"Vogel, Robert",,,Male,2116,FM
4637933,"Schumacher, Gottfried",,,Male,2108,FM
12989614,"Jahn, Peter",,,Male,2099,
4600770,"Carstens, Andreas",,,Male,2095,FM
4607430,"Namyslo, Holger",,,Male,2077,FM
4622081,"Müller, Michael",,,Male,2065,FM
4683765,"Müller, Erich",,,Male,2065,
4663217,"Matzat, Andre",,,Male,2047,
4621069,"Schiff, Armin",,,Male,2037,
403156,"Jackson, Oliver A",,,Male,2030,FM
1703161,"Gamback, Bjorn",,,Male,2026,CM
24687898,"Zimmer, Rolf",,,Male,2021,
4616804,"Arlt, Reinhard",,,Male,2020,
4623355,"Holzschuh, Peter",,,Male,2014,
4692217,"Dushatskiy, Fedor",,,Male,2003,
24666580,"Eichner, Christian",,,Male,2002,
1271100,"Dieterle-Bard, Bernhard",,,Male,1999,
24699802,"Keller, Harald",,,Male,1999,
4641540,"Tönniges, Thomas",,,Male,1998,
4678567,"Goldinger, Peter",,,Male,1997,
4657829,"Scharrer, Udo",,,Male,1996,
16229029,"Brettschneider, Karl",,,Male,1989,
34668683,"Ahlvers, Ullrich",,,Male,1987,
4688112,"Wild, Helmut",,,Male,1986,
12923419,"Schaefer, Martin,Dr.",,,Male,1983,
24621250,"Giacomelli, Bernd",,,Male,1979,
4636627,"Junger, Ulrich",,,Male,1978,
16207912,"Litvinov, Dimitri,Dr.",,,Male,1976,
12969400,"Graf, Peter",,,Male,1975,
24606030,"Schneider, Walter",,,Male,1974,
4643488,"Gollasch, Theo-Heinz",,,Male,1974,
4678362,"Meertens, Martin",,,Male,1970,
4628608,"Kalix, Wolfgang",,,Male,1966,
4684001,"Lares, Harald",,,Male,1965,
4622472,"Kümpers, Ulrich",,,Male,1961,
24657018,"Rahner, Fritz",,,Male,1957,
4695950,"Stute, Wolfgang",,,Male,1950,
16204530,"Berner, Jürgen",,,Male,1943,
4692837,"Nebel, Uwe",,,Male,1935,
4663276,"Ramin, Michael",,,Male,1928,
1271875,"Korth, Manfred,Dr.",,,Male,1926,
4674731,"Schnepel, Thomas",,,Male,1926,
16235932,"Gihr, Michael",,,Male,1926,
24652652,"Litfin, Boris",,,Male,1912,
16286170,"Luef, Herbert",,,Male,1893,
4652401,"Müller, Thomas",,,Male,1893,
135860,"Lopez, Javier",1834,,Male,,
24676683,"Stummeyer, Dieter",,,Male,1890,
24634115,"Zunker, Michael",,,Male,1886,
16232500,"Bogumil-Schott, Edgar,Dr.",,,Male,1878,
24617733,"Leutz, Hans",,,Male,1861,
12925330,"Hulin, Egmar",,,Male,1858,
24630829,"Zerweck, Christoph",,,Male,1856,
12923737,"Bars, Joachim",,,Male,1854,
4695895,"Schröder, Klaus",,,Male,1852,
4673395,"Eschle, Hubert",,,Male,1851,
16266803,"Alter, Alexander",,,Male,1850,
4677030,"Hansult, Manfred",,,Male,1846,
419893,"Thynne, Trefor F",,,Male,1845,
608041,"Schott, Reimund",,,Male,1840,
4655850,"Adam, Wilfried",,,Male,1830,
12934631,"Vogel, Karlheinz,Dr.",,,Male,1828,
24665339,"Börner, Joachim",,,Male,1826,
12968170,"Botvinnik, Alexey",,,Male,1825,
24651869,"Graf, Anton,Dr.",,,Male,1820,
4670582,"Gauer, Jakob",,,Male,1817,
24637688,"Haug, Siegmund",,,Male,1815,
24670073,"Klüber, Werner",,,Male,1811,
12939420,"Lindner, Helmut",,,Male,1806,
16243900,"Teutsch, Michael,Dr.",,,Male,1804,
253715,"Ebner, Hermann,Dr.",,,Male,1804,
24607134,"Mayer, Dietmar",,,Male,1795,
4667751,"Bauer, Dieter",,,Male,1787,
620963,"Gauer, Jacques",,,Male,1781,
533080771,"Müller, Uwe",,,Male,1893,
16234260,"Ilzhöfer, Karl-Heinz",,,Male,1779,
4679806,"Zschorsch, Peter",,,Male,1779,
12979465,"Kurpiela, Franz",,,Male,1776,
34610170,"Klipsch, Norbert",,,Male,1765,
1271373,"Rauscher, Joachim",,,Male,1761,
4609760,"Auterhoff, Jürgen,Dr.",,,Male,1760,
1272018,"Bernauer, Bernhard,Dr.",,,Male,1758,
12961531,"Huber, Helmut",,,Male,1757,
16265351,"Dieter, Jürgen,Dr.",,,Male,1745,
24603767,"Gottschall, Ina",,,Male,1742,
24627593,"Schnell, Franz",,,Male,1735,
16213866,"Mayer, Rolf",,,Male,1732,
1271910,"Seidler, Ottmar",,,Male,1713,
665681,"Chochoy, Patrick",,,Male,1708,
12969710,"Anderer, Bernd",,,Male,1705,
16225295,"Koch, Ernst",,,Male,1687,
24642134,"Titz, Waldemar",,,Male,1675,
12960985,"Dederichs, Wolfgang",,,Male,1660,
4640179,"Blum, Michael",,,Male,1649,
533000530,"Arendt, Detlef",,,Male,1643,
34687157,"Wehrle, Guido",,,Male,1630,
24614017,"Uhlarz, Jörg",,,Male,1622,
4622928,"Heck, Norbert",,,Male,2225,FM
4673140,"Schober, Ralf",,,Male,2069,
24612618,"Weber, Norbert",,,Male,1617,
34615920,"Borrmann, Tobias,Dr.",,,Male,1614,
12985996,"Jovi, Klaus",,,Male,1603,
24607550,"Thonig, Manfred",,,Male,1598,
24652580,"Rostek, Bettina",,,Male,1591,
16244184,"Sombetzki, Detlef",,,Male,1584,
16289110,"Dörr, Bernhard",,,Male,1566,
533049335,"Boger, Günter",,,Male,1559,
24646423,"Schumacher, Ursula",,,Male,1542,
16260937,"Schreiber, Andreas",,,Male,1511,
533064130,"Sitzler, Siegfried",,,Male,0,
533095469,"Skoutaridis, Paschalis",,,Male,0,
1270524,"Pfrommer, Martin",,,Male,1960,
34176869,"Ермоленко, Виталий",1779,1790,Male,,
55742220,"Гневышев, Виктор Михайлович",1647,,Male,,
55650660,"Яцышин, Александр Ельевич",1587,,Male,,
4160428,"Симкин, Александр Павлович",1584,,Male,,
34120111,"Кротов, Алексей Александрович",1440,,Male,,
55860958,"Сухотеплый, Андрей Алексеевич",1327,,Male,,
34207422,"Красиков, Владимир Васильевич",1278,,Male,,
55604374,"Журавлев, Владимир Васильевич",1128,,Male,,
10653350,"Abdel Naser, Mohamed",,1914,Male,,
10652736,"Elazab, Shereif",,1897,Male,,
10608222,"Hafez, Mahmoud",,1889,Male,,
10619631,"Tawfiek, Maged",,1769,Male,,
923265,"JANJIC, Stefan",2099,,Male,,
983772,"GVOZDENOVIC, Milos",2044,,Male,,
9202522,"STANKOVIC, Andrea",2037,,Male,,
929697,"BOZINOVIC, Boban",1936,,Male,,CM
916285,"JEVTIC, Miroljub",1922,,Male,,FM
991708,"FILIPOVIC, Dragan V",1903,,Male,,
9240599,"NIKOLIC, Bogdan R",1889,,Male,,
993662,"ZUBIC, Aleksandar",1889,,Male,,
948853,"DJORDJEVIC, Zoran To",1852,,Male,,
9210371,"TRIMUNOVIC, Vuk",1852,1738,Male,,
418137,"ROGERS, Tim L",1850,,Male,,
943762,"GOGIC, Anastasija",1829,,Male,,
9210231,"RADENKOVIC, Josif",1824,,Male,,
9219069,"ANDRIJEVIC, Dimitrije",1822,,Male,,
950360,"BOSKOVIC, Dubravko",1822,,Male,,
974552,"BJELETIC, Zeljko",1817,,Male,,
975362,"CRNKOVIC, Predrag",1760,,Male,,
13791494,"ZHENIS, Adiya",1753,,Male,,
119210,"Vecchio, Raúl Antonio",1823,,Male,,
926043,"KOVACEVIC, Bozidar",1731,,Male,,
995118,"RAKIC, Dejan",1727,,Male,,
9248719,"STANKOVIC, Zeljko I",1727,,Male,,
150109620,"WEIYE, Cheng",1715,,Male,,
7134894,"ARIWIBOWO, Nur Alya Ihda Sabila",1652,,Male,,
13432532,"GASIMZADE, Davud",1628,,Male,,
145105316,"SANCAKLI, Alperen",0,,Male,,
501735,"Sund, Jan",,2130,Male,,
513970,"Ahola, Eetu",,1901,Male,,
503738,"Ranki, Martti",,1832,Male,,
505340,"Tiihonen, Ilpo",,1789,Male,,
504092,"Patola, Eero",,1701,Male,,
514420,"Mäkinen, Matti",,1509,Male,,
540036308,"Калашников, Роман Евгеньевич",,1479,Male,,
10603280,"Atef, Abdel Aziz",,1832,Male,,
10633570,"Kandil, Wagdy",,1808,Male,,
10606718,"Elgohary, Gehad",,1803,Female,,
54210291,"Mohamed Abdallah, Hamza",,1669,Male,,
54298016,"Mohamed Ali, Yassin",,1654,Male,,
10684174,"Elmaghawry, Habiba",,1619,Female,,
54271924,"Selim Samaan, John",,1616,Male,,
10661522,"Aly Ibrahem, Ibrahem",,1615,Male,,
54224764,"Ahmed Mohamed, Mohab",,1607,Male,,
54298105,"Hani William, Bishoy",,1570,Male,,
555009824,"Ibrahim Mohebeldin, Hamdy",,1560,Male,,
54247012,"Waleed Mohamed, Mohamed",,1531,Male,,
54262763,"Ihab Ahmed, Abdelrahman",,1523,Male,,
10669531,"Hafez Abdel Wahed, Sara",,1521,Female,,
54284864,"Mohamed Abdullah, Shahd",,1505,Female,,
555010741,"Sharif Mohamed, Jana",,1499,Female,,
10681540,"Hafez, Sama",,1496,Female,,
54231051,"Mohamed Hassanein, Mostafa",,1412,Male,,
5020409,"Sumit Grover,",1919,,Male,,
5044359,"Khalid, Amin",1858,,Male,,
46652752,"Farooq, Faisal",1733,,Male,,
35087614,"Asim Billah,",1701,,Male,,
25630598,"Imtiyaz Ahmad Lone,",1645,,Male,,
33374856,"Mohammad Aayan Adil Khan,",1632,,Male,,
33457581,"Sahil Rashid,",1619,,Male,,
46652698,"Javaid Ahmed Mir,",1603,,Male,,
35087690,"Gowhar Rashid, Comrade",1599,,Male,,
88112187,"Anurag Singh,",1598,,Male,,
558085351,"Baba Mohammad Jee,",1570,,Male,,
48716413,"Shahid Farooq,",1520,,Male,,
33397457,"Hamzah Malik,",1485,,Male,,
45039054,"Azmat Gowhar,",1484,,Male,,
537084470,"Aadil Johnson,",1446,,Male,,
429010543,"Malik Huzaif  Bin Zahid,",1437,,Male,,
48716375,"Manzoor Ahmad Mir,",1405,,Male,,
55798934,"Филимонов, Архип Геннадьевич",,1644,Male,,
34217002,"Осипов, Алексей Владимирович",,1637,Male,,
55896928,"Смирнов, Иван Алексеевич",,1539,Male,,
55674496,"Тонких, Григорий Денисович",,1520,Male,,
55835635,"Дмитриев, Дмитрий Артемович",,1515,Male,,
540004643,"Касумов, Муслим Эльшадович",,1464,Male,,
522067000,"Волков, Александр Дмитриевич",,1443,Male,,
55773729,"Иванашкин, Кирилл Игоревич",,1431,Male,,
13792318,"Makhsatuly, Rakhim",1906,1899,Male,,
4702085,"Toni, Toni",,2002,Male,,
10602852,"Refaat, Ibrahim",,1943,Male,,
10604944,"Elkady, Moustafa",,1813,Male,,
54221234,"Adel Abdel Hameid, Mohamed",,1813,Male,,
9210037,"Krstic, Stefan",1866,,Male,,
55784623,"Шульпин, Дмитрий Павлович",,1423,Male,,
55894585,"Дюмин, Лев Максимович",,1365,Male,,
55700071,"Белов, Матвей Дмитриевич",,1362,Male,,
55701167,"Рыбкин, Егор Евгеньевич",,1354,Male,,
55756247,"Курдяев, Александр Дмитиревич",,1325,Male,,
540004619,"Михеев, Владимир Вячеславович",,1317,Male,,
55899811,"Халезов, Роберт Евгеньевич",,1300,Male,,
55849350,"Богун, Софья Сергеевна",,1294,Male,,
55710786,"Климычев, Иван",,1282,Male,,
540004554,"Щелкунов, Мирон Михайлович",,1266,Male,,
522073167,"Осипова, Алена",,1259,Male,,
540004970,"Крайнов, Артём Алексеевич",,1254,Male,,
540025799,"Семин, Артем Александрович",,1249,Male,,
55640664,"Угланов, Тимофей Игоревич",,1213,Male,,
522039686,"Макаров, Евгений Алексеевич",,1037,Male,,
5184177,"Ramos Aparicio, Jesus David",,,Male,1660,
45037922,"Srujan, Keerthan Solletti",,1940,Male,,
35036963,"Pulli, Shanmukha",,1754,Male,,
35017462,"Pavan, Kumar Y",,1733,Male,,
33486743,"Sathvik, Gulakaram",,1716,Male,,
45072809,"Srivardhan, Reddy",,1700,Male,,
25912208,"Surya, Alakanti",,1687,Male,,
33310491,"Sai, Vishnu Sikkam",,1668,Male,,
33325600,"Rajkumar, D",,1643,Male,,
25747622,"Charan, Kumaran",,1622,Male,,
45069603,"Srihari, Padmanabhan",,1603,Male,,
25933060,"Irondla, Akash Kumar",,1600,Male,,
25016377,"Y, Murali Mohan",,1589,Male,,
547038896,"Amish, Agarwal",,1570,Male,,
33475571,"Abhiraj, Ratna",,1568,Male,,
25666070,"Fihad, Latheef A",,1542,Male,,
48797308,"Ujwal, Mekala",,1529,Male,,
547039019,"Yenigalla, Sathvik",,1511,Male,,
48747025,"Mangalapalli, Vidyadhar",,1500,Male,,
531061290,"Puvvada, Nikhil Srimaan",,1481,Male,,
366111670,"Parth, Desai",,1461,Male,,
33385157,"Rohit, Subramanian",,1454,Male,,
33384983,"Anirudh, K V",,1452,Male,,
88159566,"Bhuvansai, Vundemodhalu",,1450,Male,,
20028199,"Dotti, Fernando",1817,,Male,,
25666851,"Niranjan, Gohad",,1424,Male,,
88102890,"Balu, Akula",,1419,Male,,
25785133,"Atharva, Sharma",,0,Male,,
537005278,"Maddi, Mahath Reddy",,0,Male,,
88159388,"Mahesh, Podiyam",,0,Male,,
429034094,"Radhe, Shyam Salopanthula",,0,Male,,
547090596,"Sachin, Laisetti",,0,Male,,
45042268,"Sahil, Sindiri",,0,Male,,
45039810,"Sushil, Raaja U",,0,Male,,
35000845,"Viswas, Dinesh",,0,Male,,
35826819,"Lingashwaraan, A/L N.Gobi",,1187,Male,,
35839015,"Thiranjitesh, Theenagharan",,1180,Male,,
35833157,"Aarish, A/L Sasitaran",,0,Male,,
35861584,"Charrvesh, Sivakumar",,0,Male,,
565001087,"Dharvin, A/L Nanthakumar",,0,Male,,
565001370,"Koshighan, A/L Sivah",,0,Male,,
35893567,"Mithiran, A/L Ravindran",,0,Male,,
35855207,"Niraiarivvan A/L Manivannan,",,0,Male,,
35899875,"Rithesh, Murugan",,0,Male,,
565001206,"Ruuthva, Ekadannt A/L Navanithan",,0,Male,,
565001168,"Saandeep, Saravanan",,0,Male,,
35833688,"Sashivarman, A/L Kamala Nathan",,0,Male,,
35893222,"Seshamaathavhaa, Durai Raj",,0,Male,,
35861649,"Tayaaniti, A/L Navintharan",,0,Male,,
565003403,"Theeran, Kanadasan",,0,Male,,
560082356,"SCARPITTA, Aurelien",,1745,Male,,
80441467,"SONMEZ, Serhat",,1742,Male,,
20626401,"BUCCAFURRI, Thomas",,1676,Male,,
560025840,"MORELLE, Enzo",,1662,Male,,
653095235,"ZIBOUCHE, Idir",,1617,Male,,
544059000,"D'INGUIMBERT, Elliot",,1577,Male,,
652067025,"DELOME, Sam",,1425,Male,,
551063123,"LAURENT, Thibault",,1060,Male,,
653089928,"BARQANE, Ica",,1020,Male,,
80456642,"KHAMAR, Adam",,1020,Male,,
544059094,"LOUDOUX, Thomas",,999,Male,,
560075104,"PETITJEAN, Solal",,999,Male,,
527017109,"DATSENKO, Mark",,799,Male,,
544078170,"EL BOUANANI, Liam",,799,Male,,
565001176,"Madhumithaa, Saravanan",,0,Male,,
565002881,"Tanvika, A/P Kanes",,0,Male,,
35897570,"Thiyaa, Shanmugam",,0,Male,,
525024698,"PEŞTİMALCIOĞLU, DERİN",,,Male,1318,
525022814,"YÜRÜKSOY, ATA",,,Male,1048,
51692856,"YAKAR, CANDAŞ",,,Male,1452,
51681285,"ALAŞIK, UTKU MUSA",,,Male,1401,
51682702,"AKIN, HAYAL",,,Male,1380,
525026640,"COŞKUN, AHMET TAYLAN",,,Male,1364,
51686589,"GÜRER, ASLIM",,,Male,1334,
525027042,"PAKALIN, ASEL",,,Male,1147,
51679167,"AKIN, MUSTAFA KEMAL",,,Male,1348,
525041029,"GÜRSEL, MERT",,,Male,1123,
525002597,"BİLİCİ, METE",,,Male,1117,
525033867,"PINARCI, TALHA FUAT",,,Male,1102,
525040421,"ALTINSOY, MİRAY HİLAL",,,Male,1024,
10834702,Aduma Melivin,,,Male,0,
10839097,Agnes Mary,,,Female,0,
10898468,Amasakha Alex,,,Male,0,
554011957,Amos shuma,,,Male,0,
10896830,Angolo Henry,,,Male,0,
554009960,Ashley Amanya,,,Female,0,
554010071,Augustine Ariga,,,Male,0,
10893890,Baraka Charlie,,,Male,0,
537084712,"Varun, Srivastava",,1401,Male,,
5000602,Srinivasa Rao G.V.,,1824,Male,,
429056217,Sreyansh Thumati,,1522,Male,,
35036947,Satyanarayna Murthy Pvv,,1504,Male,,
531083536,Sunkara Aditi,,0,Male,,
25626825,Manda Rama Mohan Rao,,1422,Male,,
554004462,Barasa Victor,,,Male,0,
10889108,Beatrice Wangare,,,Female,0,
554009995,Brenda Nasiche,,,Female,0,
554017548,Charles Ashikoye,,,Male,0,
10823700,Curtis Reuben Thuo,,,Male,0,
10896376,Daniel Misiko,,,Male,0,
554017300,Esther Sichangi,,,Male,0,
10894888,Frankline Nyaanga,,,Male,0,
10893962,Fredrick Goroba,,,Male,0,
554009650,Gaius Wanga,,,Male,0,
554015634,Hauston Sandra Awuor,,,Female,0,
10851941,Hope Millicent,,,Female,0,
554015170,Ian kipkosgei,,,Male,0,
10897119,Ian Mugambi,,,Male,0,
554010063,Jaden Msafiri,,,Male,0,
10899782,Jerome Derek,,,Male,0,
554009103,Joseph Kimani,,,Male,0,
10854738,kelvin Kipyegon,,,Male,0,
554015707,Kenga Ondigi,,,Male,0,
554015715,Kevin Wekesa,,,Male,0,
10839194,Kim Vivica,,,Female,0,
554014581,Kimutai Zena,,,Male,0,
554005361,Koskei Kelvin Kibor,,,Male,0,
554017114,Lawrence Olum,,,Male,0,
554017513,Marcus Evance Alang'o,,,Male,0,
554015731,Mary Nelima,,,Male,0,
554015740,Maxwell Kithi,,,Male,0,
554017270,Metrine Omanyo,,,Male,0,
554015758,Mike Baraka,,,Male,0,
10894004,Millicent Neema,,,Male,0,
10844678,Moses Ouma,,,Male,0,
10810803,Muchiri Rocky,,,Male,0,
10893989,Murugami Joe,,,Male,0,
10820078,Mwendwa Eric Muteti,,,Male,0,
554009219,Mzee Tamani Emmanuel,,,Male,0,
10845259,Nerry Joseph,,,Male,0,
10873953,Omanga Jemimah  Nyaboke,,,Male,0,
10893920,Ombee Davis David,,,Male,0,
10838147,Omondi Kyle Aswa,,,Male,0,
10845283,Ouma Stanley,,,Male,0,
554015820,Peter Njoroge,,,Male,0,
554017122,Polycarp Ndungo,,,Male,0,
554010020,Prince Jacob Ambunya,,,Male,0,
554010420,Ralph Royford Muthomi,,,Male,0,
10897755,Ramsey Amimo,,,Male,0,
554009944,Ruth Mongna,,,Female,0,
10896457,Samson Mogaka Gitamo,,,Male,0,
554003334,Saskia Kita,,,Female,0,
10833307,Shukri Shakirah,,,Female,0,
10834729,Skylar Amor,,,Female,0,
554017564,Susan Wakoko,,,Male,0,
554014425,Sylvia Korir,,,Male,0,
10839259,Tindi Liam,,,Male,0,
10834834,Tindi Victor,,,Male,0,
554017157,Titus Oywa,,,Male,0,
554017289,Victoria Akali,,,Female,0,
10840958,Wasike Leon,,,Male,0,
10896473,Wiseman Collins Ochieng,,,Male,0,
5139287,"Varela Velazquez, Carlos Francisco",,2070,Male,,FM
5132215,"Diaz Gonzalez Jardon, Emmanuel",,1906,Male,,
29617227,"Dominguez Ortega, Aram",,1809,Male,,
550002651,"Granados Carmona, Juan Pablo",,1736,Male,,
5132126,"Hernandez Ortega, Carolina",,1702,Female,,WCM
5119960,"Vallejo Vega, Octavio Alfonso",,1684,Male,,
29639670,"Cruz Ocana, Javier",,1534,Male,,
2087537,"Bailey A, Daniel",,0,Male,,
29645867,"Castillo Gonzalez, Michelle",,0,Female,,
9209330,"Strbac, Nemanja",,1900,Male,,
995495,"Kostadinovic, Uros",,1813,Male,,
9214580,"Petrovic, Relja",,1612,Male,,
9217724,"Nedeljkovic, Petar B",,1473,Male,,
9246210,"Brkic, Katarina",,0,Male,,
9217970,"Cincurak, Pavle",,0,Male,,
9223864,"Kostadinovic, Gregor",,0,Male,,
9252732,"Kurjakov, Jovan",,0,Male,,
9215500,"Meder, Isak",,0,Male,,
9252473,"Misic, Aleksandar",,0,Male,,
9253496,"Topoljski, Oleg",,0,Male,,
42172543,"ATHANASIOU, KONSTANTINOS",0,,Male,,
42190665,"BAKAROS, PANAGIOTIS",0,,Male,,
42172454,"GKOLFINOPOULOS, CHRISTOS",0,,Male,,
541017137,"MALETSIDI, ALIKI",0,,Male,,
42183740,"PACHI, ANGELIKI",0,,Male,,
541001672,"SOLOP, MAKSYM",0,,Male,,
42192919,"SOTIROPOULOS, ANDREAS",0,,Male,,
42192927,"STATHOPOULOU, MILODOPI MILENA",0,,Male,,
25888102,"ARGYROPOULOU, DESPOINA",1650,,Male,,
42190681,"KOLLIOPOULOS, GEORGIOS",1644,,Male,,
42177430,"MICHAIL, ALEXANDROS",1595,,Male,,
42143519,"CHRISTIAS, DIMITRIOS",1556,,Male,,
42167922,"ANGELAKIS, EMMANOUIL",1499,,Male,,
42190690,"KOLLIOPOULOS, VASILIS",1474,,Male,,
42148928,"NTALACHANI, DIMITRA",1007,,Male,,
541000021,"AGOURIDIS, MICHAIL",0,,Male,,
42172535,"ATHANASIOU, ATHANASIOS",0,,Male,,
42192935,"CHAPSAS, NIKOLAOS",0,,Male,,
42172489,"GOURGOULIATOS, FILIPPOS",0,,Male,,
541021860,"KAITSAS, THEOFANIS",0,,Male,,
42192943,"KATSOURANIS, VASILEIOS",0,,Male,,
42149312,"KONSTANTOPOULOS, NIKOLAOS SP",0,,Male,,
42192994,"NIKOLAKOPOULOS, TILEMACHOS",0,,Male,,
42156670,"OIKONOMOU, MARIOS CH",0,,Male,,
541001680,"SOLOP, YAROSLAV",0,,Male,,
42192978,"TASAKOPOULOS, CHRISTOS",0,,Male,,
12504700,"Elahi, Abdollah",,2091,Male,,
12507199,"Saei, Rasool",,1962,Male,,
42587158,"Abdolalizadeh, Asra",,1820,Male,,
42507952,"Shir Jangi Gharachopogh, Hamid",,1816,Male,,
42770327,"Zafaranaki, Raha",,1716,Male,,
42587352,"Mohammadi Azar, Mahyar",,1661,Male,,
42507928,"Saei, Majid",,1659,Male,,
562007467,"Hossein Pashaie, Babak",,1597,Male,,
42507804,"Medghalchi, Mohammad",,1565,Male,,
42711436,"Naseri, Borhan",,1558,Male,,
428087615,"Afkhami, Naser",,1511,Male,,
42725186,"Ranjbar, Peyman",,1463,Male,,
428068335,"Mohammadi, Rahan",,1405,Male,,
592007483,"Samadpoor, Amir",,0,Male,,
428018540,"Alipour, Amirmohammad",,0,Male,,
536025070,"Doosti, Elena",,1500,Male,,
418838,"Milson, Samuel A",,2141,Male,,
33496463,"Brahme, Avadhoot Lokesh",,2002,Male,,
458651,"Wills, Thomas",,1993,Male,,
13507818,"Klimchik, Alexandr",,1826,Male,,
343407692,"Stone, Peter",,1804,Male,,
343434517,"Wilson, Daniel",,1780,Male,,
343440983,"Ellis, Rico-Bradley",,1743,Male,,
343425224,"Woodhouse, Jamie",,1715,Male,,
343409369,"Singh, Adamjeet",,1657,Male,,
343458114,"Yang, Andy",,1652,Male,,
343458203,"Findlay, Benjamin",,1586,Male,,
343409350,"Singh, Amandeep",,1547,Male,,
343455603,"Gumulka, Tadeusz",,1546,Male,,
343441351,"Woozeer, Seth",,1526,Male,,
343486886,"Turner, Johnny",,1477,Male,,
343486860,"Sahu, Theo",,1470,Male,,
343458238,"Shipley, Hugh",,1466,Male,,
343420320,"Singh, Jatinder",,1412,Male,,
343468268,"Fairclough, Adam P",,1005,Male,,
45190003,"CONTIE, Lilio",,,Male,2314,
551031450,"VIGNEAU-ZORRAQUINO, Cioran",,,Male,2206,
20646682,"CHAUVET, Vincent",,,Male,2180,
36013463,"FOURNIER, Loic",,,Male,2170,
651098334,"HEMBERGER, Liam",,,Male,2097,
551015773,"FAVAUGE, Elias",,,Male,2092,
45172056,"DARRIGRAND, Mathieu",,,Male,2055,
633720,"LE MONTAGNER, Yoann",,,Male,2043,
452238,"HYMER, Barry",,,Male,2031,
36019410,"CALVO, Dylan",,,Male,2029,
619876,"CHAMP, Gael",,,Male,2028,
45172250,"DARRIGRAND, Thomas",,,Male,1968,
80440169,"FAN, Sizhuo",,,Male,1965,
36000493,"GARNIER, Bastien",,,Male,1950,
45122032,"LUCAS EUDELINE, Alois",,,Male,1946,
651091780,"LAROUSSI, Khalil",,,Male,1942,
20697600,"BERTRAND, Marin",,,Male,1931,
647390,"CHAUVET, Jean-Marc",,,Male,1926,
24620599,"ZIELINSKI-BACKENS, Werner",,,Male,1917,
650250,"CAZEAUX, Didier",,,Male,1914,
652009955,"QUENEE, Louis",,,Male,1893,
4646118,"ZICKELBEIN, Eva Maria",,,Male,1874,
663468,"LAGUNES, Robin",,,Male,1872,
653042050,"BACHA, Salah",,,Male,1871,
45118728,"FASTIER, Adrien",,,Male,1871,
45194327,"ENAUD, Ilan",,,Male,1867,
611760,"MARUEJOLS, Claude",,,Male,1854,
651080150,"HEMBERGER, Eric",,,Male,1846,
560084316,"CORCOS, Barouh",,,Male,1835,
607177,"LAGUNES, Jean-Renaud",,,Male,1815,
20652984,"FAUGEROLLE, Nicolas",,,Male,1811,
418854,"NEATHERWAY, A Philip",,,Male,1796,
26063247,"ROCHE, Philippe",,,Male,1781,
653057856,"PHILIPPOT, Marius",,,Male,1751,
651090481,"WAGSCHAL, Jean Philippe",,,Male,1748,
551061872,"CHAMP, Guilhem",,,Male,1747,
1752227,"GRANBERG, Leo",,,Male,1718,
673382,"VIOLLEAU, Jean-Claude",,,Male,1717,
643408,"VANDOMEL, Fabrice",,,Male,1712,
26082314,"LABADIE, Frederic",,,Male,1707,
12952850,"WACKER, Manfred",,,Male,1703,
653060857,"LEMOINE, Luka",,,Male,1683,
653020251,"PHILIPPOT, Herve",,,Male,1678,
45113386,"MULLER, Philippe",,,Male,1670,
551020092,"AYOGLU, Leo",,,Male,1664,
560006633,"MOURISSARGUES, Roman",,,Male,1664,
653020243,"NGUYEN-VANY, Jean",,,Male,1658,
664057,"DUBERTRAND, Bernard",,,Male,1650,
652069613,"RAZANADRAIBE, Simon",,,Male,1646,
653083580,"HUBY, Liam",,,Male,1644,
651091798,"LAROUSSI, Nael",,,Male,1607,
560084278,"CORCOS, Yaacov",,,Male,1598,
527093913,"CIOCCOLINI, Carole",,,Male,1591,
651021366,"BEAUNE, David",,,Male,1584,
650714,"BROCHET, Thierry",,,Male,1577,
20616716,"GARNIER, Marcel",,,Male,1573,
20634390,"CHARRUYER, Baptiste",,,Male,1556,
36018023,"CHAUVET, Joelle",,,Male,1550,
527030610,"LAGUNE, Maxime",,,Male,1531,
635146,"GAUDIN, Roger",,,Male,1522,
45158800,"LABOURDIQUE, Jean Michel",,,Male,1517,
651047314,"CHAUMIER, Alain",,,Male,1491,
36030058,"GARNIER, Raphael",,,Male,1481,
80448771,"BANETTE, Pascal",,,Male,1450,
673439,"BEAUFRETON, Thierry",,,Male,1436,
560057114,"GUILLOUZO, Natael",,,Male,1399,
45183163,"LE DUNF, Michel",,,Male,1399,
45186413,"MEYER, Andre Paul",,,Male,1399,
560073780,"CORCOS, Arie Leib",,,Male,1299,
560084090,"CORCOS, Yair",,,Male,1299,
544030320,"REYNAUD-THOMAS, Baptiste",,,Male,1299,
2322277,Theodor Eiriksson,,1900,Male,,
3964612,Roberto Eduardo Osorio Ferrer,,1881,Male,,
2305305,Ivar Orn Sigurbjornsson,,1707,Male,,
2315084,Elvar Orn Hjaltason,,1677,Male,,
34671080,Nico Beyer,,1659,Male,,
2334585,Alfred B Valencia,,1631,Male,,
2327503,Joel Helmer Tobiasson,,1629,Male,,
2324415,Ricardo Jimenez,,1604,Male,,
2305232,Bjorgvin Kristbergsson,,1509,Male,,
2331500,Rokkvi Arnarsson,,1468,Male,0,
2335735,Daniel Aron Bjornsson Bende,,1467,Male,,
2336545,Stefan Bjorn Gunnarsson,,1448,Male,,
2334240,Johann Jakob Sigridarson,,1433,Male,,
2337363,Hubert Andrzej Poslednik,,0,Male,,
2336502,Runar Isak Stefansson,,0,Male,,
34165690,"Зінченко, Савелій",,,Male,1699,
34185275,"Бойко, Богдан",,,Male,1694,
34172572,"Оладько, Андрій",,,Male,1636,
34165320,"Будько, Арсеній",,,Male,0,
529036070,"Волотовський, Ілля",,,Male,0,
34160507,"Карташов, Денис",,,Male,0,
529021693,"Петрівський, Нікіта",,,Male,0,
529035953,"Чечет, Роман",,,Male,0,
529033810,"Ярмоліцький, Артем",,,Male,0,
36729027,"Bahaloo, Mohammad Javad",,,Male,1971,
42718120,"Abdolghani, Mohamadjavad",,,Male,1917,
428011163,"Hemati, Barman",,,Male,1600,
42795095,"Esmailian, Arshya",,,Male,1538,
428083032,"Bahalou, Ali",,,Male,1527,
42539226,"Dehghani, Reza",,,Male,1506,
42721903,"Barati, Aliakbar",,,Male,1501,
536089338,"Hadian Faradonbeh, Matin",,,Male,1496,
536005460,"Alaei, Amirreza",,,Male,1468,
428078403,"Karimi, Ali",,,Male,1452,
536010324,"Karimipour, Erfan",,,Male,1431,
42539188,"Balipoor, Matin",,,Male,0,
42795125,"Ghasemi, Yousef",,,Male,0,
14610876,"Bogdanovski, Zoran",,1759,Male,,
1217909,"Lazin, Robert-Tamas",,,Male,2141,
17003580,"Simon, Ors Attila",,,Male,1872,
743828,"Koncz, Istvan",,,Male,1790,
713406,"Horvath, Laszlo",,,Male,1578,
1213130,"Ferenczi, Imre",,,Male,1572,
17036860,"Paul, Denes Zalan",,,Male,1568,
722596,"Szilagyi, Sandor",,,Male,1548,
723746,"Varro, Miklos",,,Male,1526,
17021251,"Fekete, Andras",,,Male,1521,
17029880,"Kovacs, Gyorgy Mate",,,Male,1518,
724734,"Szulics, Imre",,,Male,1501,
17031427,"Krajnyak, Aron",,,Male,1480,
786900,"Antal, Gyorgy",,,Male,1445,
17014808,"Simon, Tibor",,,Male,1401,
17028108,"Resetar, Sandor",,,Male,1377,
17025990,"Szanyi P., Adam",,,Male,1281,
17024692,"Koczka, Tibor Gabor",,,Male,1204,
17018960,"Celikbilek, Aron Omer",,,Male,1186,
17007151,"Takacs, Armand Roland",,,Male,1126,
17030706,"Jenei, Peter Natan",,,Male,1065,
17024170,"Fabian, Lena Rebeka",,,Male,1048,
17037344,"Ilku, Bodza",,,Male,1044,
17031834,"Ekes, Kristof",,,Male,954,
17037379,"Nemeth, Artur",,,Male,887,
17035171,"Bodo, Marcell",,,Male,884,
17024315,"Seder, Laszlo",,,Male,845,
17037336,"Ilku, Bertold",,,Male,818,
17037310,"Eva, Zsombor",,,Male,798,
17021243,"Asztalos, Julianna",,,Male,756,
17020166,"Kanyuk, Luca",,,Male,571,
17037387,"Sajben, Hanna Viktoria",,,Male,515,
1217321,"IONITA, Gheorghe",,1651,Male,,
79330347,"Hasanbegović, Kemal",1933,,Male,,
14534126,"Žepić, Luka",1790,,Male,,
14604280,"Rodman, Franc",,,Male,2037,
20018118,"Anderica, Agustin",1770,,Male,,
14604175,"Pazlar, Marko",,,Male,1967,
14615010,"Pavlin, Ivan",,,Male,1962,
14607425,"Urbanc, Vinko",,,Male,1899,
14614987,"Ključanin, Fahrudin",,,Male,1872,
14646340,"Lužnik, Marjan",,,Male,1856,
14603632,"Ravnik, Franc",,,Male,1853,
14603802,"Cvetkov, Risto",,,Male,1843,
14603926,"Kokalj, Janez",,,Male,1793,
14661870,"Zlatanov, Igor",,,Male,1784,
14647494,"Jošt, Boštjan",,,Male,1764,
14672189,"Vikić, Ekrem",,,Male,1710,
14606704,"Blaznik, Vojko",,,Male,1670,
14646331,"Čelebič, Sead",,,Male,1574,
14670780,"Erlah, Jožef Pij",,,Male,1511,
14684039,"Reza, Savad",,,Male,1436,
14682591,"Draksler, Robert",,,Male,1431,
14681846,"Erlah, Benedikt",,,Male,1000,
13011063,"Erlah, Sebastjan",,,Male,1000,
24130737,"Fedoseev, Vladimir",,2756,Male,,GM
14109476,"Tukhaev, Adam",,2437,Male,,GM
13602799,"Sibashvili, Giorgi",,2385,Male,,IM
10600043,"El Taher, Fouad",,2337,Male,,IM
1741160,"Rasti, Arvin",,2304,Male,,FM
5003970,"Jain, Naveen",,2032,Male,,CM
730335,"Tihanyi, Norbert Dr.",,2019,Male,,
5264049,"Santiago, Reggie Mel",,2013,Male,,
13316311,"Tokhyan, Feliks",,1980,Male,,
5264111,"Obado, Sean Adrich",,1942,Male,,
14702355,"Sharifi, Khusrav",,1859,Male,,
33349398,"Yeshwant, Saravanan",,1829,Male,,
5303958,"Haidar, Wassim",,1810,Male,,
9328980,"Abdulla, Ateeq Alremaeithi",,1797,Male,,
9318054,"Humaidan Mohamed, Alzaabi",,1795,Male,,
5053463,"Siddharth, Gopakumar",,1784,Male,,
9316116,"Eisa Mohmood, Alkhoori",,1768,Male,,CM
9320644,"Rashed Abubaker, Alhemeiri",,1766,Male,,CM
9333533,"Abdulrahman, Shehab Khanji",,1766,Male,,
10660682,"Salah Mostafa, Ahmed",,1729,Male,,
48714607,"Sarvesh, Raveender",,1719,Male,,
14702363,"Sharifi, Mansur",,1707,Male,,
9324267,"Fahad, Abdulaziz Al-Ali",,1650,Male,,
429085640,"Navadeep, Saki Saravanan",,1634,Male,,
429020891,"Shivam, Arora",,1607,Male,,
558092153,"Nathan, Shinde",,1599,Male,,
48701521,"Jadoun, Ivaan",,1587,Male,,
9324232,"Sultan, Khaled Alhosani",,1578,Male,,
9330941,"Mohamed, Hasan Alfardan",,1573,Male,,
343481353,"Christel, Maxence",,1569,Male,,
9328971,"Saif, Ghalib Alafeefi",,1556,Male,,
521010960,"Astillero, Jake",,1552,Male,,
537023675,"Ansh, Sheth",,1546,Male,,
429009308,"Rishi, Raghavendran Kotikalakoti",,1544,Male,,
34174125,"Kurchyk, Matviy",,1532,Male,,
48759996,"Akshath, Srinivasan",,1515,Male,,
45024553,"Willy, Varghese",,1512,Male,,
547038594,"Parth, Pranil Tari",,1504,Male,,
537021575,"Rishan, Jacob Ligin",,1502,Male,,
9333665,"Omar, Alhashmi",,1490,Male,,
8673675,"Qu, Yuhang",,1490,Male,,
9331816,"Alghafli, Khalifa Ali",,1489,Male,,
9331778,"Abdulrahman, Sami Al-Ali",,1488,Male,,
537096800,"Sarveswaran, Vignesh Raja",,1482,Male,,
14901293,"Machata, Martin",2167,2111,Male,,
14509130,"Staresina, Alan",2065,2016,Male,,
14523728,"Poljak, Nikola",1918,1979,Male,,
14586355,"Pokrovac, Josip",1787,1955,Male,,
14503360,"Paus, Veljko",1948,1929,Male,,
14504405,"Deris, Antun",1875,1877,Male,,
14503859,"Prskalo, Zoran",1878,1861,Male,,
9329463,"Hamad, Esam Alblooshi",,1479,Male,,
9328149,"Skander, Ali Alblooshi",,1469,Male,,
531020330,"Shlok, Saraogi",,1464,Male,,
9328165,"Thani, Faisal Alkhoori",,1462,Male,,
9329471,"Hasan, Esam Alblooshi",,1458,Male,,
10298452,"Mohammad, Bangla Khondaker",,1456,Male,,
9332561,"Mariam, Khalifa Alqubaisi",,1454,Female,,
429007976,"Dhriti, Kaintura",,1450,Female,,
7612451,"Kadora, Rita.",,1450,Female,,
10691499,"Youssef, Zeyad Ayman",,1448,Male,,
7614578,"Alkhaldi, Gaith.",,1445,Male,,
9331760,"Saeed, Sami Al-Ali",,1444,Male,,
9327827,"Abdulla, Aref Albusaeedi",,1439,Male,,
564008231,"Karthik, Muraleedharan",,1433,Male,,
5402417,"Cohen, Amani",,1423,Female,,
48714968,"Sashneetha, Raveender",,1423,Female,,
9329480,"Marwan, Esam Alblooshi",,1421,Male,,
429090725,"Rohan, Santhana",,1419,Male,,
9337571,"Almarzooqi, Almahra",,1418,Female,,
55658377,"Ryashin, Lev",,1415,Male,,
9335021,"Hamda, Mohamed Alzaabi",,1407,Female,,
9331689,"Mohammad, Ali Almannaee",,1406,Male,,
48716979,"Lochanashree, Adhinarayanan",,1405,Female,,
9335048,"Abdulrahman, Mohamed Alzaabi",,1401,Male,,
9335013,"Abdulla, Mohamed Alzaabi",,0,Male,,
547059281,"Agan, Rithvik Mahendran Deepikka",,0,Male,,
48765791,"Ahaan, Sachdeva",,0,Male,,
88121259,"Akhtar, Aadira",,0,Female,,
7622694,"Al Khaled, Raslan",,0,Male,,
9337636,"Alamri, Abdula Khalifa",,0,Male,,
9337628,"Alamri, Abdulah",,0,Male,,
9331824,"Alghafli, Saeed Ali",,0,Male,,
9338306,"Almansoori, Hamdan",,0,Male,,
9338292,"Almansoori, Salem",,0,Male,,
9337601,"Almarzooqi, Almazoon",,0,Female,,
9337598,"Almarzooqi, Hazza",,0,Male,,
9338012,"Almarzooqi, Mansoor",,0,Male,,
9337563,"Alobeidly, Joori",,0,Female,,
9337970,"Alobeidly, Rakkan",,0,Male,,
7622635,"ALSAHOU, MOHAMAD",,0,Male,,
547021462,"Andrew, Joseph",,0,Male,,
5402425,"Cohen, Aden",,0,Male,,
564010309,"Divy, Sohankumar Dalmiya",,0,Male,,
48726893,"Divyasree, Ramkumar",,0,Female,,
11525231,"Eleyan, Mohammed",,0,Male,,
11525240,"Eleyan, Rayan",,0,Male,,
9334483,"Fatema, Saeed Mohammed Alshehhi",,0,Female,,
531092004,"Hadi, Banda",,0,Male,,
7622538,"Haj Islam, Ahmed",,0,Male,,
9334327,"Hamad, Alfeeli",,0,Male,,
9336923,"Hamdan, Ahmed Al Raeesi",,0,Male,,
9336729,"Hamdan, Ahmed Alhemeiri",,0,Male,,
9335030,"Hamdan, Mohamed Alzaabi",,0,Male,,
531089216,"Hami, Ilan",,0,Male,,
531091954,"Hazi, Ruhan",,0,Male,,
148110982,"Horlenko, Vasyl",,0,Male,,
48720534,"Kapilashri, Ramkumar",,0,Female,,
8122016,"Khaled, Maswadeh",,0,Male,,
9331875,"Khalifa, Khaled Al Kaabi",,0,Male,,
39951804,"Khondaker, Ruposhi",,0,Female,,
547085711,"Krishyanth, Murali",,0,Male,,
537083180,"Lia, Antony",,0,Female,,
9333932,"Maha, Yousef Bahraini",,0,Female,,
563005697,"Mangalindan, Mikhaelo Cedric",,0,Male,,
9331662,"Marya, Alkhamis Alblooshi",,0,Female,,
9334521,"Meera, Abdulla Matar Alkhateri",,0,Female,,
555013236,"Mohamed Aly Mohamed, Mohamed",,0,Male,,
9337741,"Mohamed, Omar Alhosani",,0,Male,,
531076394,"Natasha, Uppot",,0,Female,,
537092324,"Pravrit, Vigg",,0,Male,,
558075194,"Rahyl, Mathew Ligin",,0,Male,,
9337695,"Rashid, Omar Alhosani",,0,Male,,
9334530,"Reem, Abdulla Matar Alkhateri",,0,Female,,
9333924,"Reem, Yousef Bahraini",,0,Female,,
540087794,"Ronzhin, Artem",,0,Male,,
9328025,"Sarah, Abdulaziz Alali",,0,Female,,
564071596,"Sethu Ramalingam, Srujan Rudra",,0,Male,,
14704145,"Sharifi, Shamigul",,0,Female,,
564045820,"Sufa, Shayal",,0,Male,,
9337717,"Zayed, Omar Alhosani",,0,Male,,
9331930,"Sharif, Khaled Alawi",,1466,Male,,
9333622,"Zayed, Alkaabi",,0,Male,,
7143508,"Argani, Putra Mahesa",,0,Male,,
564068463,"Syedabdulrahman, Hamza Fayiz",,0,Male,,
9337580,"Almarzooqi, Almasa",,0,Female,,
5155932,"Ruiz Rios, Javier",,1911,Male,,
5168732,"Garcia Pacheco, Fernando Saul",,1818,Male,,
29694302,"Rayon Aldana, Rafael",,1803,Male,,
5190002,"Hernandez Joaquin, Aldo",,1716,Male,,
5139740,"Pateyro, Delgado Abraham",,1552,Male,,
29694221,"Garcia Tirado, Gerardo",,0,Male,,
14503867,"Mihalincic, Tomislav",,2231,Male,,FM
14564190,"Djuric, Leon",,2176,Male,,
14513960,"Blagojevic, Marijan",2195,2142,Male,,
14502810,"Mravunac, Damir",,2098,Male,,
14504367,"Cosic, Radoslav",,2070,Male,,
14592614,"Biti, Filip",,1997,Male,,
14531364,"Dadic, Ivan",,1989,Male,,
14506297,"Kovacic, Damir",,1954,Male,,
14515830,"Ranogajec, Borislav",,1906,Male,,
14517795,"Hodzic, Hazim",,1896,Male,,
14548585,"Mudrinic, Nenad",,1891,Male,,
14503310,"Jakupec, Denis",,1883,Male,,
14512440,"Benamatic, Kresimir",,1848,Male,,
79334733,"Atikovic, Leon",,1827,Male,,
14512785,"Nagl, Miroslav",,1788,Male,,
79302114,"Mjerzva, Bruno",,1760,Male,,
14652897,"Babic, Matija",,1748,Male,,
14574403,"Stuckle Ostojic, Mihael",,1727,Male,,
79317367,"Rupcic, Marko",,1698,Male,,
903124,"Kovacevic, Aleksandar",,2433,Male,,GM
955345,"Omorjan, Dejan",,2337,Male,,FM
905615,"Cabarkapa, Velibor",,2330,Male,,FM
9208709,"Pasula, Milos",,2136,Male,,
9214512,"Ivanovic, Leonid",,2128,Male,,
9211068,"Adamovic, Nikola",,2083,Male,,
938890,"Laketa, Vladimir",,2015,Male,,
9257475,"Jaksic, Boris",,1788,Male,,
9233649,"Ivanovic, Longin",,1637,Male,,
29696690,"MONCISVAIS GONZALEZ, Michelle Viridiana",0,,Male,,
11634197,"Lazdina, Keitija",,1681,Female,,
11641118,"Surunova, Gabriela",,1649,Female,,
11630779,"Daineko, Jevgenija",,1516,Female,,
11618671,"Gansone, Aiga",,1498,Female,,
11636475,"Celmalniece, Ance",,1491,Female,,
11634200,"Lazdina, Adrija",,1486,Female,,
11640081,"Reja, Rebeka",,1475,Female,,
11647914,"Lase, Karlina",,1448,Female,,
11645423,"Supe, Emilija",,1432,Male,,
11639555,"Steinberga, Anete",,1431,Female,,
11652373,"Leskevica, Mila",,1430,Female,,
11642653,"Motivane, Paula",,1426,Female,,
11639962,"Jentkute, Maija",,1567,Female,,
11642645,"Zalite, Viktorija Amina",,0,Female,,
11647752,"Galimova, Varvara",,0,Male,0,
11647922,"Jaunzeme, Kristina",,0,Female,,
11647337,"Tracuma, Marta",,0,Female,,
11656441,"Ambaine, Aija",,0,Female,,
11652454,"Celmalniece, Anna",,0,Female,,
11653078,"Dane, Iveta",,0,Female,,
11648180,"Dementjeva, Jelizaveta",,0,Male,,
11657391,"Hutorova, Marija",,0,Female,,
11658061,"Jefremova, Aurelija",,0,Female,,
11656360,"Mikite, Alise",,0,Female,,
11645407,"Pivarovica, Zlata",,0,Female,,
11652721,"Roce, Paula",,0,Female,,
11652918,"Sabule, Keita",,0,Female,,
11650710,"Salnikova, Jelizaveta",,0,Female,,
11659092,"Stola, Beatrise",,0,Female,,
11648856,"Trofimova, Maija Marija",,0,Female,,
11651334,"Alberta, Anete",,0,Female,,
11647736,"Armusevica, Darta",,0,Female,,
11659157,"Baikova, Iliana",,0,Female,,
11659173,"Benze, Sofija",,0,Female,,
11659165,"Benze, Stefanija",,0,Female,,
11659190,"Dmitrijeva, Darina",,0,Female,,
11658207,"Fashutdinova, Amina",,0,Female,,
11659297,"Gara, Katrina Linda",,0,Female,,
11659106,"Gengere, Sofija",,0,Female,,
11659246,"Germane, Herta",,0,Female,,
11659122,"Grube, Marta",,0,Female,,
11656824,"Jurevica, Leila",,0,Female,,
11657120,"Kalnina, Anete",,0,Female,,
11659220,"Kronberga, Elina",,0,Female,,
11659211,"Kronberga, Marija",,0,Female,,
11658894,"Lase, Lauma",,0,Female,,
11653817,"Lasenberga, Marta",,0,Female,,
11659084,"Magina, Sofija",,0,Female,,
525189,"Laihinen, Erik",,,Male,0,
11659203,"Sidorenko, Beatrise",,0,Female,,
11656506,"Skolmeistere, Milana",,0,Female,,
11659254,"Urbane, Adelina",,0,Female,,
11659114,"Zilgalve, Nora",,0,Female,,
29657849,"PEREZ, Alvarez Carlos Leonardo",1640,,Male,,
79301916,"Lukinic, Matej",1730,,Male,,
14570068,"Vekic, Bruno",1619,,Male,,
79318444,"Butorac, Maks",0,,Male,,
79318436,"Pisonic, Kresimir",0,,Male,,
23798181,"Kutina, Tomas",,1265,Male,1265,
23786353,"Kunstovny, Matous",,1109,Male,,
23791080,"Urednicek, Tadeas",,0,Male,,
5114330,"Fonseca Manrique, Enrique",,,Male,2170,
5131006,"Salazar Hernandez, Emmanuel",,,Male,2054,
5123100,"Estrada Perez, Jose Angel",,,Male,1891,
5169720,"Torres Torres, Juan Jose",,,Male,1841,
5107725,"Cruz Plazola, Demetrio",,,Male,1833,
29628237,"Diaz Tello, Iker Johan",,,Male,1783,
5163250,"Encarnacion Garcia, Jose Luis",,,Male,1767,
29625483,"Alatorre, Rodriguez Victor Hugo",,,Male,1640,
29651620,"Montero Lopez, Mauricio Alexander",,,Male,1567,
5166489,"Mendez Guerra, Nubia Preciosa",,,Male,1516,
904740,"Zivić, Dragan",,,Male,2270,FM
981770,"Pavićević, Jovan R",,,Male,2233,
952168,"Tonić, Miloš",,,Male,2060,
912921,"Moldovanović, Dragan",,,Male,2017,
912905,"Cimeša, Rade",,,Male,1916,
935727,"Tapai, Djerdj",,,Male,1894,
969613,"Pavićević, Jovana",,,Male,1776,
29651271,"Salazar, Flores Carlos Mateo",,,Male,1556,
5199506,"BRICENO CAMPOS, Angel Gabriel",1979,,Male,,
529009901,"Кравчук, Устим ІІ",,,Male,1634,
529026466,"Скиба, Роман ІІ",,,Male,1634,
34186255,"Мельник, Богдан ІІ",,,Male,1521,
529009987,"Пасемник, Олександр ІІ",,1480,Male,,
34165797,"Бриндзей, Наталія ІІ",,,Male,0,
34186220,"Ясінська, Діана II",,,Male,0,
34157182,"Stravinsky, Bogdan кмс",,2235,Male,,
34166505,"Saliuk, Yevhen кмс",,1930,Male,,
34180206,"Pronoziuk, Ruslan I",,1926,Male,,
34153870,"Kovtsun, Taras кмс",,1907,Male,,
34121218,"Leshchuk, Valentyn кмс",,1892,Male,,
34184058,"Hlynsky, Bogdan I",,1890,Male,,
34194010,"Predko, Markiian І",,1872,Male,,
34124659,"Ivkevych, Ivan кмс",,1838,Male,,
34199721,"Stepanyuk, Marko I",,1783,Male,1861,
14171074,"Yuzyuk, Viktor кмс",,1731,Male,,
14189860,"Filyk, Serhii I",,1720,Male,,
529010659,"Voytovych, Ivan І",,1667,Male,,
529010624,"Pastushak, Bohdan I",,1657,Male,,
529009871,"Kondratskyi, Yurii II",,1494,Male,1626,
521002975,"Lumangtad, Devon Artchel",,,Male,1909,
359262,"Plesnivy, Martin",,1789,Male,,
23778636,"Bobrakov-Timoskin, Denis",,1759,Male,,
23778628,"Bobrakov-Timoskin, Alexandr",,1678,Male,,
11641541,"Irikova, Arina",,0,Female,,
34194029,"Sopiha, Viktor І",,1600,Male,,
529036356,"Pelykh, Bohdan II",,1587,Male,,
34199357,"Saliuk, Ihor II",,1571,Male,,
34168397,"Hvozdyk, Dmytro III",,1528,Male,,
529035740,"Melnyk, Andriy кмс",,0,Male,,
529035767,"Oliinyk, Mykola I",,0,Male,,
529009995,"Pelekh, Dmytro ІІ",,0,Male,,
23761229,"Vo, Daniel",,1766,Male,,
23789980,"Pohuliailo, Nikita",,1267,Male,,
23777982,"Nguyen, Tony",,1051,Male,,
608742,"FRESSINET, Laurent",,,Male,2565,
602469,"BROCHET, Philippe",,,Male,2376,
25059009,"HARSHAVARDHAN G B,",,,Male,2366,
632708,"GENZLING, Alain",,,Male,2354,
45155593,"PICHON, Ewen",,,Male,2324,
13602993,"BATSIASHVILI, Nino",,,Male,2306,
5009910,"GUTTULA BALAJI,",,,Male,2231,
25950673,"VIHAAN KARTHIKEYA N,",,,Male,2216,CM
45132178,"EVENO, Nathan",,,Male,2205,
46672940,"BHAGAT KUSH,",,,Male,2194,
35062352,"SHAHIL DEY,",,,Male,2174,
604720,"TOULZAC, Pierre-Yves",,,Male,2173,
14205602,"SHERMUHAMMADOV, Samandar",,,Male,2153,
33371075,"ANISH RAMKUMAR,",,,Male,2146,
686034,"SOUBIROU, Oriane",,,Male,2138,
675946,"NAVROTESCU, Andreea",,,Male,2127,
680184,"MURATET, Lucas",,,Male,2124,CM
45180172,"SERRIER, Mathis",,,Male,2089,
26088843,"TOMASI, Elise",,,Male,2086,
20682832,"GRIMAULT, Nathan",,,Male,2070,
677914,"VIERS, Matthieu",,,Male,2034,
631043,"VEROT, Melanie",,,Male,2017,
45173630,"LAMOTHE, Hugo",,,Male,2011,
45141207,"MARTINEZ, Felicien",,,Male,1983,
13606115,"GOGOLADZE, Giorgi",,,Male,1979,
45113807,"BENAYOUN, Omri",,,Male,1941,
551004240,"MACQUERON, Gregory",,,Male,1940,
14204940,"SALIMOVA, Asal",,,Male,1925,
45156050,"FOLIO, Thomas",,,Male,1919,
36061255,"BRU, Thomas",,,Male,1898,
652013952,"CALAS-AGUILAR, Luken",,,Male,1875,
653027604,"DECLERCK, Timothee",,,Male,1875,
649783,"LIEFOOGHE, Thierry",,,Male,1874,
652098850,"ALEXANDRE, Jacques Junior",,,Male,1871,
80432840,"WOJTAS, Lumeann",,,Male,1869,
26067790,"BELHADJ, Seyfedine",,,Male,1863,
33397651,"NISHANT ABHIJEET JAWALKAR,",,,Male,1862,
36001988,"DESTIC, Elena",,,Male,1855,
695068,"JARLAUD, Levi",,,Male,1849,
45154732,"BADER, Thomas",,,Male,1844,
652044440,"ALCANTARA, Eliyakim",,,Male,1837,
635510,"CONNAT, Ludovic",,,Male,1830,
25629239,"SWARA LAKSHMI S NAIR,",,,Male,1824,
45192600,"JARDEL, Sebastien",,,Male,1823,
652041930,"SOROCHIN, Alexandre",,,Male,1823,
20603550,"MARNI-SANDID, Tarik",,,Male,1817,
36061247,"BRETON, Vadim",,,Male,1815,
560004010,"DAUGE, Gauthier",,,Male,1809,
661040,"LASSABE, Nicolas",,,Male,1807,
45154880,"BRUGUIER, Florian",,,Male,1804,
652048527,"POSOCCO DE GRANDI, Marc",,,Male,1800,
94790582,"LEN, Thomas",,,Male,1793,
652068676,"VERDON, Pierre",,,Male,1783,
653010302,"LE BARS, Lucien",,,Male,1782,
651019159,"ROUFFIGNAC, Patrick",,,Male,1779,
45186367,"LUTZ, Matteo",,,Male,1778,
551071428,"LEMOINE, Elie",,,Male,1770,
36014729,"NOEL, Nicolas",,,Male,1695,
20617763,"HADDAB, Roland",,,Male,1755,
14224895,"ABDURASULOV, Muzaffarjon",,,Male,1737,
36066869,"ZANIN, Clement",,,Male,1728,
80409490,"CALVET, Fredrik",,,Male,1727,
45126224,"SORA, Ogen",,,Male,1704,
45141053,"BARRAU, Leanna",,,Male,1702,
80466150,"TOURETTE, Maxence",,,Male,1701,
664111,"FAVAREL, Alexis",,,Male,1700,
80469078,"BIETH, Paul",,,Male,1683,
651076314,"COLIN, Felix",,,Male,1681,
45164088,"NATALE, Bruno",,,Male,1681,
653000730,"POISSONNIER, Lisea",,,Male,1668,
527045820,"SOLER MALBOS, Diego",,,Male,1663,
45125708,"JAN, Alexandre",,,Male,1661,
551015277,"COLIN, Penelope",,,Male,1653,
544094710,"VEROT GENZLING, Elliott",,,Male,1648,
20666012,"JOURDAIN, Florian",,,Male,1638,
544010885,"THOMAS, Julien",,,Male,1636,
652044459,"ALCANTARA, Levanah",,,Male,1632,
560019964,"BEYSSERIE, Arthur",,,Male,1631,
544005601,"SOUYRI, Pierre",,,Male,1628,
551035170,"MARTINEZ, Cesar",,,Male,1622,
20687273,"DENIS, Monique",,,Male,1597,
14247593,"MAMADALIEV, Mukhsinjon",,,Male,1595,
653027590,"DECLERCK, Corentin",,,Male,1589,
26079526,"CAURE, Denis",,,Male,1582,
652013936,"BOUSQUET, Claude",,,Male,1575,
255742,"GRAMTINE, Carlos",,,Male,1563,
527088448,"NGUYEN, Alexis",,,Male,1561,
527045838,"SOLER MALBOS, Evan",,,Male,1549,
544010117,"DE NOBLENS, Alexandre",,,Male,1548,
652013979,"FERREIRA FERNANDES, Alex",,,Male,1538,
45100012,"MARTINEZ, Emile",,,Male,1537,
544099460,"GROIZELEAU, Hugo",,,Male,1534,
544096763,"SAMGHOURI, Elio",,,Male,1534,
551040840,"HY, Robin",,,Male,1531,
653023838,"SCHLOSSER, Gustave",,,Male,1518,
22260056,"BARTOLOME MOLINA, Pablo",,,Male,1513,
651041537,"BEDUS EVERAERD, Perle",,,Male,1498,
36092193,"BARRAU, Nicolas",,,Male,1490,
560034173,"RAINA, Vedant",,,Male,1468,
651097958,"BACHA, Jeremie",,,Male,1466,
544076126,"FERRIE, Alain",,,Male,1458,
13329570,"HAKOBYAN, Lilit",,,Male,1446,
527019829,"DAO, Marie Minh An",,,Male,1434,
45115532,"ZANIN, Sylvie",,,Male,1434,
560053615,"GOURDRE ISSAIKINA, Merlin",,,Male,1432,
652037711,"YANG LASSABE, Helios",,,Male,1431,
653006291,"RIVES, Laurent",,,Male,1429,
527038424,"ORNIA, Jacques",,,Male,1417,
653017587,"LAMOUR, Stephanie",,,Male,1406,
560057890,"MOCH, Adrien",,,Male,1280,
9023631,"BENHESSOUNE, Yahya",,,Male,1199,
560040548,"NARAT, Victor",,,Male,1199,
551093723,"ROUQUETTE, Remy",,,Male,1199,
7008678,"EGUCHI, Lucas",,,Male,999,
576027090,"SCHULTZ, Mael",,,Male,999,
560070471,"NEUVEGLISE, Emilie",,,Male,799,
560095725,"QUERNEC TOURANCHEAU, Juliette",,,Male,799,
576027082,"SCHULTZ, Loen",,,Male,799,
80496806,"TOURETTE, Alban",,,Male,799,
29645964,"Hernandez Lopez, Sarahi",1644,,Male,,
29600910,"Morales Barcelo, Michell Sophia",1594,,Male,,
29601630,"Macias, Mendez Lydia Jazmin",1407,,Male,,
29676991,"Rios Gurrola, Danna Joseline",0,,Male,,
550010573,"Tovar Rivera, Alexia Aridai",0,,Male,,
29662699,"Dominguez Mendoza, Adrian Alfredo",1771,,Male,,
29600880,"Garcia, Dorado Jesus Jose",1690,,Male,,
29618878,"Jim, Gonzalez Jose Luis",1603,,Male,,
29652456,"Zamora, Lem Pablo",1550,,Male,,
29671892,"Prieto, Najera Gael Alexander",1507,,Male,,
29688558,"Aguirre, Medina Alejandro",1405,,Male,,
550011200,"Armendariz Quezada, Cesar Alan",0,,Male,,
550011057,"Munguia Camacho, Mateo",0,,Male,,
550003747,"Silva Ontiveros, Humberto",0,,Male,,
5173639,"Guzman Garcia, Mia Fernanda",2100,,Male,,WCM
29628040,"Ordonez Sanchez, Andrea Angelica",1810,,Male,,
29645956,"Gardea Coronado, Mayte Alexandra",1782,,Male,,
5179033,"Alvidrez Hernandez, Sury",1719,,Male,,
29662966,"Garcia, Daniel Nicolle Fernanda",1614,,Male,,
29652200,"Vega, Bretado Grecia Vanessa",1608,,Male,,
29682606,"Chavez Garcia, Daniela",1601,,Male,,
29662826,"Rios, Carrillo Melisa Yamileth",1569,,Male,,
29600898,"Garcia, Dorado Rosario Nallely",1564,,Male,,
29636280,"Espinoza Torres, Diana Vanessa",1526,,Male,,
29680727,"Sanchez, Lozano Danna",1500,,Male,,
5169984,"Alba Ruiz, Kenneth Damian",1962,,Male,,
29611555,"Hernandez Gamboa, Daniel",1840,,Male,,
29618851,"De Los Reyes Balandran, Cristian Gabriel",1821,,Male,,
5182751,"Franco Gonzalez, Emilio",1685,,Male,,
5183669,"Chavira Urquidi, Genaro Isaac",1633,,Male,,
5183529,"Carrillo, Valdez Manuel Karol",1626,,Male,,
29688779,"Angulo, Garcia Obed",1584,,Male,,
29680387,"Conde, Munoz Francisco Gabriel",1561,,Male,,
29688825,"Carrasco, Montoya Roel",1556,,Male,,
29638488,"Dominguez, Sandoval Alexander",1538,,Male,,
29680255,"Anaya Gomez, Said Antonio",0,,Male,,
29680271,"Arreola Mares, Zahid Josue",0,,Male,,
29606047,"Dominguez Rios, Jose Gael",0,,Male,,
5197082,"Yanez Gonzalez, Zahid",0,,Male,,
5196922,"Garcia Dorado, Mary Carmen",1778,,Male,,
5183103,"Garcia Orozco, Abigail",1778,,Male,,
29680778,"Valles, Lopez Leslie Veronica",1626,,Male,,
5188482,"Botello, Coons Laura Daniela",1501,,Male,,
550011170,"Valdez Romero, Julia Renee",0,,Male,,
5173760,"Vallejo Loya, Martin Guillermo",1873,,Male,,
5169690,"Leal Garcia, Edgar Alexys",1813,,Male,,
29651948,"Kan Holguin, Jorge Luis",1774,,Male,,
5169763,"Zapata Salazar, Jesus Daniel",1732,,Male,,
29636825,"Espinoza Torres, David Armando",1729,,Male,,
29618967,"Ramirez, Jr Gilberto Ismael",1708,,Male,,
29688833,"Carrasco, Montoya Sebastian",1706,,Male,,
5184380,"Monarrez Gallegos, Jesus Fernando",1668,,Male,,
5196582,"Armenta Gutierrez, Edgar Emir",1665,,Male,,
5199557,"Mendez Marquez, Leonardo David",1623,,Male,,
29688957,"Juarez Madrid, Angel Gabriel",1619,,Male,,
29619548,"Trevizo Palacios, Soid Miguel",1611,,Male,,
550003941,"Herrera Ibarra, Ivan Saul",0,,Male,,
540036340,"Птуха, Иван Эдуардович",,1257,Male,,
310735,"Jelinek, Petr",,2204,Male,,
1310585,"Leuenberger, Urs",,1915,Male,,
1369164,"Bloemen, André",,1834,Male,,
1369466,"Fluit, Martin",,1818,Male,,
1332937,"Bahnmüller, Bruno",,1798,Male,,
1381440,"Cappelli, Bruno",,0,Male,,
1375733,"Masantschek, Ralf",,0,Male,,
3519392,"Sarmiento Sarmiento, Yoniel",,1951,Male,,
3327582,"Espinoza Coca, Laura",,1673,Male,,
3332926,"Suarez Ledezma, Carlos Alberto",,1491,Male,,
3341399,"Espejo Tarqui, Jose Maria",,1456,Male,,
3306054,"Mirabal, Yojan",,1660,Male,,
3317684,"Araujo Miranda, Styven Sandro",,1655,Male,,
14638541,"Kozlovič, Jernej",,2312,Male,,FM
14643723,"Glavač, Leo",,2180,Male,,
14634619,"Markošek, Bine",,2163,Male,,
14635810,"Glas, Bruno",,2117,Male,,
14643740,"Keber, Aljoša",,2100,Male,,
14661373,"Zlatolas, Anej",,1973,Male,,
14666987,"Skube, Žan",,1972,Male,,
14633019,"Kodrič Plevnik, Kristjan",,1958,Male,,
14648059,"Bender, Elias",,1955,Male,,
14635801,"Drevenšek, Gašper",,1949,Male,,
14645440,"Sever, Gašper",,1912,Male,,
525073,"Laihinen, Ilja",,,Male,0,
14656671,"Samotorčan, Gal",,1849,Male,,
14670895,"Zupan, Blaž",,1820,Male,,
14672227,"Čeliković, Eman",,1775,Male,,
14654440,"Kisič Štros, Jakob",,1763,Male,,
14674203,"Omejec Železnik, Jan",,1701,Male,,
14653044,"Čurkovič, Jan",,1689,Male,,
14644436,"Malnar, Patrick Jakob",,1631,Male,,
14644363,"Radišek, Nik",,1595,Male,,
14656914,"Nizamov, Yusuf",,1513,Male,,
14661101,"Črnigoj, David",,1465,Male,,
158488,"Gullace, Ezequiel",,1934,Male,,
20004079,"Rivera Monge, Walter Gerardo",,1674,Male,,
14644096,"Radež, Pavel",,1849,Male,,
165220,"Longhitano, Juan",,1763,Male,,
308105320,"Parisi, Faustino",,1692,Male,,
20041896,"Corrao, Dante",,1615,Male,,
20039069,"Lopez Medus, Ivan",,1603,Male,,
20029705,"Roa, Alejo Tomas",,1465,Male,,
20806744,"Sakr, Samy",,1664,Male,,
20807929,"ABDALLAH, MOHAMED",,0,Male,,
20807864,"Ahishakiye Ganseman, Martin",,0,Male,,
20807449,"Amos-Djoro, Jose Samuel",,0,Male,,
20807856,"Badran, Jana",,0,Male,,
20808160,"BATTY, LEON",,0,Male,,
20807830,"El Husseini, Adam",,0,Male,,
20808135,"Haidar, Fadel",,0,Male,,
20808399,"Hijazi, Rayane",,0,Male,,
20808186,"Jazzini, Ahmed",,0,Male,,
20805594,"Khalouk, Khalid",,0,Male,,
20806809,"Kprakpra, Georges Christian Alain",,0,Male,,
20808216,"Morane, Boudabes",,1601,Male,,
20808178,"Mroue, Tarek",,0,Male,,
20806698,"Rustom, Michel",,0,Male,,
20808127,"Sakr, Dany",,0,Male,,
20805683,"Seka, Brou Meriane",,0,Male,,
20807821,"Zaarour, Dylan Jad",,0,Male,,
1070215,"Madularea, David",,,Male,2276,FM
1068750,"Kazarjan, Gachatur",,,Male,2226,FM
1084011,"Kshirsagar, Pranav",,,Male,2119,
1092138,"Rogozyanskiy, Alexander",,,Male,2068,
40103757,"Heus, Daan",,,Male,2036,
40104125,"Garay, Enzo",,,Male,2021,
34411003,"Ponomarev, Ivan",,,Male,2007,
1095790,"Frederiks, Jesse",,,Male,1993,
1095781,"Ten Kate, Gustav",,,Male,1950,
1073095,"Fallaux, Storm",,,Male,1945,
1074334,"Feng, Elysia",,,Female,1909,
1091719,"Elferink, Duncan",,,Male,1772,
1085921,"Kulikova, Polina",,,Female,1758,
1092766,"Henckens, Elof",,,Male,1748,
40108350,"Balde, Esko",,,Male,1724,
1084356,"Visser, Alma",,,Female,0,
40127877,"Kucuk, Cinar",,,Male,1446,
9247534,"Sibinovic, Vukota",,,Male,1450,
9259575,"Antonijevic, Sava",,,Male,0,
9219077,"Arsenijevic, Matija",,,Male,1822,
9254107,"Derikonjic, Jovan",,,Male,1698,
9223910,"Marjanovic, Jaksa",,,Male,1628,
9245086,"Djordjevic, Filip M",,,Male,1618,
9241030,"Jovanovic, Mateja D",,,Male,1618,
9241013,"Cupurdija, Teodor",,,Male,1575,
9257661,"Nikolic, Vanja V",,,Male,1461,
9253232,"Pesic, Relja",,,Male,1450,
9234823,"Boskovic, Dragan",,,Male,0,
9251000,"Brankovic, Stefan Dj",,,Male,0,
9236516,"Gakov, Konstantin",,,Male,0,
9257807,"Saric-Djurdjevic, Vidan",,,Male,0,
9257181,"Todorovic, Vuk",,,Male,0,
9248620,"Vuckovic, Pavle",,,Male,0,
9212277,"Jokic, Matej",,,Male,1966,
9201933,"Miladinovic, Mihajlo",,,Male,1868,
9225220,"Milovanovic, David B",,,Male,1833,
9213435,"Milic, Sava",,,Male,1791,
9207990,"Ivanovic, Sergej",,,Male,1778,
9230429,"Cuknic, Jovan",,,Male,1706,
9229811,"Rajcic, Vanja",,,Male,1701,
9252210,"Aleksic, Janko",,,Male,1456,
9227517,"Iliev, Viktor D",,,Male,0,
9229765,"Negovanovic, Lazar",,,Male,0,
9257645,"Radovanovic, Dobrica D",,,Male,0,
9252171,"Stepanovic, Petar",,,Male,0,
9252180,"Tosic, Ilija A",,,Male,0,
9241773,"Sentic, Anja",,,Male,1528,
9257149,"Bankovic, Andjela",,,Male,0,
9253860,"Cvetkovic, Marija D",,,Male,0,
9262720,"Markovic, Eva",,,Male,0,
9245949,"Sevaljevic, Aleksandra",,,Male,0,
9220504,"Markovic, Tea",,,Male,1578,
9220490,"Markovic, Iva",,,Male,1555,
9230569,"Matijevic, Andjela",,,Male,1493,
9223899,"Lazic, Natalija",,,Male,1444,
9229170,"Milosavljevic, Masa M",,,Male,1443,
9258854,"Jovanovic, Branka",,,Male,1437,
9241781,"Sentic, Nika",,,Male,1435,
9250551,"Ilic, Mitra",,,Male,1431,
9240068,"Mihajlovic, Misa",,,Male,1429,
9257173,"Peric, Teodora",,,Male,1417,
9233789,"Nakov, Dunja",,,Male,0,
9222485,"Tadic, Sofija",,,Male,1588,
9225034,"Petrov, Nikolina",,,Male,1436,
9230674,"Negovanovic, Marija",,,Male,0,
9245205,"Todorovic, Vera",,,Male,0,
980099,"Kapustin, Pavel",2246,,Male,,
9220385,"Brankovic, Uros",2232,,Male,,CM
9210924,"Andjelkovic, Aleksandar M",2025,,Male,,
9240122,"Kokic, Dimitrije",1998,,Male,,
972517,"Zdravkovic, Filip",1992,,Male,,
9205963,"Jevtic, Lazar",1987,,Male,,
9202042,"Petrovic, Dusan Z",1984,,Male,,
9213508,"Stanojlovic, Pavle",1965,,Male,,
9210975,"Rakic, Nikola V",1953,,Male,,
9217589,"Tadic, Stefan M",1932,,Male,,
985775,"Paunovic, Lazar",1917,,Male,,
9234157,"Milosevic, Andrej",1908,,Male,,
9210614,"Tomic, Dimitrije",1874,,Male,,
9206056,"Stefanovic, Milos",1862,,Male,,
988146,"Simovic, Uros",1820,,Male,,
9238721,"Stankovic, Mateja",1802,,Male,,
9237199,"Cirkovic, Mateja",1798,,Male,,
9211459,"Lukic, David",1796,,Male,,
9229544,"Matejic, Aleksa",1788,,Male,,
399112330,"Icic, Gabriel",1732,,Male,,
167105340,"Draskovic, Veljko",1668,,Male,,
992046,"Gigov, Mario",1660,,Male,,
9228572,"Bogdanic, Vuk D",1622,,Male,,
9250110,"Djordjevic, Ognjen",1615,,Male,,
9212200,"Savic, Aleksej",1602,,Male,,
9254174,"Radojicic, Mihajlo",1597,,Male,,
9236397,"Grujic, Konstantin",1577,,Male,,
9241692,"Kais, Viktor",1475,,Male,,
9220717,"Dragovic, Milos",1414,,Male,,
9233762,"Bojanic, Ivan",0,,Male,,
9236419,"Ljubisavljevic, Mihajlo",0,,Male,,
9252252,"Nikolov, Mihailo",0,,Male,,
183865,"Vicaria, Alejandro",,1610,Male,,
20068530,"Prato, Morena",,0,Male,,
9258056,"Radovanovic, Pavle Z",0,,Male,,
9259770,"Trailovic, Dusan",0,,Male,,
9233088,"Vasic, Nemanja",0,,Male,,
521003165,"Asayas, Lynhar Jane",,,Male,1858,
5253160,"Ylanan, Kyle Johann",,,Male,1840,
521055645,"Navarroza, Chezmyrr Jhazmynn",,,Male,1833,
521003181,"Babante, Michael Jeuz",,,Male,1721,
5128757,"Gutierrez Bernardini, Eduardo",,1820,Male,,
5130310,"Romero Martinez, Cesar Emmanuel",,0,Male,,
3026922,"Miranda, Eddy",1691,1824,Male,,
3036430,"Zayas, Jose",,1803,Male,,
3023320,"Tort, Mauricio",,1791,Male,,
3006093,"De Los Reyes, Mauro",,1715,Male,,
3036375,"Zayas, Brayan",,1680,Male,,
3011577,"Aguirre, Milagros",,1634,Male,,
3015777,"Laurens, Roberto",,1599,Male,,
3036286,"Alcaide, Alexis",,1580,Male,,
3039277,"Camirotti De Armas, Gustavo",,1531,Male,,
3029379,"Escobal, Jose",,1512,Male,,
3023680,"Escaris, Lara",,1491,Male,,
3033848,"Viazzo, Victoria",,1467,Male,,
3036650,"Porto, William",,1454,Male,,
3533514,"Armengol Venegas, Ashly Maria",,,Male,0,WCM
3539253,"Aguila Pedre, Sofia",,,Male,0,
6115373,"Alvarez Lopez, Greysi  Elizabeth",,,Male,0,
6112730,"Cardenas Rivas, Roxana Lisseth",,,Male,0,
81417470,"Ccori Sihuincha, Maria Fernanda",,,Male,0,
3336131,"Chipana Conde, Dana Mariel",,,Male,0,
81484372,"Clarisa Pozo, Ester",,,Male,0,
7410581,"Elliott, Zoe",,,Male,0,
7405448,"Gayle, Kaia",,,Male,0,
7410255,"Gollamudi, Kundana",,,Male,0,
3538273,"Hernandez Suarez, Ana Paula",,,Male,0,
7407238,"Leake, Emilia-Rose",,,Male,0,
6114113,"Martinez Miranda, Josamary Hazbell",,,Male,0,
7411936,"Misir, Izabel",,,Male,0,
7407076,"Moses, Kayla",,,Male,0,
3534863,"Nieves Maza, Rosa Alis",,,Male,0,
7408021,"Patel, Elisha",,,Male,0,
3539377,"Perez Lorenzo, Lya de los Mil.",,,Male,0,
6114253,"Petters Rodrigues, Fatima Sofia",,,Male,0,
3537048,"Pupo Guerra, Naile",,,Male,0,
11326522,"Qudsia Abrar, Toor",,,Male,0,
81413327,"Quispe, Hiromi",,,Male,0,
6113583,"Rivas Molina, Ruth Eloisa",,,Male,0,
81441320,"Romero Coronado, Emilia Luana",,,Male,0,
6113303,"Sevilla Obando, Sara Noemi",,,Male,0,
7410280,"Singh, Samakhya",,,Male,0,
3864820,"Tito Gudiel, Lupe Illary",,,Male,0,
81455020,"Vasti Alaba, Grauben Luciel",,,Male,0,
3867064,"Vazquez Mamani, Gabriela Guadalupe",,,Male,0,
3539954,"Vela Guerra, Driana Paola",,,Male,0,
5101689,"Escobar Alfaro, Salvador",,1907,Male,,
5163790,"Carrera Rodriguez, Jose Luis",,1841,Male,,
5184029,"Cruz Reyes, Jorge Alejandro",,1783,Male,,
29669790,"Xolo Perez, Luis Fernando",,1654,Male,,
8414335,"Bueso, Leonardo Daniel",,1560,Male,,
8410291,"Bobadilla Deras, Ximena",,1473,Female,,
8414440,"Garcia, Keiry Issamar",,0,Female,,
8406464,"Bobadilla, Diana",,1785,Male,,WCM
8414319,"Alvarado, Ceshia",,1645,Male,,
8414327,"Alvarado, Joshiel",,1641,Male,,
8410267,"Rodezno, Jeremy",,1615,Male,,
8414394,"Regalado Rivera, Fernando",,1549,Male,,
8414262,"Escoto Cueva, Jose Manuel",,1540,Male,,
8415005,"Romero Fuentes, Brandon",,1539,Male,,
8410461,"Lara Chavarria, Axel",,1534,Male,,
8414475,"Osorto Chavez, Zoe Iveth",,1532,Male,,
8410402,"Bobadilla Flores, Bairon",,1531,Male,,
8410364,"Pineda Melgar, Ismael",,1487,Male,,
8410470,"Henriquez, Zoe Dominique",,0,Male,,
8410585,"Ordonez Meza, Diego",,0,Male,,
8416389,"Quesada Nunez, Mateo Jose",,0,Male,,
8416400,"Zelaya Diaz, Isai Josefat",,0,Male,,
564009297,"Jigar, Hareshbhai Aiya",,,Male,1686,
25119940,"Manish, Sharma",,,Male,1473,
45091676,"Parthiv, Desai",,,Male,1431,
2521067,"Mcdermott, Malo",2105,,Male,,
2509539,"Sidney, Will",2020,,Male,,CM
2517540,"O`reilly, Conor",2016,,Male,,
2509334,"Haque, Mustakim-Ul",1974,,Male,,
2524848,"Landmark, Gabriel",1968,,Male,,
24516260,"Nordgreen, Jan Thomas",1946,,Male,,
2505690,"Hughes, Padraig",1942,,Male,,
2517850,"Sheehan, Conor",1941,,Male,,
2513196,"Harrington, Eoin",1937,,Male,,
2512556,"Gallagher, Brian",1909,,Male,,
2516721,"Singhal, Vivaan",1882,,Male,,
2534789,"Dash, Shaurya",1873,,Male,,
2509032,"Jocius, Donatas",1858,,Male,,
2501562,"Loughran, John",1846,,Male,,
2512572,"Bergin, Cian",1844,,Male,,
14511584,"Novak, Vjekoslav",1837,,Male,,
34520651,"Ozarpaci, Mert Can",1837,,Male,,
449270,"White, Chris",1810,,Male,,
33391998,"Mulukutla, Ayaansh",1808,,Male,,
2503239,"Buckley, Gerard",1788,,Male,,
2516969,"Kurochkin, Iaromir",1780,,Male,,
2523531,"Andhurthi, Sreeyan",1775,,Male,,
2541556,"Recto, Chiron",1775,,Male,,
14557517,"Putar, Slavko",1762,,Male,,
374095552,"Kumar, Pritesh",1737,,Male,,
12840327,"Zilevicius, Mantas",1722,,Male,,
2518155,"Biswal, Saiansh",1698,,Male,,
2527588,"Scully, Eoin",1689,,Male,,
2536102,"Bulfin, Lugh",1672,,Male,,
2529513,"Crowe, John",1670,,Male,,
2521083,"Prabhith, Ayaan",1653,,Male,,
2535661,"Ryan Smith, Charlie",1638,,Male,,
2520338,"Rerot, Pierre",1630,,Male,,
2536170,"Zou, Nuoheng",1617,,Male,,
2536846,"Sunil, Amaya Sara",1613,,Male,,
29982847,"Palihawadana, Aken Pinitha",1606,,Male,,
2531402,"Duppalapudi, Shreyansh",1484,,Male,,
2532263,"Ger, Tym",1479,,Male,,
2521520,"Putar, Lorena",1474,,Male,,
2534568,"Kennedy, Aidan",1469,,Male,,
2536145,"Mcbrien, Cillian",1442,,Male,,
2543796,"Abdalla, Amr",0,,Male,,
2535750,"Amrolan, Jayden",0,,Male,,
2540924,"Arora, Anish",0,,Male,,
2535815,"Jaiganesh, Saicharan",0,,Male,,
2538709,"Katuri, Ganesh",0,,Male,,
2535823,"Kejriwal, Prisha",0,,Male,,
4303989,"Kolev, Stefan",0,,Male,,
2544067,"Kosynskyy, Vladimir",0,,Male,,
2527286,"Kurochkin, Nikodim",0,,Male,,
2544989,"Logan, Adam W?",0,,Male,,
2536137,"Mallett, Adam",0,,Male,,
2529220,"Mcguinness, Max",0,,Male,,
2519933,"Moore, Glen",0,,Male,,
2545462,"O`murchu, Killian",0,,Male,,
2543362,"Pillai, Calvin",0,,Male,,
2534274,"Potru, Riyansh",0,,Male,,
2536510,"Smith, Eoghan",0,,Male,,
2545241,"Stritch, Seamus",0,,Male,,
2539365,"Yeung, Ricky",0,,Male,,
2518627,"Ziv, Keren",0,,Male,,
33405859,"Arjun, Krishnan Somanchi",,,Male,0,
531010172,"Challa, Shaahanth",,,Male,0,
558080619,"Gajji, Rushikesh",,,Male,0,
33385149,"Ranganamaina, Manotej",,,Male,0,
5031435,"Perumallu, K.",,,Male,1737,
25072269,"Satyanarayana, M",,,Male,1674,
4522664,"Minayev, Fedor",,,Male,0,
547090553,"Mavoori, Vivek Kumar",,,Male,1638,
25936131,"Varshith, V",,,Male,1622,
5091128,"Rajasekhara Reddi K,",,,Male,1570,
33358630,"Tanisha Khandelwal,",,,Male,1566,
25626612,"Sree, Hari Y",,,Male,1561,
547035528,"Doddaboina, Anish",,,Male,1519,
25796968,"Karamsetty, Sowgandh Kumar",,,Male,1480,
48746673,"Alamuri, Praveen Kumar",,,Male,1474,
531048480,"Atharv, Srivastava",,1439,Male,,
547090588,"Netha, Akkaledevi Karthik",,,Male,1462,
547090960,"Makani, Mokshith",,,Male,1451,
429023939,"Akhil, Miriyampalli",,,Male,1423,
88160378,"Abhinav, Nargey Yadav",,,Male,1419,
429070880,"Kethavath, Shiva Kumar",,,Male,1415,
429071046,"Mudavath, Nagaraju",,,Male,0,
25626469,"Pranith, Goli",,,Male,0,
33466807,"Vraj, Vinay Shah",,,Male,1557,
531081452,"Dalal, Vansh Chintan",,,Male,1461,
564023583,"Khurana, Hridaan Amit",,,Male,0,
531014259,"Atharv, Sandeep",,,Male,0,
429095468,"Dhyanjith, S R",,,Male,0,
547049065,"Joel, S Shan",,,Male,1601,
48720933,"Agasthya, A B",,,Male,1476,
564064204,"Ishaan R, Rahul",,,Male,1467,
564038939,"Ishan, V S",,,Male,1446,
531080324,"Keshav, K Iyengar",,,Male,1444,
48790079,"Adhinarayan, B Arun",,,Male,0,
537024922,"Adhri, C J",,,Male,0,
33461465,"Aditya, Rajesh",,,Male,0,
558024484,"Milan, Manu",,,Male,0,
558048790,"Parithi, Ragavan G K",,,Male,0,
558012176,"Sakthieswaran, S",,,Male,0,
531033482,"Urjasvin, Singh",,,Male,0,
564039056,"Vedhik, V S",,,Male,0,
558008829,"Vetrisaran, S",,,Male,0,
33352550,"Sidharth, Mohan",,,Male,2030,
25156411,"Anecx, Kanjiravila B C",,,Male,1952,
33436126,"Akshay, A R",,,Male,1897,
25158295,"Sreehari, S Mecheril",,,Male,1809,
25924680,"Sreehari, S",,,Male,1761,
33461481,"Rohith, S Navneet",,,Male,1673,
25155164,"Devegk, R",,,Male,1654,
33493081,"Nilesh, Jishnu",,,Male,1642,
537045407,"Vaishnav, Sujith",,,Male,1604,
558024352,"Prayag, R G",,,Male,1558,
33495033,"Aaron, Sebastian",,,Male,1488,
547055820,"Aryan, S",,,Male,1473,
531080189,"Advaith, Arun",,,Male,1419,
48787990,"Parthasarathy, V",,,Male,1418,
537045393,"Hamzah, Almaahi",,,Male,0,
25158325,"Vaishnav, Kannan",,,Male,0,
5244242,"Cantonjos, Alji B.",1961,,Male,,
521022852,"Ambol, Saipuding",,,Male,2139,
5205506,"Ayo, Jonathan",,,Male,2017,
5289262,"Sayson, Karl Augusto Xander J.",,,Male,1998,
5252636,"Gulle, Paciano",,,Male,1973,
5276888,"Cantonjos, Ronnel",,,Male,1970,
5203325,"Parmisano, Joseph",,,Male,1939,
5288860,"Virtudazo, Kinmapil F.",,,Male,1939,
5288827,"Pada, James",,,Male,1931,
5288789,"Lagunay, Johnie Lou",,,Male,1878,
5202590,"Gomonit, Rolando",,,Male,1877,
521068623,"Dal, James Lhister",,,Male,1842,
5257387,"Lagunay, Jeshua",,,Male,1839,
5289211,"Lobiano, Cyreel",,,Male,1825,
5288754,"Emano, Rodel",,,Male,1823,
521068879,"Pada, Cyprus",,,Male,1823,
5262070,"Tan, Mary Janelle",,,Male,1794,
5289734,"Jayme, Jasper Nash O.",,,Male,1774,
5289386,"Asis, Chenelle",,,Male,1757,
521039836,"Icalina, Navi",,,Male,1744,
521016763,"Arado, Jim Ulysses",,,Male,1724,
521068615,"Dal, Hans Christopher",,,Male,1714,
521066817,"Alcober, Charity Grace",,,Male,1701,
521062439,"Waban, Jay Michael",,,Male,1699,
521074607,"Hurtado, Justin Chaste R.",,,Male,1688,
521035156,"Sabana, Vingary",,,Male,1684,
521074879,"Barro, Brent Ross",,,Male,1675,
5289068,"Domo, Princess Danielle Louise",,,Male,1664,
521040214,"Salvador, Abegail",,,Male,1664,
521068496,"Templa, Roshan Faith",,,Male,1663,
521016909,"Jayme, Jay Francis O.",,,Male,1640,
521016771,"Arado, Zairrah Mae",,,Male,1625,
521073759,"Icalina, Ivan",,,Male,1509,
13801910,"Sovetbekova, Nurai",,1958,Male,,
55845100,"Bayaliev, Daniel M",,1814,Male,,
13819372,"Alymbekov, Arslan",,1627,Male,,
48720046,Raja Gopal,,,Male,1470,
537099914,Sahya Kailas,,,Male,1597,
13805533,"Estebesov, Iskender",,0,Male,,
13834991,"Toktobekov, Dastan",,0,Male,,
13635859,"რეხვიაშვილი, მარიამ",,,Male,1713,
13632698,"შონია, ბარბარე",,,Male,1630,
13636685,"ედიბერიძე, ალექსანდრა",,,Male,1600,
13640135,"გოგიჩაიშვილი, სანდრო",,,Male,1571,
13641549,"გაფრინდაშვილი, ანდრია",,,Male,1542,
13637975,"ზვიადაძე, ლილე",,,Male,1494,
13647725,"სიხარულიძე, ელისაბედ",,,Male,1479,
13642715,"ქებაძე, გაბრიელი",,,Male,1440,
13650734,"აბჟანდაძე, დემეტრე",,,Male,0,
13650726,"აბრამიშვილი, კვირიკე",,,Male,0,
13651048,"გოგუა, ნანო",,,Male,0,
13638467,"ლაფაჩი, გიორგი",,,Male,0,
13644394,"სისველაშვილი, ნია",,,Male,0,
13654225,"ჩუბინიძე, სანდრო",,,Male,0,
21844810,"Oborski, Artur",,,Male,1997,
21013446,"Wesołowski, Jeremi",,,Male,1968,
21052921,"Rajbharath, Harjith",,,Male,1939,
21074003,"Kowalik, Igor",,,Male,1651,
545050970,"Pańczyk, Marcin",,,Male,1644,
545043094,"Adas, Robert",,,Male,1557,
91194245,"Ochal, Maciej",,,Male,1556,
91135036,"Błaszczyk, Igor",,,Male,1518,
21078912,"Kryszak, Jakub",,,Male,1484,
41874056,"Szewczyk, Wojciech",,,Male,1444,
91128730,"Ciołkowski, Paweł",,,Male,1440,
41833562,"Łakomik, Leon",,,Male,1432,
545050988,"Szczepanik, Paweł",,,Male,1432,
545025029,"Lewko, Piotr",,,Male,1424,
545032785,"Bielski, Bartosz",,,Male,1420,
41873998,"Mierzwiński, Wiktor",,,Male,1402,
545058083,"Skwara, Anna",,,Male,1600,
545060690,"Hibner, Bartosz",,,Male,1600,
545050651,"Barbarski, Adam",,,Male,1400,
91190789,"Mierzwiński, Szymon",,,Male,1400,
91133130,"Tyborowicz, Nikodem",,,Male,1400,
91133084,"Cernal, Adam",,,Male,1200,
545064172,"Kryszak, Remigiusz",,,Male,1200,
545066019,"Piwucki, Michał",,,Male,1200,
545074135,"Barbarski, Łukasz",,,Male,1000,
545074160,"Bogus, Paweł",,,Male,1000,
545073600,"Mazur, Szymon",,,Male,1000,
545074143,"Rawski, Łukasz",,,Male,1000,
545074151,"Solecki, Adrian",,,Male,1000,
545075387,"Stanisz, Maksymilian",,,Male,1000,
46643460,"Aabhas, Jindal",,1628,Male,,
25133381,"Nikhar, Saxena",,0,Male,0,
20065388,"Gross, Thiago  Sthefano (S14)",,1762,Male,,
20003722,"De Paula, Marcelo Emanuel",,1701,Male,,
20001070,"Ibañez, Kevin",,1699,Male,,
20061986,"Molina Lopez, Martin Ignacio (S14)",,1658,Male,,
155020,"Vazquez, Hugo",,1639,Male,,
20018541,"Terra, Pablo Marcelo",,1455,Male,,
20067682,"Haedo, Francisco Daniel (S14)",,0,Male,,
20055919,"Kuffer, Cristian Leandro (S14)",,0,Male,,
20001258,"Vogel, Erni",,0,Male,,
20067810,"Weyreuter, Atlas (S10)",,0,Male,,
9942408,"D, W A Shanika Uthpala",,1644,Male,,
564055639,"Mhatre, Hritvi Nandan",,,Female,0,
547006528,"Aakash, Choudhari",,,Male,0,
429097339,"Swaraj, Gajanan Kadam",,,Male,0,
564061833,"Kunal, Suyog Kulkarni",,,Male,1492,
429050316,"Reva, Ashish Khude",,,Female,1458,
537027875,"Arav, Chaitanya Deshmukh",,,Male,1420,
33479925,"Vardaan, Agrawal",,,Male,1420,
547083387,"Srikanth, Shreshtan Akshaj",,,Male,1415,
531064965,"Malhar, Deodutta Pande",,,Male,1407,
558026762,"Advait, Nitin Kolekar",,,Male,0,
547083956,"Ronak, Ganeshchandra Jha",,,Male,0,
558034935,"Srushti, Dilip Kadam",,,Female,0,
5094798,"Srijit, Paul",,,Male,2300,IM
5009847,"Kulkarni, Vikramaditya",,,Male,2134,IM
45012857,"Mishra, Sanjeev",,,Male,1971,
25774310,"Somaiya, Shreyansh",,,Male,1954,
48727407,"Girisha, Prasanna Pai",,,Female,1822,
35003917,"Awade, Pradeep",,,Male,1713,
45069697,"Gupta, Mayur A",,1716,Male,,
5043883,"Kadam, Nikhil",,,Male,1699,
547008032,"Rushil, Prakash Motwani",,,Male,1686,
33428263,"Kharat, Sandeep",,,Male,1677,
429098270,"Yashraj, Rathi",,,Male,1662,
5037026,"Joglekar, Abhijit",,,Male,1655,
429090040,"Ramesh, Harsith",,,Male,1651,
25648993,"Jadhav, Vishwadeep",,,Male,1641,
46679162,"Bhavsar, Bharat",,,Male,1638,
35033328,"Yadav, Aakashkumar",,,Male,1622,
558030905,"Akaleshkumar, Ramtirath Yadav",,,Male,1596,
33479887,"Ahaan, Kataruka",,,Male,1590,
531098320,"Pradeepa, Jayapal",,,Female,1587,
547008164,"Rohan, Moktali",,,Male,1566,
25632175,"Rawat, Jitendra",,,Male,1563,
374100160,"Sinha, Sujeet",,,Male,1552,
45092508,"Bulsara, Yazaan",,,Male,1549,
46653376,"Harroop, Singh Goindi",,,Male,1548,
537027530,"Pratik, Yadnik",,,Male,1548,
35032704,"Chaudhary, Sanket",,,Male,1547,
537030914,"Karthik, Sekhar",,,Male,1539,
564028127,"Pranay, Patil",,,Male,1537,
537032186,"Akshaj, Kashyap",,,Male,1534,
531015891,"Ayush, Padmanaban",,,Male,1519,
45054282,"Phani, Prasad Mandalaparthy",,,Male,1518,
25955756,"Vishal, Govind Kale",,,Male,1516,
88138895,"Manoj, Ratan Singh",,,Male,1513,
537079727,"Pitale, Kaustubh",,,Male,1510,
429093953,"Rudra, Srivastava",,,Male,1505,
45040516,"Patil, Shravani",,,Female,1504,
558088300,"Karthik, Manoj Shinde",,,Male,1495,
25041290,"Nemlekar, Suresh",,,Male,1492,
4524659,"Pehhov, Edgard",,,Male,0,
537000926,"Ivaan, Dubey",,,Male,1470,
558030964,"Mahek, Jawaharlal Prajapati",,,Female,1464,
88128954,"Aneya, Kopardekar",,,Male,1463,
429097886,"Adarsh, Navnath Narale",,,Male,1456,
88192954,"Pawar, Aaditya Nilesh",,,Male,1456,
537000810,"Adhrit, Dubey",,,Male,1454,
537030485,"Burhanuddin, Eranpurwala",,,Male,1452,
25929194,"Kaustubh, Prashant Ner",,,Male,1437,
429093562,"Gautam, Brijesh Nichani",,,Male,1429,
366095066,"Dcosta, Sean",,,Male,1419,
25954512,"Gautam, Sujeet",,,Male,1413,
558030891,"Aaryan, Amitkumar Chaturvedi",,,Male,0,
88138127,"Ansh, Arvind Gautam",,,Male,0,
547013451,"Bhavik, Nandan Mhatre",,,Male,0,
25658085,"Dhonde, Niraj",,,Male,0,
429093465,"Dhruv, Puri",,,Male,0,
88138569,"Kisan, Kumar Mahendra Ram",,,Male,0,
564028054,"Lavanya, Singh",,,Female,0,
33390185,"Purnima, Nandakumar Konkar",,,Female,0,
558087850,"Raychand, Govind Shete",,,Male,0,
33428492,"Sharma, Raj",,,Male,0,
537032178,"Shivam, Shivprakash Kanujiya",,,Male,0,
558030930,"Shruti, Siddhu Salgar",,,Female,0,
88138763,"Shubhada, Jitendra Yadav",,,Female,0,
537029550,"Sunil, Gopichand Gupta",,,Male,0,
88139352,"Sushil, Rakesh Sharma",,,Male,0,
8728763,"Master, Himaksh Choudhary",,,Male,1585,
88192938,"Patro, Arnab",,,Male,1538,
558031014,"Vansh, Dinkar Upadhyay",,,Male,1476,
558031006,"Ayesha, Khatun Alfid Khan",,,Female,1474,
88139190,"Satyamkumar, Santosh Singh",,,Male,1447,
547083328,"Abhinav, Kumar Pathak",,,Male,0,
558031030,"Ankita, Santosh Sav",,,Female,0,
547014598,"Dabholkar, Om",,,Male,0,
558031081,"Shivansh, Amit Mishra",,,Male,0,
558034390,"Shradha, Siddhu Salgar",,,Female,0,
558034382,"Vedant, Krishna Kadu",,,Male,0,
88139450,"Yuvraj, Brijesh Saroj",,,Male,0,
531012264,"Chordiya Ishan Sachin,",,,Male,1579,
33482187,"Mahamuni Anay Dattatray,",,,Male,1541,
33482330,"Mahajan Advait Sunil,",,,Male,1493,
33482586,"Joshi Saksham Mangesh,",,,Male,1476,
25635026,"Pansare Vedant Shankar,",,,Male,1645,
35056611,"Ghumare Anil P.,",,,Male,1615,
48795364,"Dekhane Adesh Dattatray,",,,Male,1554,
29974887,"Nanayakkara, Sanuk",1864,,Male,,
9999086,"Nimthaka, U J Nimuthu",1861,,Male,,
29966698,"Gunawardena, Ramiru Sithika",1858,,Male,,
9930965,"Lakshitha, H H Sasindu",1855,,Male,,
29953197,"Ethkandura, Amila Nimsara",1850,,Male,,
9915010,"De Silva, Elath Mathanga",1843,,Male,,
29975930,"Abayasinghe, Sehath",1842,,Male,,
9976612,"Hansana, G Haritha",1833,,Male,,CM
29955424,"Weerathunga, Kavinu Sathnura",1831,,Male,,
29975972,"De Silva, G W Githmal Gihansith",1815,,Male,,
29994152,"Jithen, K A Chalinu",1799,,Male,,
9988823,"Ramanayaka, Y R P M",1788,,Male,,
9920714,"Deshappriya, D Kalindu",1771,,Male,,
80805744,"Kithnula, W A Gesandu",1767,,Male,,
9969942,"Akash, G K Adheesha",1765,,Male,,
29955181,"Perumpuli, Arachchi Lithula Raveesh",1739,,Male,,
29955068,"Kumudana, Urapola Narasinghage Kulunu",1729,,Male,,
9929525,"Priyanath, W D Tharaka",1711,,Male,,
80806180,"Tilakawardena, K Rivinu Dewhan",1705,,Male,,
9943269,"Dissanayaka, M A P Mihiranga",1670,,Male,,
29929474,"Manudisa, W D Nethuka",1670,,Male,,
29976022,"Jayasanka, Kulara",1648,,Male,,
29910676,"Haputhanthiri, Aayush",1646,,Male,,
29993288,"Rajapaksha, Isuru",1640,,Male,,
29977843,"Palliya Guruge, Kemindu Sehas",1634,,Male,,
29905931,"Pesanjith, M T H Sansutha",1627,,Male,,
80805434,"De Silva, M W Nethula Sandil",1625,,Male,,
29953480,"Lamahewa, Inuka Sevhas",1619,,Male,,
29910595,"Fernando, G Naween Sithija",1617,,Male,,
29939992,"Pasqual, Jenura Hirunjith",1614,,Male,,
29929156,"Dayarathne, M D Damsen Chandradithy",1609,,Male,,
80844723,"Sehas, Vindeeu K.D",1606,,Male,,
80806244,"Weerasooriya, M A Methula Aken",1601,,Male,,
80808557,"Damsutha, K Siluna",1600,,Male,,
80843824,"De Silva, D W Chaetha Dulsandu",1596,,Male,,
9972927,"Dharmasena, K Kavinu Ransara",1595,,Male,,
29981700,"Jayasekara, K J Jinuka Dulkith",1594,,Male,,
29981654,"Dhamsana, P Y Sethika Chandul",1592,,Male,,
29906270,"Yethmin, W J Methum",1585,,Male,,
80805345,"Ariyarathne, M H Hiruka Sandesh",1583,,Male,,
80875300,"Guwanitha, G M",1582,,Male,,
80823718,"Hansira, Ranmuthu Senuka",1577,,Male,,
29977495,"Dinsitha, P T Seniru",1572,,Male,,
80844863,"Chandunu, W G Heymika",1571,,Male,,
29985960,"Hettigamage, Viduna Damyuth",1569,,Male,,
29974267,"Gunarathne, U P A  Jalina Basuru",1568,,Male,,
29982839,"Nimrad, K K Mayon",1566,,Male,,
80806007,"Rasendra, O K Ayush Shakya Sri",1565,,Male,,
80870252,"Dasunpriya, M W Namindu",1560,,Male,,
29940001,"Pasqual, Senuja Kalmith",1559,,Male,,
80841660,"Samarawickrama, Senitha Raneth",1558,,Male,,
80807674,"Weerasinghe, Chaniru Githmira",1554,,Male,,
29954010,"Weragoda, Dewanga Sathsara",1550,,Male,,
29910668,"Hansaka, K P Thenuk",1549,,Male,,
29976090,"Palliyaguruge, Imeth Hansira",1546,,Male,,
29953324,"Induwara, S H Esandu",1544,,Male,,
80806449,"Thathsara, W Chanidu",1534,,Male,,
29928214,"Ariyaratne, L K Sesandu Thevnaka",1533,,Male,,
29998980,"Eshan, H G Lashen",1532,,Male,,
80879470,"Sadamal, B V G M",1532,,Male,,
80844782,"Wijethunga, W A Kusal Onara",1532,,Male,,
29952190,"Shafeek, M A M",1522,,Male,,
80807780,"Wijesiri, Sasmitha",1522,,Male,,
80830587,"Premachandra, K D Tharun Insith",1518,,Male,,
80823165,"Bandara, Dasun Kanchana Weerakoon",1517,,Male,,
80823904,"Jayawickrama, Hirun Dinethra Sudi",1517,,Male,,
29955041,"Methmin, S K Ramika",1516,,Male,,
29974780,"Bandara, Sehas Senarath",1515,,Male,,
80879004,"Dinal, N G Hasidu",1515,,Male,,
80841350,"Jayawardana, K K Thiwan Sameesha",1514,,Male,,
80804047,"Hansitha, A K Kaveen Chamithu",1513,,Male,,
80805710,"Jayathunga, H Vethum Gihansa",1512,,Male,,
29994004,"Bandara, K W Warna Supunsara",1511,,Male,,
80823335,"De Silva, L H Sanithu Induwara",1510,,Male,,
29994225,"Pahansara, U V Sithija",1510,,Male,,
29994160,"Karunarathne, Genura Thisal",1508,,Male,,
29981662,"Uththamawadu, Sethun Dinsara",1507,,Male,,
29993482,"Dinsitha, P Y Mithum Lohas",1507,,Male,,
80804683,"Thisaranga, Poramba Liyanage Sade",1507,,Male,,
80865860,"Methmithu, D G Yosith",1506,,Male,,
80846769,"Hiranya, W W Sadev",1499,,Male,,
29993180,"Nanayakkara, Sakuna Koojana",1499,,Male,,
80808646,"Deemantha, G V Kemindu Hashen",1497,,Male,,
80831010,"Samarakoon, Samuditha Indeewara",1497,,Male,,
80808530,"Chirandith, Helambage Desandu",1495,,Male,,
80814417,"Gunarathne, U P A Danindu Charutha",1493,,Male,,
80807364,"Hettiarachchi, Thenuja Kithsara",1491,,Male,,
29994241,"Samarakoon, Saktha Hiranmaya",1487,,Male,,
80801870,"Edirisinghe, Nithum Randira",1485,,Male,,
9971033,"Deshadara, Masachchi Sineth",1485,,Male,,
29994063,"Damsithu, S H Mevinu",1483,,Male,,
80843808,"Damsithu, R A Viduna",1482,,Male,,
80841295,"Hesandul, D Thusina",1480,,Male,,
80829210,"Gunasekara, Sayul Nethmitha Mendis",1479,,Male,,
29994098,"Dharmasena, H Minupa Nejan",1478,,Male,,
80829333,"Hansaka, K H Hasindu",1478,,Male,,
29982375,"Dinhas, M A K S",1477,,Male,,
80875343,"Hansana, G Senul",1477,,Male,,
80844243,"De Zoysa, E Desandu Senujana",1476,,Male,,
80804080,"Lasandul, B G Chanupa",1475,,Male,,
29966400,"Dewshan, W K Kavishka",1474,,Male,,
29977932,"Wewalage, Methuka Sanodith",1473,,Male,,
29982820,"Niklesh, D G Rushitha Vijan",1468,,Male,,
80824684,"Sandhul, Dodampage Ranuga",1468,,Male,,
80844316,"Dulmantha, K P Lasith",1467,,Male,,
29977630,"Jayasuriya, Mesandu Sandiv Lokubadu",1467,,Male,,
29930049,"Thalgaswatta, Y N",1466,,Male,,
80831397,"Thanthirige, Hesandu Dihansa",1465,,Male,,
80835791,"Weerasooriya, K H Tharindu Chathuranga",1460,,Male,,
29994101,"Digamadulla, Janeru Vihas",1458,,Male,,
29994209,"Nethmira, D P M Chenitha",1458,,Male,,
9978666,"Rupasinghe, Sudam Wathsara",1456,,Male,,
80844685,"Thewmin, R M Livinu",1454,,Male,,
80879489,"Sandeepa, K H Isuru",1452,,Male,,
29949769,"Ethkandura, Pasindu Kaveesha",1449,,Male,,
80805736,"Kethmina, E K Sasen",1439,,Male,,
575000652,"Ranthila, Prathapage Senuga",1438,,Male,,
29981719,"Jayasekara, K J Janiru Jineth",1435,,Male,,
80823297,"Damsana, D Dihein",1434,,Male,,
80841961,"Weerasooriya, M A Jithula Aken",1432,,Male,,
80878792,"Abhilash, A N G M",1431,,Male,,
29982561,"Jayasuriya, Thenuja Lakdiv Lokubadu",1431,,Male,,
80807747,"Weragoda, Adeesha Udana",1431,,Male,,
80861644,"Jayasinghe, K D Sanumitha Suhasvi",1422,,Male,,
29974402,"Samaranayaka, Thenul Damsara",1422,,Male,,
80807240,"Dahanayake, Binuka Sahiru Dias",1421,,Male,,
80805590,"Fernando, F F Binuka Neththaru",1420,,Male,,
80802435,"Nimsara, T A Kavishka",1420,,Male,,
29976111,"Sandiv, K H Vinuga",1420,,Male,,
29974119,"Wijayakantha, M K Waruna",1416,,Male,,
80844731,"Waidyasekara, Abeesha Adithya",1413,,Male,,
80829775,"Karunarathne, Gesandu Bometh",1412,,Male,,
80859445,"Jayawardane, W Binul Yenuja",1410,,Male,,
80802460,"Samarakoon, Sarada Himakrith",1408,,Male,,
80837212,"Mihinula, W A Gimeth",1407,,Male,,
80861920,"Methdunu, W G S",1404,,Male,,
9974652,"Nimsara, M Sitrhum",1404,,Male,,
29983061,"Sedarahetti, Ometh Cheniru",1402,,Male,,
29955084,"Nimsara, W P Daham",1401,,Male,,
80805469,"Dewhas, P G Rithul",0,,Male,,
80835961,"Abeysinghe, B D N",0,,Male,,
80883540,"Abhiman, W Nethul Sanuga",0,,Male,,
80844022,"Anthony, Yosandu Hasmira",0,,Male,,
80893350,"Ashendra, P K Himal",0,,Male,,
80808492,"Bimsara, B H Yesandu",0,,Male,,
29998921,"Chameesha, Gajaheen Gamage Nisal",0,,Male,,
80841104,"Damsika, Thewan",0,,Male,,
29952204,"Hewapathirana, Meenu Vihansa",1664,,Male,,
29976820,"Kularathna, M Sanindee Niwetha",1661,,Male,,
29976502,"Hansadi, R B Pumudi",1660,,Male,,
29976561,"Ravisinghe, Lithuli Chanara",1651,,Male,,
80841376,"Keshavee, G S Hitheshi",1629,,Male,,
29976588,"Sethumsa, R B Hasadi",1627,,Male,,
29954711,"Chanseya, K G Dewli Abinadi",1624,,Male,,
29983959,"Geesari, Kavindi",1607,,Male,,
29965438,"Wathnara, Abeywardhana Saheli",1589,,Male,,
29993296,"Rajapaksha, Sithmi Sahansa",1568,,Male,,
80841589,"Ransala, P K Adithi",1546,,Male,,
80832008,"Bimansa, P K Lithuli",1545,,Male,,
29954843,"Githminie, H K Gihansa",1544,,Male,,
29974275,"Janulya, K A Chanumi",1539,,Male,,
29953138,"Dewmini, B K Nihansa",1531,,Male,,
29953650,"Ranasinghe, Sanuli Dulanya",1527,,Male,,
80836810,"Methusari, K D G Dinara Yeheni",1523,,Male,,
29950589,"Amasha, N W K Tanudi",1521,,Male,,
80864287,"Pathirana, A P Dinali Sithumdi",1514,,Male,,
29985153,"Liyanage, E L Dihini Dihasa",1507,,Male,,
13914103,"APOSTOL, Lucian",,1649,Male,,
80833411,"Ganewattha Kankanamge, Tesandi Sandithmee",1495,,Male,,
29953669,"Randeniya, Senethma Dewmi",1491,,Male,,
80834752,"Siriwardhana, V M Vinudi Vathsandi",1489,,Male,,
29900344,"Mandakini, A N N S",1487,,Male,,
80845312,"Sinethma, N A Sinethi",1482,,Male,,
80836704,"De Silva, L H Sayuni Induwari",1479,,Male,,
80845371,"Wedage, H W Thiseni Dinulya",1463,,Male,,
80845118,"Mihinsa, K D Thinuli",1462,,Male,,
29950244,"Sarathchandra, G W Gihansa Sasith",1458,,Male,,
80834205,"Pate, Methmi Hasana",1454,,Male,,
80871160,"Kariyawasam, S Thimansa",1451,,Male,,
80808883,"Kavindi, Y Githmi Ganesha",1448,,Male,,
80835899,"Aradhya, D A Ruchini",1445,,Male,,
80841422,"Methnuli, C J M Tesandi",1445,,Male,,
29982162,"Waidyasekara, R Senuri Lawanya",1445,,Male,,
80835953,"Semasingha, I D Sawrandi Kameshik",1442,,Male,,
29955025,"Menikpura, Sanupadi Sanaya",1438,,Male,,
29994497,"Liyathma, K G Senoli",1433,,Male,,
80841767,"Senaji, P H Hesanya",1433,,Male,,
80803016,"Methdini, M P Sethuli",1432,,Male,,
80805787,"Laksiri, L B Binuki Madara",1431,,Male,,
29993083,"Lamahewa, Anugi Kehansa",1429,,Male,,
80851100,"Harshadi, S A Sanoli",1423,,Male,,
80809359,"Wickramasekara, Sameeksha Neshara",1422,,Male,,
80875742,"Nifal, Fathima Hasna",1416,,Male,,
80875882,"Rajaratne, Himandi Sehansa De Silva",0,,Male,,
80844006,"Aakifa, Mohamed Sarkhan Fathima",0,,Male,,
80863450,"Adeesha, K L Uvani",0,,Male,,
80878822,"Amarasinghe, Dilara Methsandi",0,,Male,,
80875068,"Ashka, Mohamed Naleem Fathima",0,,Male,,
80802680,"Ayansa, S T Thenumi",0,,Male,,
80805418,"Dasanayaka, D Pramodhi Dulanjali",0,,Male,,
80843832,"De Silva, D W Hesara Dhihansi",0,,Male,,
80878962,"De Silva, N H Oneli Sehansa",0,,Male,,
80833217,"Dewduni, K B Chathuni Kaveesha",0,,Male,,
80885870,"Dissanayake, T S",0,,Male,,
80844332,"Enara, W P G Siheli Avindi",0,,Male,,
80875327,"Hana, H A Aysha",0,,Male,,
29972965,"Hiyansa, G G Kenuli",0,,Male,,
80875378,"Ihansa, K K A Yenuli",0,,Male,,
80833764,"Kanakaratne, Sayuni Okithma",0,,Male,,
29950694,"Lehansa, N C Asini",0,,Male,,
80845100,"Methulya, Kande Dinuli",0,,Male,,
80834035,"Minthuli, W A Dinuli",0,,Male,,
80836909,"Premachandra, K D Sadisi Sansari",0,,Male,,
80841600,"Ranulya, W Kenuli",0,,Male,,
80845193,"Rathnayaka, R M Sanudi Sanulya",0,,Male,,
80870872,"Sadesna, Ranmuthu Lahini",0,,Male,,
29955203,"Sahabandu, G S A Jenuvi Dahamnee",0,,Male,,
80845223,"Samarasinghe, Asandi Mihinya W",0,,Male,,
29986176,"Samaraweera, Hoshithmi Pehansa",0,,Male,,
80835945,"Sanuthi, H H",0,,Male,,
80841708,"Sasenya, Paranagamage Onithi",0,,Male,,
80834728,"Sethumsa, P W Akithya Miheli",0,,Male,,
80859968,"Suraweera, S A Lithumi Sanulya",0,,Male,,
80803342,"Thisalni, G V Janya",0,,Male,,
80876242,"Weerasuriya, Sandinie Thasanya",0,,Male,,
35835990,Haqqi Bin Mohd Hatta,,,Male,1671,
35854626,Muhammad Aliff Zafri Bin Mohd Razali,,,Male,1651,
523984,"Polkhovski, Jan",,,Male,0,
35849983,Muhammad Fateh Bin Mohd Faizal,,,Male,1582,
35864567,Lee Yuze,,,Male,1572,
35892781,Foo Yu Sing,,,Male,1515,
35850450,Lee Onn Yusufi Bin Jeff Lee Cheong Loong,,,Male,1483,
35844434,Chow Zheng Heng,,,Male,1482,
35897163,Muhammad Rayyan Bin Mas Hafizulhilmi Agus,,,Male,1482,
35875291,Tanushreyaa A/P Ragene,,,Female,1481,
35888105,Muhammad Ammar Aryan Bin Muhammad Hazim,,,Male,1466,
35877146,Thirishaanth Assvin,,,Male,1458,
35875151,Abdul Fatih Hizkil Bin Mohd Fadzly,,,Male,1457,
35861703,Muhammad Adam Haaris Bin Mohamad Hamdan,,,Male,1456,
35860740,Law Zhun Tho,,,Male,1449,
35887842,Putera Muhamad Hakimi Bin Mohd Yusof,,,Male,1448,
565003683,Kairav Kumar Lakshen,,,Male,1443,
35847891,Nik Aimee Camilla Binti Nik Ahmad Farouqi,,,Female,1442,
35838388,Jayden Mikhail Dorai,,,Male,1427,
35868414,Dasshine A/P Moorty,,,Female,1416,
35849819,Raisa Binti Mohsen,,,Female,1405,
35856157,Abdul Muiz Bin Abdul Hadi,,,Male,0,
565004116,Adi Muhammad Arsyad Bin Muhamad Adzan,,,Male,0,
35877111,Ahmad Ali Ardani Bin Mohamad Aizuddin,,,Male,0,
565001060,Aika Sarah Binti Mohd Azizul,,,Female,0,
35825561,Aisya Binti Mohsen,,,Female,0,
35880031,Aisyah Husna Binti Jamal Abdul Nasser,,,Female,0,
35877006,Amirah Batrisya Binti Abdul Hadi,,,Female,0,
35891653,Amryeicz A/L Tarmentira,,,Male,0,
565003985,Ang Jun Yi,,,Male,0,
35899093,Anubarathi Balamurali,,,Female,0,
35898097,Arissa Safia Binti Muhamad Hayqal,,,Female,0,
565002768,Ayeesha Fathiya Binti Muhammad Fawwaz,,,Female,0,
35880554,Cheong Jayson,,,Male,0,
565004221,Hanania Maisarah Binti Mohamad Taufik,,,Female,0,
35891157,Hanna Grace Tan,,,Female,0,
35871180,Adam Daniyal Bin Mohd Norhafizi,,,Male,1486,
35885963,Choo Yi Sheng,,,Male,1460,
35862912,Akhilessh Vesvanathan,,,Male,1430,
35850760,Andrew Micheal,,,Male,1450,
35850752,Clare Micheal,,,Male,1427,
35885971,Choo Kai Chen,,,Male,1406,
35854480,Aqilah Raisya Binti Shahrul Faiz,,,Female,0,
35871199,Eusuff Muhammad Bin Mohd Norhafizi,,,Male,0,
35859148,Muhammad Al Faakhim Mohd Hazullah,,,Male,1624,
35856300,An Nur Alisha Mohd Khafzan,,,Female,1547,
35859130,Muhammad Al Fudhayl Mohd Hazullah,,,Male,1449,
565003330,Haswinee Raj A/P Rajkumar,,,Female,0,
565005147,Hilman Ibad Bin Hafiz,,,Male,0,
16306490,Ho Chu Ning,,,Female,0,
16306481,Ho Tse Ming,,,Male,0,
565001630,Hon Min Hertz,,,Male,0,
35851120,Jaden Asher Anand,,,Male,0,
35876964,Khevinash A/L J.Mahesh,,,Male,0,
565001125,Lee Jun Young,,,Male,0,
35888091,Lee Yi Rui,,,Male,0,
35888202,Lok Zer Jean,,,Male,0,
565004450,Lutfil Hadi Bin Lokman Al Hakim,,,Male,0,
565005074,Muhammad Akif Akhyar Bin Muhammad Nur Hidayat,,,Male,0,
565004710,Muhammad Ammar Danish Bin Mohd Hafizak,,,Male,0,
565002776,Muhammad Daffiy Rayqarl Bin Mohd Ridzuan,,,Male,0,
565001184,Muhammad Dzaqir Yusuf Bin Mohd Noor Firdaus,,,Male,0,
565004167,Muhammad Yusuf Bin Mohd Redzuan,,,Male,0,
565003675,Muhammad Ziyad Muqri,,,Male,0,
565005066,Ng Yan Cheng,,,Male,0,
35837357,Nitheesh Vegentheran,,,Male,0,
565003829,Nuha Humaira Binti Hasyim,,,Female,0,
35881720,Nur Alya Darwisyah Binti Abdul Rani,,,Female,0,
565003837,Nur Ayra Nafeesa Binti Noor Amirul Rashid,,,Female,0,
565004108,Nur Hana Nabihah Binti Muhammad Ilham,,,Female,0,
565004094,Nur Ilman Damia Binti Muhammad Ilham,,,Female,0,
35854316,Nur Khayla Amani Binti Kuswari,,,Female,0,
34331891,"Медведев, Никита",,,Male,2001,
55885063,"Киреенко, Иван Игоревич",,,Male,1817,
55782892,"Рыженков, Иван Витальевич",,,Male,1637,
540059456,"Пономарев, Дмитрий Сергеевич",,,Male,1552,
55841023,"Кучер, Михаил Денисович",,,Male,1529,
55782884,"Орлов, Роман",,,Male,1463,
540053938,"Кузьменко, Анастасия Дмитриевна",,,Male,1409,
55783015,"Филиппова, Екатерина Михайловна",,,Male,1401,
540059510,"Донец, Семен Андреевич",,,Male,1298,
4290976,"ERGAZAKIS, IOANNIS",,2340,Male,,FM
25865137,"PAPAIOANNOU, DIMITRIOS",,2238,Male,,CM
4200195,"DIMITRIADIS, GEORGIOS",,2217,Male,,FM
26052776,"BONNEVILLE, THAYMOUR",,2166,Male,,
4214226,"KOSTAS, PANAGIOTIS",,2059,Male,,
25895192,"GIANNOULIS, GRIGORIOS",,2032,Male,,
25828878,"KONTOS, NIKOLAOS",,2015,Male,,
25800884,"KASTIS, FOTIS",,2014,Male,,
4217144,"FINOKALIOTIS, GEORGIOS",,1991,Male,,
42114195,"MASA, ALEXANDROS",,1961,Male,,
42142563,"NIKITAKIS, MICHAIL",,1957,Male,,
4701879,"MASHA, REXHEP",,1950,Male,,
4234464,"POULLAS, ANTONIS",,1939,Male,,
4203097,"ANGELOPOULOS, GEORGIOS",,1931,Male,,
25819143,"TROUPIS, GEORGIOS-DIMITRIOS",,1918,Male,,
4297016,"TER-GEVORKIAN, GIANNIS",,1911,Male,,
4254244,"GIANNOULIS, ILIAS",,1876,Male,,
42131235,"BAKOGIANNIS, CHARALAMPOS",,1791,Male,,
42133483,"GIAKAMOZIS, APOSTOLOS",,1726,Male,,
42165776,"CHRISTODOULOU, ATHANASIOS P",,1694,Male,,
25894765,"TALAVEROU, VASILIKI VIKTORIA",,1694,Female,,
4257430,"APOSTOLOU, NIKOLAOS",,1663,Male,,
42109850,"LEVANTIS, ANTONIOS",,1656,Male,,
557015376,"Seidir, Abylay",,,Male,0,
42127297,"MENTZOS, APOSTOLOS",,1629,Male,,
42166314,"FILIPPOU, GEORGIOS",,1610,Male,,
42165792,"STERGIOU, ORESTIS",,1474,Male,,
42190398,"KAMPITSIS, KONSTANTINOS",,1446,Male,,
541013336,"BIRIS, DIMITRIOS",,1443,Male,,
25806467,"KATSIARAS, DIMITRIOS",,1425,Male,,
42183995,"KAMPITSIS, FOIVOS",,1419,Male,,
42162866,"FLOUDAS, ODYSSEAS",,1400,Male,,
42150043,"NAZOU, MARIA",,0,Female,,
42243416,"Matei, Octavian",,,Male,1461,
42250455,"Matei, Cristian",,,Male,0,
1294903,"Aldea, Florin-Alexandru",,,Male,1655,
1264702,"Spiridon, Teodora",,,Female,1509,
29641691,"Cocoletzi, Cuahutle Axel",,,Male,0,
25931326,"Majji, Ram Charan Teja",,,Male,1807,
25914952,"Seetasagar, Konaparthi",,,Male,1794,
33326720,"Bhargava, Susanth Saketh M",,,Male,1694,
25914898,"Prabhakar, Konaparthi",,,Male,1675,
25774549,"Karra, Surya Kumara Sridatta",,,Male,1621,
88173127,"Annepu, Sashank",,,Male,1525,
564030326,"Sharveen, Kiran Gotukula",,,Male,1506,
537079328,"Yashil, Kukunuri",,,Male,1496,
558045163,"P, Sai Veera Praneel Karthik",,,Male,1490,
88179907,"Sri, Nikesh Jammalamadaka",,,Male,1490,
88179966,"Karthik, Jammalamadaka",,,Male,1478,
531044751,"Pandiri, Ramu Reddy",,,Male,1462,
531030980,"Nandana, Ushasri Karthika Kaja",,,Male,1461,
48748749,"Moksha, Satya Aadya Duddupudi",,,Male,1458,
88173526,"Palivela, Jogendhar Srinivasa Prabhakar",,,Male,1453,
537018647,"Dunaboyina, Sai Samvidha",,,Male,1451,
537013998,"Hemachand, Kondrapu",,,Male,1428,
531009573,"Sadhvik, Varma P",,,Male,1423,
33473749,"Nivedh, Vallabani",,,Male,1419,
33406588,"Sujay, Yelamarthi",,,Male,1418,
88180530,"Mokshith, Gannamani",,,Male,1400,
33447950,"Aarush, Karthikeyan Bhattarai",,,Male,0,
564030717,"Bhavyesh, Reddipalli",,,Male,0,
547035480,"Bollam, Narasimha Teja",,,Male,0,
558040986,"Chintakula, Humshika Sridhanya",,,Male,0,
537074636,"Deergasi, Ruthvik Reddy",,,Male,0,
558040820,"Emani, Sita Saathvika",,,Male,0,
564005640,"Hanish, Krishna Challa",,,Male,0,
537074199,"Karanam, Gowtham Sai",,,Male,0,
537018507,"Kethan, Sai Shreyash Dasam",,,Male,0,
558034099,"Lakshmi, Chaitanya Gadepalli",,,Male,0,
531031005,"Lathika, Vakalapudi",,,Male,0,
35878479,Muhammad Ammar Haziq Bin Azrol Hisham,,,Male,0,
35842946,Muhammad Arif Bin Wardi Syazwi,,,Male,0,
35842318,Ismat Bin Fhaisol,,,Male,0,
33498911,"M, T S Venkateswara Rao",,,Male,0,
537074970,"Mylapalli, Advith",,,Male,0,
564027970,"Satyendra, Jashwith Preetham Jayana",,,Male,0,
537074709,"Thotta, Nikshit Pranay",,,Male,0,
564030300,"Viswa, Karthikeya Reddy Dwarampudi",,,Male,0,
564030784,"Yashvir, Gowtham Kutada",,,Male,0,
34440682,"Куликов, Павел Игоревич",2046,,Male,,
34177407,"Наумов, Иван Константинович",2006,,Male,,
34258060,"Горовенко, Валерий Петрович",1896,,Male,,
55866034,"Поздняков, Никита Алексеевич",1789,,Male,,
54192960,"Безродный, Анатолий Григорьевич",1784,,Male,,
34258027,"Бураев, Владимир Викторович",1783,,Male,,
34258132,"Шелковников, Владислав Михайлович",1762,,Male,,
24134961,"Невский, Игорь Александрович",1747,,Male,,
34258124,"Шагалеев, Роман Геннадьевич",1723,,Male,,
34258019,"Бердников, Михаил Александрович",1652,,Male,,
55760813,"Кузнецов, Семён Михайлович",1601,,Male,,
34208372,"Гвоздева, Софья Алексеевна",1552,,Female,,
540040321,"Владимирова, Екатерина Дмитриевна",0,,Female,,
55837913,"Бабков, Александр Дмитриевич",,1489,Male,,
55768512,"Николаев, Сергей Леонидович",,1462,Male,,
522067027,"Воробьев, Александр Павлович",,1448,Male,,
540061043,"Китов, Никита Михайлович",,1431,Male,,
55660150,"Хрипунова, Дарья Алексеевна",,1409,Male,,
55828299,"Штанько, Федор Александрович",,1409,Male,,
540089037,"Загоскин, Алексей Игоревич",,1259,Male,,
570007110,"Загоскин, Степан Игоревич",,1236,Male,,
540086780,"Тимофеева, Алиса Вячеславовна",,1174,Male,,
45013772,"Alex, C Joy",,,Male,1796,
531099777,"Devanandan, M M",,,Male,1611,
33352585,"Sivajith, M M",,,Male,1555,
25924494,"Abhinav, R",,,Male,1475,
10600426,"Labib, Ibrahim Hasan",,2410,Male,,IM
5203180,"Napone, Emerson",,1962,Male,,
12587982,"Fathi Tavani, Farhoud",,1947,Male,,
9402772,"Al-Qudaimi, Abdullah",,1890,Male,,
33440026,"Hari, Vardan Satheeskumar",,1865,Male,,
88170314,"Dahveed, Sibi Kurisinkal",,1799,Male,,
12200310,"Elwali, Gismalla",,1770,Male,,
88162206,"Aswanthram, Sankar Ganesh Kannan",,1747,Male,,
12205192,"Hussein, Siddig Mohamed",,1744,Male,,
88126455,"Ilaan, Shafeek",,1708,Male,,
22009752,"Al Aisaee, Anat",,1680,Male,,
9225200,"B Oun, Omran Saleh",,1678,Male,,
8122261,"Yasser, Hamdan",,1678,Male,,
22003380,"Al Sawafi, Abdul Malik",,1674,Male,,
33438714,"Anush, Bansal",,1631,Male,,
33393516,"Niyola, Pinto",,1627,Male,,
564006808,"Advaya, Gurudas Pejathaya",,1602,Male,,
48779954,"Stuthi, Nayak",,1597,Male,,
537033093,"Yadhukrishna, V",,1582,Male,,
537047310,"Haran, Vaibhav Senthilkumar",,1566,Male,,
547021527,"Saurish, Katare",,1563,Male,,
558082662,"Tejas, Dinesh Kumar",,1544,Male,,
558037047,"Siddhanth, Subramanian",,1543,Male,,
33438579,"Avantika, Priyesh",,1539,Male,,
33454329,"Sloka, Sujith",,1527,Male,,
558048057,"Shrihan, Santhosh Kumar",,1523,Male,,
531053564,"Eshal, Shafeek",,1496,Male,,
537030779,"Aniketh, Sailesh",,1486,Male,,
558014543,"Meenakshi, Madhu",,1477,Male,,
22027114,"Al Mujaini, Mohammed Khalid",,1467,Male,,
22013520,"Al Sabagh, Mohamed",,1458,Male,,
537038141,"Yashkrishna, V",,1439,Male,,
531062539,"Sreenand, Arun",,1438,Male,,
537048341,"Pranav, Kruthik Vijayakumar",,1434,Male,,
429020875,"Neha, Shilesh",,1428,Male,,
547090162,"Muhammed, Iziyan",,1423,Male,,
537035126,"Sreejith, Sudhindra",,1418,Male,,
88170292,"Aadam, Sibi Kurisinkal",,1406,Male,,
558052445,"Aadvay, Hegde",,0,Male,,
564020088,"Aashini, Thalaiselvam",,0,Male,,
564006786,"Abel, Sreejith Mullassery",,0,Male,,
22034153,"Adam, Mahmood Alwahaibi",,0,Male,,
22033939,"Al, Esae Ali Jasim",,0,Male,,
9408380,"Al, Fatih Mohammed Al Harazi",,0,Male,,
22033858,"Al Ghafri, Azzan Khalid",,0,Male,,
22033823,"Al Ghafri, Esahaq Khalid",,0,Male,,
22033831,"Al Ghafri, Haitham Khalid",,0,Male,,
22033840,"Al Ghafri, Mohammed Khalid",,0,Male,,
562038249,"Alipourhafshjani, Masoud,",,0,Male,,
560096500,"Amalou, Wally,",,0,Male,,
564078094,"amritha sinesh,",,0,Male,,
22024549,"Arshan neville hilloo,",,0,Male,,
558079130,"Aryan, Barani",,0,Male,,
564078183,"ashutosh arun baba,",,0,Male,,
564078132,"ayaana ashiq,",,0,Male,,
22023500,"balan venkatesan,",,0,Male,,
429091403,"Cherish, Cherian",,0,Male,,
429084628,"Chetan, Sai Kollipara",,0,Male,,
564020762,"Dakshita, Bawal",,0,Male,,
32025190,"De Andres Marruedo, Gabriel",,0,Male,,
22024557,"DEEPEN VELLLORE,",,0,Male,,
22098542,"devans ramesh,",,0,Male,,
558092196,"Dipanshu, Chowdhury",,0,Male,,
536037354,"Ebrahimi Asl, Vala",,0,Male,,
429091454,"Elon, Peter Dsouza",,0,Male,,
564020061,"Evelin, Rose Rijo",,0,Male,,
575002027,"Fareed, Mohamed Ikram Mohamed",,0,Male,,
547074086,"Hariharan, Vandanapu",,0,Male,,
7979215,"Houamria, Mohamed Radouane",,0,Male,,
7863985,"muhammad mutahhar Qasim,",,0,Male,,
7138415,"Nciri, Lala Fatim Zohra",,0,Male,,
7138423,"Nciri, Sidi Mohamed",,0,Male,,
558079149,"Ohmkar, Sreejith Krishna",,0,Male,,
429094089,"Peter, Dsouza",,0,Male,,
558095330,"Reyan, Ramith Nair",,0,Male,,
564020134,"Ryan, Antony Rijo",,0,Male,,
575002582,"sesandu sasmira goda,",,0,Male,,
111104534,"Shah, Muhammad Mikayeel",,0,Male,,
564078027,"Swaget Joseph,",,0,Male,,
564020002,"Syed, Shafee Ullah",,0,Male,,
547038578,"Tanush, Joshi",,0,Male,,
547000287,"Thiyasika, Kobiga",,0,Male,,
564078019,"vinodh sridharan,",,0,Male,,
575002574,"vinuja Jayawardane,",,0,Male,,
531037623,"Yaswanth, Chezhian",,0,Male,,
24171212,"Ендеров, Владимир",,1773,Male,,
34332324,"Копылов, Юрий",,1634,Male,,
55681794,"Кичигин, Валерий",,1591,Male,,
34240942,"Берестень, Юрий",,1498,Male,,
34240969,"Хафизов, Ринат",,1497,Male,,
34332359,"Мурзагулов, Марат",,1496,Male,,
34332340,"Лизунов, Александр",,1488,Male,,
34379487,"Немчинов, Александр",,1472,Male,,
34332367,"Сазонов, Владимир",,1448,Male,,
522035710,"Лихачев, Сергей",,1429,Male,,
34104019,"Сахаутдинов, Газизьян",,1429,Male,,
54117518,"Тюленев, Виктор",,1389,Male,,
34154075,"Гуц, Виктор",,1362,Male,,
34332316,"Гусев, Григорий",,1166,Male,,
42214750,"Stan, Dante-Alexandru",,1754,Male,1788,
42208637,"David, Damian Petru",,1661,Male,,
42257603,"Oancea, Iustin",,1559,Male,,
23415827,"Dogaru, Lavinia-Karis",,1538,Female,,
42238790,"Timaru, Ariana-Teodora",,1510,Male,1510,
42239664,"Bodescu, Maria-Eveline",,1485,Female,,
42229278,"Armanu, Casian-Diodor",,1451,Male,,
42226511,"Calcaianu, Maria",,1436,Female,,
42253110,"Mocanu, Darius-Andrei",,1421,Male,,
42215021,"Buhosu, Victor-Iustin",,1415,Male,1404,
42239630,"Abageru, Teodor",,901,Male,,
42248981,"Voaides Cajban, Gabriela Ariana",,800,Female,,
42257182,"Pislariu, Elisa-Maria",,701,Female,,
1208349,"SANDOR, Petrut",,2188,Male,,
904090,"AZARIC, Slavko",,2182,Male,,FM
1155296,"MROZOWSKI, Patryk",,2168,Male,,CM
13900854,"BARGAN, Sergiu",,2160,Male,,IM
1250019,"KORCSEK, Alexandru-David",,2160,Male,,CM
34148116,"STOYKO, Oleh",,2160,Male,,
945560,"MITIC, Milan",,2136,Male,,
1203100,"HRISTODORESCU, Daniel",,2116,Male,,FM
1208810,"VOITEANU, Cristian-Gabriel",,2113,Male,,FM
12811700,"POVILAITIS, Tomas",,2111,Male,,
799831,"KOVACS, Kristof",,2109,Male,,
1222040,"PAVEL, Sebastian-Ionut",,2102,Male,,CM
778206,"VIRAG, Balint",,2100,Male,,
1230190,"ILONCZAI, Levente-David",,2097,Male,,CM
13912690,"IVARLAC, Vladislav",,2088,Male,1869,
6605290,"SCHNELL, Sebastian Narayana",,2085,Male,,CM
1241575,"BALABAN-VOIA, Alexandru",,2083,Male,,
1227556,"URSAN, Petru-Sebastian",,2082,Male,,CM
14195054,"DOVHAN, Artem",,2072,Male,,
14176220,"KHRINOVSKYI, Yurii",,2064,Male,,
720950,"PUSKAS, Andras",,2043,Male,,
913219,"POLEKSIC, Dusan",2078,2031,Male,,
1231669,"SABAU, Beniamin-Anghel-Claudiu",,2014,Male,,
34136037,"CHUNYS, Yurii",,1998,Male,,
1208543,"BONTE, Arghir",,1974,Male,,CM
34132996,"POHORETSKYI, Vitalii",,1971,Male,,
1239090,"VENETEANU, Mihai",,1966,Male,,
13913794,"PADURE, Dragos-Alexandru",,1930,Male,,
1274295,"VELCHEREAN, Vasile-Adrian",,1923,Male,,
712523,"HASZON, Abel",,1914,Male,,
13610481,"TODASHVILI, Mate",,1902,Male,,
1210165,"SAMU, Sorin-Mihai",,1901,Male,,CM
13908197,"BARGAN, Victoria",,1899,Female,,
1102249,"KASPEREK, Ryszard",,1893,Male,,FM
1298216,"PONTA-FACALET, Zeno-Andrei",,1892,Male,,
1255150,"STINGU, Alin",,1889,Male,,CM
137901,"Ruiz, Pablo Horacio",1767,,Male,1740,
1279726,"DRANGA, Victor-Andrei",,1873,Male,,
21810710,"MIKULA, Michal",,1873,Male,,
1220314,"FERENCZI, Sandor-Levente",,1872,Male,,
34132643,"RAKUBOVCHUK, Danylo",,1869,Male,,
42201608,"TATAR, Marius Lucian",,1865,Male,,
1225146,"PAUL, Marius-Adrian",,1848,Male,,
1254570,"IUGA, Ioan-Alexandru",,1845,Male,,
13306570,"MKRTCHYAN, Arsen",,1813,Male,,
1252186,"PARASCHIV, Gabriel",,1800,Male,,
13311336,"MKRTUMYAN, Robert",,1793,Male,,
1220900,"SANDRU, Nicolae",,1788,Male,,
1290061,"KISS-ROTH, Abel",,1782,Male,,
42216826,"NAGY, David-Ervin",,1782,Male,,
529016134,"BILETSKYI, Oleh",,1760,Male,,
2908255,"KAMENOV, Valentin",,1752,Male,,
42236207,"CORDOS, Lucas",,1750,Male,,
1292781,"KUMAR, Amrit-Darius",,1749,Male,,
1222066,"SCUTARU, Mihai-Alexandru",,1741,Male,,
42216842,"POZNA TOKOS, Bence",,1726,Male,,
1250817,"RUS, Rian-Robben",,1720,Male,,
985643,"ILIC, Vladan V",,1713,Male,,
13910531,"RUDIC, Ciprian",,1712,Male,,
9201020,"STANISAVLJEVIC, Ivan",,1712,Male,,
2503093,"MIRZA, Gabriel",,1706,Male,,
953920,"STEFANOVIC, Marko",,1697,Male,,
1260944,"SANTIMBREAN, Mihnea-Nicolae",,1696,Male,,
1216716,"NEDELCU, Cristian",,1684,Male,,
1205331,Luca Ionel,1932,1988,Male,,CM
1272284,Frent-Lung Gheorghe,1715,1715,Male,,
42233682,Sava Daniel,1689,1656,Male,,
1235192,"SANDOR, Levente",,1647,Male,,
42256747,"CODOREAN, Andrei",,1646,Male,,
42251265,"TURCAS, David-Emil",,1635,Male,,
1288636,"SANTIMBREAN, Bogdan-Iacob",,1629,Male,,
1280813,"TOROK-BRANDUSAN, Darius",,1617,Male,,
42256879,"GOIA, Vlad",,1616,Male,,
42219540,"STANA, Rares-Andrei",,1601,Male,,
34165827,"GRUZDIEVA, Nikol",,1494,Female,,
42218411,"IANIGA, David",,1477,Male,,
13327704,"GASPARYAN, Jivan",,1473,Male,,
1280627,"MOLDOVAN, Alina-Cristina",,1454,Female,,
42242339,"CHIS, Alexandru-Gabriel",,1443,Male,,
13331272,"GHAZARYAN, Samvel A.",,701,Male,,
9263190,"MARINKOVIC, Petar",,701,Male,,
44150105,"Коровяковский, Дмитрий",,1954,Male,,
34173061,"Ермоленко, Виталий",,1938,Male,,
24141461,"Муравьев, Дмитрий",,1879,Male,,
55644376,"Кириченко, Анатолий",,1625,Male,,
55701922,"Вовк, Владимир",,1536,Male,,
34157872,"Петров, Анатолий",,1440,Male,,
23767030,"Komárková, Mája",,,Male,1516,
23777567,"Flídrová, Mariana",,,Male,1147,
23774673,"Čížiková, Klaudia",,,Male,1144,
23776188,"Mourycová, Iva",,,Male,1132,
23777419,"Sochorová, Gabriela",,,Male,1130,
23778989,"Popova, Nikol",,,Male,1095,
23778199,"Hroníková, Stella",,,Male,1086,
23788844,"Školoudová, Agáta",,,Male,1085,
23795549,"Vodičková, Adriana",,,Male,1060,
157759,"Lopez, Hector",1725,,Male,,
23778652,"Žáková, Barbora",,,Male,1048,
23756160,"Stará, Šarlota",,,Male,1008,
23792876,"Fenárova, Alexandra",,,Male,0,
23791764,"Kuželková, Karolina",,,Male,0,
23789590,"Martinkovičová, Lucie",,,Male,0,
23793082,"Trčková, Ema",,,Male,0,
23752661,"Tykalová, Eva",,,Male,0,
23779896,"Vydrová, Lucie",,,Male,0,
2892359,"בכור, אדוה",,,Male,1334,
2892944,"שלומוב, שליו",,,Male,1300,
2884160,"לאלו, יואב",,,Male,1284,
2888980,"שטיינבוק, סם שמואל",,,Male,1274,
2893215,"וולף, שי",,,Male,1269,
2870924,"מלכה, אליה",,,Male,1233,
2892740,"כהן, אורי",,,Male,1219,
2871750,"לייבוביץ, מיה",,,Male,1206,
2893010,"ריין, אברהם",,,Male,1477,
2887452,"בראל, אסף",,,Male,1476,
2888319,"בכר, עומרי",,,Male,1469,
2869853,"אליעזרוב, אייל",,,Male,1467,
2881411,"פיכמן, שון",,,Male,1441,
2893223,"ויסברג, אוריאל",,,Male,1419,
2892340,"הלר, גלי",,,Male,1410,
2865360,"צח, אדר",,,Male,1400,
2893088,"סורפין, יואב",,,Male,1388,
2893029,"דורמן, רועי",,,Male,1387,
2861895,"מטיאש, ישי",,,Male,1812,
2877040,"ינקילביץ, עמית חיים",,,Male,1794,
2862786,"אלינב, דרור",,,Male,1788,
2882060,"ריין, ישראל יהודה",,,Male,1758,
2862387,"ביסה, יאיר",,,Male,1748,
2859475,"עובדיה, אמיר",,,Male,1714,
2894769,"רודין, מיכאל",,,Male,1714,
2853914,"לביא, איתי",,,Male,1677,
2887428,"קס ברגמן, אדם",,,Male,1639,
2886359,"דויטש, יאיר",,,Male,1562,
24170593,"Радьков, Бажен",2113,,Male,,
4107918,"Тойвонен, Александр",2077,,Male,,FM
4161858,"Румак, Михаил",2022,,Male,,
4135792,"Саволайнен, Лев",2008,,Male,,FM
24269484,"Лехтонен, Ярослав",2007,,Male,,
24132551,"Андронов, Михаил",2006,,Male,,
24194786,"Сенюков, Алексей",1953,,Male,,
4107934,"Кравченко, Владимир",1892,,Male,,
34389270,"Попков, Александр",1889,,Male,,
24152218,"Колегов, Андрей",1886,,Male,,
24152200,"Камалов, Рашит",1854,,Male,,
34181854,"Нилов, Владимир",1748,,Male,,
55833896,"Егоров, Владимир",1743,,Male,,
34494383,"Копшин, Станислав",1740,,Male,,
24138088,"Пузыревский, Борис",1730,,Male,,
55859798,"Юрьян, Алексей",1708,,Male,,
55797350,"Туленков, Тимофей",1613,,Male,,
55859542,"Иванов, Максим",1602,,Male,,
34388141,"Иванов, Никита",1572,,Male,,
55888496,"Белячков, Матвей",1569,,Male,,
34494421,"Томашев, Арсений",1560,,Male,,
55730647,"Гашков, Никита",1555,,Male,,
540010260,"Быков, Алексей",1510,,Male,,
522054316,"Кокачев, Иван",1484,,Male,,
540010392,"Пеккарев, Максим",1457,,Male,,
55787819,"Дерябин, Арсений",1452,,Male,,
522093885,"Генералов, Тимур",1411,,Male,,
55797300,"Туленков, Марк",0,,Male,,
540036219,"Гатилин, Александр",0,,Male,,
55759971,"Сенюков, Георгий",0,,Male,,
55859720,"Савельев, Борис",0,,Male,,
34271406,"Рипсов, Сергей",0,,Male,,
570008183,"Чертов, Максим Александрович",,1455,Male,,
522043748,"Шабанов, Дамир Павлович",,1333,Male,,
570003955,"Тихонов, Павел Петрович",,1286,Male,,
51615797,"ŞAHİNOĞLU, ÇINAR",,,Male,1817,
6303765,"SATICI, AYDIN",,,Male,1712,
34566066,"CEVHER, GÖKHAN HULKİ",,,Male,1694,
34569200,"ERDEM, EREN",,,Male,1694,
6363040,"ÖZENER, ARDACAN",,,Male,1692,
51686813,"DÜZGÜN, EGE CAN",,,Male,1664,
525016970,"NADİROĞLU, ARDA",,,Male,1655,
26387220,"USLU, BERKANT",,,Male,1636,
6303919,"ERSOY, EMRE",,,Male,1595,
525039830,"ANGIN, MERT",,,Male,1586,
34561544,"İÇER, SARP",,,Male,1581,
525036459,"HAMAMCI, BERAT",,,Male,1558,
34531289,"GÜNAY, GÖKSU",,,Male,1475,
525017691,"ÖRNEK, BARIŞ",,,Male,1435,
525045725,"KARATAŞ, DENİZ ÇINAR",,,Male,1430,
51618044,"ÇİFTÇİ, MUSTAFA TURAB",,,Male,1400,
51669315,"YAVUZ, EMİR",,,Male,1394,
525037641,"KENDİR, AHMET EMRE",,,Male,1375,
525004581,"ÇAVDAR, METEHAN",,,Male,1273,
26316986,"ÇELTİKCİ, MÜNÜR",,,Male,1264,
51691426,"METE, TOLGA DEMİR",,,Male,1225,
525037650,"OKUMUŞ, MERT",,,Male,1216,
525030833,"ARSLAN, HASAN HÜSEYİN",,,Male,1192,
525035240,"BEYAZAY, YAKUP",,,Male,1191,
525023420,"EREN, MERT",,,Male,1168,
51612488,"ŞAHİN, HÜSEYİN RÜZGAR",,,Male,0,
4530233,"Ivanson, Kristian",,0,Male,,
4535677,"Meerits, Keron",,0,Male,,
4527615,"Kibe, Marten",,1747,Male,,
4530446,"Urm, Ares",,1619,Male,,
4526023,"Kaldoja, Frederik",,1440,Male,,
4525310,"Vinogradov, Jegor",,1012,Male,,
4529383,"Reinup, Reiko",,0,Male,,
4533623,"Vallaste, Kaspar Jan",,0,Male,,
4536096,"Otto, Siim",,1769,Male,,
4530764,"Avaste, Artur Aare",,1532,Male,,
4513282,"Blokhin, Georg",,1480,Male,,
4529677,"Ehandi, Rasmus",,1479,Male,,
4534280,"Rooba, Frank Martin",,1476,Male,,
4530136,"Lumiste, Sade Marie",,1416,Male,,
4530160,"Narva, Els Marie",,0,Female,,
4518705,"Rudiger, Camilla Anna",,1525,Male,,
4528573,"Ionashku, Anneli",,1474,Male,,
4526449,"Meerits, Keitren",,1076,Male,,
4533976,"Ivanson, Anita",,0,Male,,
10604499,"Nashaat, Esam",,2043,Male,,
10606947,"Hassan, Amr",,2013,Male,,
10602232,"Aly, Mohamed",,2012,Male,,
10612041,"Youssef, Fady",,2010,Male,,
54270430,"Magdy Nafei, Jovany",,1948,Male,,
10605240,"Abadalla, Mohamed Kamel",,1941,Male,,
10607226,"Salem, Sameh",,1911,Male,,
10605843,"Abdel Rahman, Noor",,1885,Male,,
10614818,"Naser, Mina",,1875,Male,,
54258022,"Elia Elkes, Bassem",,1873,Male,,
10606939,"Ghandour, Osama",,1856,Male,,
54294541,"Esam Nashat, David",,1824,Male,,
10682490,"Magdy, Michael",,1822,Male,,
54241626,"Mohammed Omar, Kareem",,1817,Male,,
54253853,"Rafek Adel, Mathew",,1814,Male,,
10607439,"Nagdy, Wael",,1810,Male,,
54281814,"Mohamed Ahmed, Ramadan",,1798,Male,,
54258049,"Gad El-Kaream, Mohamed",,1790,Male,,
54290686,"Ragb Youssef, Youssef",,1786,Male,,
54258030,"Fathy Ahmed, Ahmed",,1767,Male,,
54239184,"Amir Fathi, Kirullos",,1757,Male,,
54234751,"Walid Ahmed, Ahmed",,1732,Male,,
10688110,"Ahmed Sedky, Moustafa",,1731,Male,,
54264758,"Hamada Atta, Islam",,1731,Male,,
54262313,"William Sidrak, Bassim",,1731,Male,,
54295785,"Kamal Adeb, Felopater",,1726,Male,,
54239575,"Medhat Maher, George",,1720,Male,,
54239923,"Shihab Lamai, Kirullos",,1703,Male,,
54270391,"Hassan Mahmoud, Waleed",,1701,Male,,
54286930,"Amir Noshy, Philobateer",,1700,Male,,
54282381,"Elmeligy, Amr",,1685,Male,,
54276667,"Andrew Emeel, Evan",,1663,Male,,
54258260,"Michael Wadid, Mina",,1661,Male,,
555001130,"Hesham Fawzy, Keroles",,1629,Male,,
54239460,"Kirullos Louis, Yousef",,1629,Male,,
54275970,"William Sidrak, Baher",,1626,Male,,
54258324,"Mohamed Galal, Mahmoud",,1612,Male,,
54269709,"Mohamed Abd Aljawad, Ahmed",,1608,Male,,
54257760,"Abd-Elnaser Elia, Michael",,1599,Male,,
54270413,"Ishak Beshta, Youssef",,1589,Male,,
54239044,"Abd El-Hamid Amin, Yasser",,1584,Male,,
54239567,"Medhat Maher, Arsani",,1546,Male,,
54239591,"Michael Bassem, Martin",,1524,Male,,
54282780,"Wael Nagdy, Angelous",,1436,Male,,
54239605,"Michael Bassem, Marvel",,0,Male,,
54275954,"Shehata Mohamed, Mohamed",,0,Male,,
14163845,Ihor Tiutiunikov,1887,,Male,,
24681644,Adalbert Leis,1982,,Male,,
4670507,Michael Schaum,1929,,Male,,
24611921,Jürgen Buchäckert,1865,,Male,1891,
12913316,Helmut Härtner,1917,,Male,,
16246276,Peter Leibfried,1913,,Male,,
24606758,Joachim Hiller,1898,,Male,,
24607339,Klemens Ranker,1770,,Male,,
1271720,Reiner Bolz,1666,,Male,,
16279557,Karl Heinz Menges,1804,,Male,,
34681540,Thomas Mohr,1702,,Male,,
16229126,Peter Schmidt,1470,,Male,,
24668389,"Heider, Martin",,2449,Male,,
24608440,"Ollenberger, Roland",,2372,Male,,FM
4696000,"Yakovenko, Oleg",,2279,Male,,
1270610,"Schmidt, Justus",,2264,Male,,
16208471,"Bold, André",,2257,Male,,
12972355,"Musiolik, David",,2249,Male,,
4615573,"Bruch, Jochen",,2245,Male,,FM
12942448,"Syrov, Arkadi",,2244,Male,,FM
24620998,"Commercon, Simon",,2160,Male,,
4648986,"Wolf, Thomas",,2150,Male,,
4675711,"Hürter, Helmut",,2130,Male,,FM
4521773,"Vedernykov, Gennadi",,1619,Male,,
4525884,"Volkov, Dmitri",,1552,Male,,
4525825,"Kangur, Artur",,1665,Male,,
4525396,"Vinogradov, Nikolai",,1643,Male,,
4527348,"Vedeshin, Ivan",,1525,Male,,
4525876,"Seema, Karl",,1494,Male,,
4530152,"Mihhailov, Aleksei",,1469,Male,,
4527224,"Purre, Jaan",,1407,Male,,
4524233,"Lillend, Otto",,1007,Male,,
34613056,"Albert, Marco",,2123,Male,,
12952869,"Huschens, Matthias",,2106,Male,,
12945668,"Wolfer, Joshua",,2080,Male,,
34620982,"Alshihawi, Obai",,2070,Male,,
4656156,"Brittner, Johann",,2061,Male,,
12984272,"Rölle, Philipp",,2038,Male,,
34611274,"Klein, Levent",,2029,Male,,
12992232,"Schreck, Michael",,2015,Male,,
12938866,"Tresch, Lukas",,2015,Male,,
24637009,"Piechot, Steffen",,2012,Male,,
24687839,"Diesenhof, Michael",,2003,Male,,
3100430,"Tanco Correa, Daniel",,1999,Male,,
4616430,"Stock, Andreas",,1997,Male,,
12925900,"Quarz, Paul",,1990,Male,,
4646576,"Müller, Markus",,1985,Male,,CM
1270089,"Yakovenko, Denis",,1971,Male,,
12959618,"Mohammed, Amin",,1960,Male,,
533064261,"Hesse, Kevin",,1948,Male,,
24628352,"Engel, Johannes",,1947,Male,,
16208528,"Frohnhäuser, Simon",,1934,Male,,
533017212,"Majumdar, Rajit",,1934,Male,,
16244486,"Scherer, Josua",,1914,Male,,
1271756,"Göbel, Martin",,1890,Male,,
1271732,"Gerhardt, Pascal",,1858,Male,,
533066183,"Mikayelyan, Mher",,1836,Male,,
34659994,"Latka, Kacper",,1824,Male,,
34623515,"Roth, Jonas",,1799,Male,,
34680128,"Gorzedowski, Jan Gregor",,1782,Male,,
24635960,"Weller, Werner",,1779,Male,,
34640436,"Hahn, Julian",,1775,Male,,
533037388,"Mikayelyan, David",,1775,Male,,
34658386,"Balluch, Emanuel",,1765,Male,,
34699244,"Usinger, Ben",,1742,Male,,
1271932,"Windecker, Thomas",,1733,Male,,
12986046,"Queling, Mark",,0,Male,,
533013985,"Willems, Lasse",,1719,Male,,
34697810,"Hoof, Daniel",,1702,Male,,
34694080,"Sauer, Arne",,1676,Male,,
13411845,"Hajiyev, Eldar",,1651,Male,,
533045208,"Pascual, Noah",,1642,Male,,
34680136,"Gorzedowski, Adam Leon",,1615,Male,,
34667849,"Wild, Germa",,0,Male,,
533058750,"Shkliar, Dmitro",,0,Male,,
533078483,"Sauer, Wolfgang",,0,Male,,
533072400,"Heß, Henrik",,0,Male,,
22514325,"Mashi, Houshang",,,Male,1866,
22527745,"Noroozi, Mohammad",,,Male,1865,
22519009,"Ashrafi, Gholamreza",,,Male,1753,
12579734,"Ashrafi, Seyyed Erfan",,1746,Male,,
12577561,"Mahmoodi, Samad",,,Male,1698,
12509027,"Arjmand, Aliasghar",,,Male,1624,
42540186,"Shahamat Manesh, Morteza",,,Male,1593,
32767757,"Dehghan, Aliakbar",,,Male,1585,
32717229,"Khademi, Mahdi",,,Male,1584,
536065269,"Rezvani, Hossein",,,Male,1552,
562015516,"Rasekhi, Amirhosein",,,Male,1551,
22582967,"Mazarei, Mehrdad",,,Male,1537,
428060865,"Rahpimaie, Hamid",,,Male,1522,
42553857,"Davani, Shokrollah",,,Male,1507,
42538130,"Razavi, Mohammad Sadegh",,,Male,1493,
536023957,"Eskandari, Khodadad",,,Male,1470,
428060830,"Mazarehei, Fatemeh",,,Female,1463,
32788460,"Jokarian, Ava",,,Female,1449,
12557099,"Rasti, Mohamad Hasan",,,Male,1443,
536044830,"Mohammad Salehi, Ali Reza",,,Male,1426,
536044822,"Mahmoodi, Reza",,,Male,1410,
42766788,"Ghermezi, Amirabbas",,,Male,1406,
36795437,"Diyanati Nasab, Mohammad Yasin",,,Male,0,
536065226,"Khademi, Radin",,,Male,0,
428060873,"Sardari, Mohammad Reza",,,Male,0,
536024023,"Zahrabi, Hadis",,,Female,0,
540015793,"Шабанов, Даниил Павлович",,1335,Male,,
23762195,"Balmuš, Alexa",,,Female,1265,
23776200,"Dvořák, Adam",,,Male,1194,
23775432,"Torhan, Václav",,,Male,1098,
23776218,"Faltysová, Mia",,,Male,1058,
23797169,"Krejčík, Radek",,,Male,1066,
23791500,"Fadrný, Johan",,,Male,1023,
23789255,"Háša, Martin",,,Male,0,
23762241,"Korityáková, Sára",,,Female,0,
23789387,"Mácha, Vít",,,Male,0,
23789557,"Valmasoni, Otakar",,,Male,0,
145394,"Poci, Pedro",1706,,Male,,
23744936,"Hujová, Tess",,,Female,1558,
23744200,"Mauric, Jan",,,Male,1531,
23777672,"Kmínek, Kryštof",,,Male,1385,
23759860,"Jeníková, Sabina",,,Female,1369,
23776145,"Kadlecová, Kateřina",,,Female,1319,
23797126,"Kohout, Filip",,,Male,1260,
23798947,"Novák, Mikuláš",,,Male,1229,
23794100,"Hrebíček, Tibor",,,Male,1210,
23762179,"Besleaga, Ala",,,Female,1183,
23785918,"Kapcala, Jakub",,,Male,1141,
23791462,"Austin, Robin",,,Male,0,
23776480,"Švarc, Matěj",,,Male,0,
55871267,"Абушаев, Иван Владимирович",,,Male,1275,
540088170,"Галстян, Давид Варданович",,,Male,1220,
522067140,"Афанаскина, Есения Дмитриевна",,,Male,1120,
14985187,"Bartal, Alex",,1607,Male,,
14996022,"Havir, Adam",,1607,Male,,
14993147,"Chlupik, Michal",,1589,Male,,
14996340,"Simek, Samuel",,1535,Male,,
14989522,"Palkova, Adriana",,1482,Female,,
14974606,"Kudolani, Lukas",,1466,Male,,
14996103,"Portasik, Dominik",,1261,Male,,
14995867,"Kralik, Eduard",,1197,Male,,
14983710,"Buranova, Julia",,1051,Female,,
14992930,"Janeka, Jan",,1017,Male,,
549005758,"Ciganek, Frederik",,1000,Male,,
549005685,"Komorny, Tomas",,1000,Male,,
14995875,"Kralik, Tomas",,1000,Male,,
549004417,"Lackovic, Sebastian",,1000,Male,,
549000497,"Peknik, Juraj",,1000,Male,,
549004204,"Smolarcik, Juraj",,1000,Male,,
23753544,"Bartak, Tobias",,,Male,1579,
549003526,"Uhrik, Samuel",,1000,Male,,
55763162,"Колбычева, Анастасия",,1455,Female,,
522093923,"Заморская, Анна",,1436,Female,,
522031545,"Величко, Ольга",,1405,Female,,
522038302,"Малинова, Наталья",,1400,Female,,
540085759,"Кирку, Александра",,1520,Female,,
522061347,"Собчук, Мария",,1400,Female,,
55833462,"Кадыров, Артур",,1851,Male,,
55833454,"Исмаилов, Ришат",,1853,Male,,
522034196,"Артушенко, Леонид",,1653,Male,,
55833519,"Куценко, Владислав",,1594,Male,,
522061266,"Дворников, Михаил",,1436,Male,,
540093689,"Павленко, Аркадий",,1400,Male,,
651022869,"GONZALEZ DE LINARES, Milan",,1957,Male,,
45184542,"SADOV, Vladimir",,1932,Male,,
20666349,"MASSARDO, Quentin",,1922,Male,,
45157820,"MOUHIEDDINE, Hocine",,1818,Male,,
651099497,"BARBARESCO, Achille",,1740,Male,,
36014036,"MARCHIS MOUREN, Emma",,1629,Male,,
551089491,"PLAINE, Baptiste",,1618,Male,,
653022424,"DETRAMASURE, Theo",,1583,Male,,
653096029,"VERLINGUE, Brewen",,1579,Male,,
80470645,"SCHREIBER PITOT, Beryl",,1570,Male,,
26052539,"MASSARDO, Sebastien",,1519,Male,,
653026160,"MOTTE VOISIN, Eden",,1507,Male,,
652017451,"DEMELAS, Anais",,1497,Male,,
551010801,"ROCHAS, Valery",,1482,Male,,
653078276,"DETRAMASURE, Jonathan",,1473,Male,,
653039220,"OLLIER, Yoann",,1466,Male,,
651083655,"BOSSEAU CASSAN, Romeo",,1453,Male,,
80435955,"DURAND, Antoine",,1445,Male,,
527072720,"GRONDIN, Camille",,1434,Male,,
651082683,"TAKADA, Soshiro",,1420,Male,,
80428495,"MATARAZZO, Eliott",,1417,Male,,
653007514,"MOUHIEDDINE, Marouane",,1406,Male,,
560008750,"GIRAUD, Theo",,1399,Male,,
80441416,"NOBLET, Robin",,1070,Male,,
653064372,"MARCHADIER, Emile",,999,Male,,
80495486,"DETRAMASURE, Axel",,980,Male,,
653064380,"MARCHADIER, Lucien",,900,Male,,
651082659,"JOLY, Robin",,810,Male,,
527064220,"ADARSH, Aryan",,799,Male,,
527028666,"D'ADHEMAR DE LANTAGN, Camille",,799,Male,,
544010249,"DEMAILLE, Guy",,799,Male,,
560033908,"HERNANDEZ, Pablo",,799,Male,,
36731587,"Rasouli, Arad",,1453,Male,,
428048628,"Rostami, Kian",,1442,Male,,
428044401,"Azmoodeh, Parnia",,1422,Male,,
562037765,"Amin Manesh, Koorosh",,0,Male,,
536000477,"Amiri, Arshan",,0,Male,,
536098191,"Kalhori, Delaram",,0,Male,,
428027574,"Moradian, Saman",,0,Male,,
349500,"Kozusek, Daniel",,2274,Male,,FM
2265427,"Camacho Collados, Jose",,2162,Male,,IM
1106457,"Toczek, Grzegorz",,2124,Male,,FM
1800388,"Gilbert, Jonathan A.",,2002,Male,,
1803182,"Jukes, Sam",,1872,Male,,
1806408,"Scarpignato, Samuele",,1857,Male,,
1805983,"Korovski, Georgi",,1836,Male,,
1805827,"Bevan, Paul",,1828,Male,,
1801155,"James, Dai",,1828,Male,,
1806580,"Bani Hani, Madged",,1793,Male,,
451010,"Sipho, Donovan",,1781,Male,,
1806220,"Belochkin, David",,1734,Male,,
1805657,"Mcghee, David",,1733,Male,,
1806513,"Murthy, Arush",,1727,Male,,
1803948,"Hammett, Scott",,1722,Male,,
1806262,"Hannigan, Jack",,1715,Male,,
34163913,"Sharhorodsky, Yaroslav",,1713,Male,,
1808320,"Bartlett-Davis, Otto",,1699,Male,,
1805770,"Hanczar, Csege",,1693,Male,,
1805690,"Anandkumar, Govind",,1675,Male,,
1806238,"Enoch, Stuart",,1616,Male,,
1805975,"Hollyman, Mike",,1613,Male,,
1807170,"Archibald, Mckenzie",,1612,Male,,
1809970,"Jones, Archie",,1601,Male,,
1807480,"Williams, John A",,1593,Male,,
1805630,"Ramzan, Timur",,1588,Male,,
1805118,"Choudhuri, Rishi",,1570,Male,,
1806548,"Zhuravlev, Andrei",,1548,Male,,
1807765,"Jones, Ellis Tudor",,1536,Male,,
1806254,"Hannigan, Ben",,1516,Male,,
1806416,"Liu, Yimo",,1431,Male,,
1806521,"Mandadapu, Raga Sreya",,1426,Male,,
1809121,"Are, Jai Hrithvik Adithya",,1411,Male,,
1810197,"Green, Joey",,1373,Male,,
1809490,"Mandadapu, Akshara",,1340,Male,,
1806556,"Hanczar, Mabon",,1310,Male,,
1809571,"Jeczalik, Julian",,1310,Male,,
1810251,"Nagari, Virat",,1310,Male,,
5900212,"Kotronias, Vasilios",2370,,Male,,GM
25825011,"Stefanou, Dimitrios",2333,,Male,,FM
25825003,"Stefanou, Konstantinos",2262,,Male,,FM
12979414,"Lichtmannecker, Daniel",2214,,Male,,CM
42105293,"Bougas, Georgios",2136,,Male,,
7904169,"Araoune, Saadi",2115,,Male,,FM
4217004,"Nemtsas, Hristoforos",2025,,Male,,
16222040,"Hammerl, Jonas",2021,,Male,,
4203399,"Vlassis, Georgios",2018,,Male,,FM
4207750,"Stefanidi, Maria-Anna",1995,,Female,,WFM
25831470,"Tsilidis, Christos",1979,,Male,,
42168660,"Antonakis, Leonidas",1965,,Male,,
4200624,"Kofidis, Spyridon",1964,,Male,,
4212150,"Gkonelas, Nikolaos",1936,,Male,,
6317073,"Isik, Recep",1936,,Male,,
4215397,"Koronas, Vasilios",1894,,Male,,
16254716,"Rick, Niklas Corvin",1875,,Male,,
42143772,"Petkaki, Danai",1866,,Female,,
4235355,"Karagiannis, Thomas Aristotelis",1854,,Male,,
4202015,"Sklavounos, Panayotis",1849,,Male,,
4210042,"Tzamtzis, Konstantinos",1841,,Male,,
42160758,"Asvestopoulos, Sergios",1839,,Male,,
4218531,"Mihtis, Theodoros",1813,,Male,,
13744950,"Diaskyzy, Daliya",1808,,Female,,
42168139,"Tsarouchas, Athanasios",1802,,Male,,
42168880,"Vlachavas, Athanasios",1794,,Male,,
25835700,"Chatzipolitis, Georgios",1785,,Male,,
51697548,"Gokce, Alperen",1779,,Male,,
541031881,"Stefos, Ioannis Damianos",1729,,Male,,
42199662,"Kougkoulis, Christos Orfeas",1707,,Male,,
4289293,"Kranas, Marios",1702,,Male,,
4205464,"Sklavounos, Panagis",1701,1653,Male,,
51699630,"Edebale, Can Muhammet",1700,,Male,,
51637448,"Pehlivan, Metehan",1697,,Male,,
4214641,"Mengoulis, Konstantinos",1695,,Male,,
42168953,"Arampatzis, Christos",1692,,Male,,
51693852,"Ilbeyi, Demir Arslan",1692,,Male,,
4219619,"Koukouvinos, Vasilis",1690,,Male,,
533074046,"Brauer, Joshi",1689,,Male,,
541000560,"Ntougkos, Dimitrios",1656,,Male,,
42137527,"Gialelis, Konstantinos",1653,,Male,,
42188504,"Papathanasiou, Evangelos",1651,,Male,,
23000198,"Nunez, Daniel",1633,,Male,,
42181291,"Kostakis, Georgios",1609,,Male,,
20039123,"Alzugaray, Luciano",1703,,Male,,
42172993,"Vorria, Foteini Christina",1602,,Female,,
42145562,"Mavidis, Christos",1597,,Male,,
42171148,"Di Giorgio, Victor",1590,,Male,,
4272617,"Irakleidis, Christos",1590,,Male,,
4273630,"Vlassis, Miltiadis",1587,,Male,,
34686410,"Jendryschik, Lina",1581,,Female,,
525015923,"Koc, Poyraz",1581,,Male,,
25862359,"Siouris, Michail",1579,,Male,,
25800531,"Flouri, Maria",1577,,Female,,
42156106,"Zacharis, Lampros",1573,,Male,,
42163960,"Karampelas, Anastasios",1572,,Male,,
4247892,"Hatzopoulos, Alexandros",1556,,Male,,
25866460,"Vlachopoulou, Isavella Maria",1543,,Female,,
42129605,"Siskou, Georgia",1541,,Female,,
525004166,"Yuksel, Umay Defne",1541,,Female,,
4267753,"Maritsis, Zisis",1534,,Male,,
42119650,"Stavropoulos, Odysseas P",1526,,Male,,
4202341,"Papadopoulou, Melissa",1524,,Female,,
42120969,"Papapanagiotou, Achilleas",1522,,Male,,
23001054,"Nunez, Leon",1516,,Male,,
42180015,"Papadopoulos, Anastasios Sp",1513,,Male,,
42199123,"Taktikos, Nikiforos",1506,,Male,,
42195349,"Sha, Alan",1505,,Male,,
4263979,"Kiriakakis, Vasilios",1502,,Male,,
4219643,"Koutidis, Athanasios",1500,,Male,,
42158095,"Mengouli, Foteini",1500,,Female,,
42190266,"Polioras, Stamatios",1499,,Male,,
42168678,"Stefanis, Stefanos G",1496,,Male,,
42156114,"Karagiannakis, Dimitrios",1495,,Male,,
42105242,"Bougas, Theodoros",1492,,Male,,
42186331,"Vangias, Konstantinos",1492,,Male,,
7948581,"Djerroud, Adam",1482,,Male,,
541011813,"Daferera, Eleni",1479,,Female,,
25832948,"Papathanasiou, Konstantinos Arg",1469,,Male,,
42168058,"Malamousi, Evanthia",1452,,Female,,
42188032,"Papagrigoriou, Evangelos",1451,,Male,,
42195071,"Moutzouris, Ioannis",1440,,Male,,
541010647,"Poliora, Aikaterini Sofia",1438,,Female,,
42129591,"Siskos, Vasileios P",1435,,Male,,
7951485,"Ymmeli, Ilian",1430,,Male,,
541000064,"Mamasi, Michaela",1428,,Female,,
541011821,"Daferera, Theano",1426,,Female,,
5913047,"Konnaris, Ploutarchos",1425,,Male,,
4240111,"Chiras, Christos",1423,,Male,,
4289170,"Dimopoulos, Christos",1423,,Male,,
42168040,"Malamousi, Georgia",1422,,Female,,
541022050,"Dafereras, Spyros",1420,,Male,,
42166748,"Mallia, Vasiliki",1416,,Female,,
42193885,"Stefanis, Georgios",875,,Male,,
541004817,"Arampatzis, Athanasios",870,,Male,,
42199085,"Douka, Anastasia",864,,Female,,
541010329,"Asvestopoulou, Melina",830,,Female,,
25882031,"Karavelaki, Zoi",800,,Female,,
42151287,"Simaiaki, Sofia",800,,Female,,
7982712,"Bouhafs, Koussaila",0,,Male,,
13543334,"Chachkouskaya, Albina",0,,Female,,
541028511,"Chrysostomou, Georgios",0,,Male,,
11521422,"Deeb, Ali",0,,Male,,
7982747,"Demouche, Mouloud",0,,Male,,
42146356,"Evangelinos, Konstantinos",0,,Male,,
7904568,"Fermas, Walid",0,,Male,,
541017056,"Foteri, Melpomeni",0,,Female,,
525040944,"Gokcek, Oguz Ayaz",0,,Male,,
525033735,"Gulbaz, Yagiz",0,,Male,,
7982720,"Haddadou, Sabrina",0,,Female,,
336112424,"Kalashnikov, Sebastian",0,,Male,,
7868332,"Kashif, Khalid",0,,Male,,
541028775,"Kontas, Eleftherios",0,,Male,,
5909430,"Netepenko, Maxim",0,,Male,,
541028600,"Pantzios, Christos",0,,Male,,
541015231,"Papoutsakis, Konstantinos Paraskevas",0,,Male,,
42199115,"Raftopoulos, Dimitrios Ioannis",0,,Male,,
525052829,"Sarica, Masal",0,,Female,,
541003233,"Stefani, Konstantina",0,,Female,,
7982690,"Tamsaout, Lakhdar",0,,Male,,
541016661,"Tsarouchas, Foivos",0,,Male,,
55777031,"Zhadanov, Alexandr Y",0,,Male,,
4123271,"Кедров, Валерий Викторович",,1882,Male,,
4123620,"Гольдберг, Леонид Семенович",,1840,Male,,
4143639,"Цейтлин, Семен Борисович",,1700,Male,,
4192427,"Цыбаков, Сергей Анатольевич",,1657,Male,,
4108272,"Маслов, Андрей Борисович",,1616,Male,,
55819982,"Андриянов, Анатолий Владимирович",,1574,Male,,
34112070,"Бурлыкин, Юрий Николаевич",,1496,Male,,
34179981,"Камчатский, Анатолий Иванович",,1365,Male,,
44577702,"YILDIRIM, KEMAL",2252,,Male,,
26314258,"KÖLE, ARDA",2238,,Male,,
44561237,"PAŞA, AHMET",2233,,Male,,
44559070,"ŞEKER, GÖKHAN",2099,,Male,,
26369745,"İLGİLİLER, BERTUĞ",2073,,Male,,
44582080,"TUMBURİ, EMİR",2055,,Male,,
26321483,"ŞEB, EMRE",2028,,Male,,
51674572,"BAŞARIR, FURKAN",1959,,Male,,
44594747,"YURTAL, FURKAN",1937,,Male,,
81485735,"Baldeon Huallpa, Alejandra Mikaela",0,0,Female,,
525004549,"AYDIN, MUSTAFA KEMAL ATA",1920,,Male,,
26315335,"ÇIKA, DESTİNA ÇINAY",1916,,Male,,
525010336,"SAYAN, UZAY",1866,,Male,,
51640511,"ÇİÇEK, DENİZ İSMAİL",1822,,Male,,
51695898,"ESKİKÖY, AKASYA",1777,,Male,,
525010344,"ÖZKOÇÇATLI, ERKİN",1722,,Male,,
525010484,"MERTGÖZ, ADEM",1714,,Male,,
51684039,"ÖZDOĞAN, BORAN",1574,,Male,,
13711644,"Isanzhulov, Arystan",,2480,Male,,IM
13706357,"Zhalmakhanov, Ramazan",,2457,Male,,GM
13739026,"Skak, Abuali",,2053,Male,,
13789554,"Khen, Andrey",,2030,Male,,
13706829,"Dosov, Adil",,1985,Male,,
13726471,"Tynyshtyk, Diana",,1946,Female,,WFM
447014199,"Adilbek, Adinur",,1919,Male,,
13781936,"Aitzhan, Karim",,1913,Male,,
447001348,"Altairuly, Almir",,1871,Male,,
13792709,"Mamesh, Adiya",,1785,Male,,WCM
13731661,"Kozhakhmetov, Sultan",,1764,Male,,CM
13785028,"Khati, Tailan",,1737,Male,,
13795759,"Mukashev, Alan",,1718,Male,,
13739930,"Moldashev, Alim",,1654,Male,,
13762516,"Amangeldinov, Alibek",,1632,Male,,
447001283,"Kairat, Abdul-Malik",,1627,Male,,
447053380,"Onaibek, Abzal",,1626,Male,,
447000252,"Nazdrachev, Marat",,1558,Male,,
13770772,"Shomanova, Adiya",,1556,Male,,
447053291,"Aman, Miras",,1544,Male,,
447037482,"Apenova, Yasmin",,1534,Male,,
447003707,"Ibadulla, Mardan",,1520,Male,,
447002565,"Abdirey, Liya",,1519,Male,,
447003200,"Shomanova, Amira",,1515,Male,,
447034394,"Kambargali, Yelnar",,1475,Male,,
447078413,"Altairuly, Arulan",,0,Male,,
13795511,"Kayirgeldy, Assylzhan",,1712,Male,,
11513110,"Radwan, Mahmoud J",,1913,Male,,
11502231,"Salama, Taher",,1884,Male,,
11502100,"Dawabsha, Taha",,1878,Male,,
11504366,"Abedraboh, Saed",,1857,Male,,
11501812,"Shbaita, Uqba",,1857,Male,,
11504196,"Salameh, Samer",,1856,Male,,
11520507,"Salah, Jafar",,1844,Male,,
11504145,"Ibraheem, Mustafa",,1744,Male,,
11506458,"Yadak, Husam",,1713,Male,,
11501073,"Bezor, Tarek",,1687,Male,,
11506636,"Dawabsha, Alaa",,1678,Male,,
11525673,"Abdelrazeq, Jad",,1654,Male,,
11525614,"Salman, Mohammed",,1612,Male,,
11513284,"Abd Rabbo, Salem",,1604,Male,,
11517344,"Masalha, Mohammad",,1574,Male,,
11507594,"Omar.R, Abo Snober",,1515,Male,,
11519320,"Dawabsha, Ameed",,1472,Male,,
11525983,"Abdelrazeq, Karim",,0,Male,,
11525339,"Abu Alsoud, Yousef",,0,Male,,
11526122,"Abu Tammam, Osama",,0,Male,,
11526270,"Amer, Estabraq",,0,Male,,
11526289,"Amer, Maymouna",,0,Male,,
11526297,"Amer, Mohammad",,0,Male,,
11526300,"Amer, Rawnaq",,0,Male,,
11519312,"Dawabsha, Amro",,0,Male,,
11525851,"Hijjami, Tayseer",,0,Male,,
11500514,"Joudy, Joudy",,0,Male,,
11525568,"Kilani, Mohammed",,0,Male,,
11515538,"Salman, Ali Zyad",,0,Male,,
11507713,"Sohaib, Abdelrazeq",,0,Male,,
11525703,"Taher, Taher",,0,Male,,
81425546,"Cueva Soriano, Ian Mathias",0,,Male,,
81484534,"Torres Amaya, Cristofer Leonardo",0,,Male,,
5225922,"Sarmiento, David Ray",,,Male,2034,
34641084,"Pitz, Lukas",,,Male,1743,
16243358,"Payes, Marco",,,Male,1681,
16294548,"Limbourg, Alexander",,,Male,1657,
34648690,"Yilmaz, Deniz",,,Male,1579,
16295668,"Tarasenko, Alexander",,,Male,1546,
34662022,"Schlenkert, Ralf",,,Male,1450,
34622675,"Mauer, Heike,Dr.",,,Male,1409,
24671908,"Memmeler, Björn",,,Male,1409,
533046026,"Bredhauer, Arthur",,,Male,1391,
533034206,"Panickerkandy, Surya",,,Male,1362,
533034214,"Panickerkandy, Aaditya",,,Male,1359,
533025983,"Augustin, Luisa",,,Male,1348,
533022615,"Do, Minh Tung",,,Male,1340,
533000557,"Jain, Shreyaance",,,Male,1317,
12958190,"Klees, Robert",,,Male,1316,
34693653,"Kuznetsova, Sofia",,,Male,1306,
533046069,"Dietrich, Markus",,,Male,1280,
533041660,"Tappert, Rainer",,,Male,1227,
34679405,"Klingeberg, Romina",,,Male,970,
533044309,"Lahmar, Jonas",,,Male,876,
81462085,"Bejarano Cardenas, Luana Alessia",0,,Female,,
81466463,"Gomez Ricapa, Adil Dilan Leao",0,,Male,,
81469209,"Onofre Cano, Santiago Alejandro",0,0,Male,,
81453442,"Munarriz Ore, Karl Christopher",0,1564,Male,,
81439946,"Paucar Vasquez, Mateo Luhel",1499,1476,Male,,
81412363,"Munoz Escalante, Steven Sebastian",0,1464,Male,,
81404972,"Jorge Gonzales, Marcelo",1446,1418,Male,,
81424825,"Aguilar Perez, Ghaelo Vincent",0,0,Male,,
81470754,"Bazan Bravo, Schneider Leithold",0,0,Male,,
81482116,"Hinostroza Chacon, Alanelkin Michael",0,0,Male,,
81466757,"Lastra Hidalgo, Gabriel Mikel",0,0,Male,,
81483562,"Quinto Gavilan, Kenneth Andre",0,0,Male,,
81457480,"Vasquez Perez, Stiven Patrick",0,0,Male,,
81403615,"Rocca Lino, Rafael Antonio Enki",1753,1601,Male,,
81433654,"Cozme Quispe, Mathias Adrian",1630,1475,Male,,
9214482,"Colovic, Vuk",,,Male,,
81435339,"De La Cruz Contreras, Jesus Adrian",0,,Male,,
81485441,"Otazu Flores, Emmanuel",0,,Male,,
133957,"Fernandez, Antonio Omar",1624,,Male,,
81463960,"Morales Vilchez, Daphne Daian",0,,Female,,
81435657,"Villegas Villaverde, Ximena Valeria",0,,Female,,
81415486,"Culli Villena, Azumi Alexia",0,,Female,,
81484623,"Galvez Puente, Jhamil Temis",0,,Male,,
81410700,"Ricapa Cavero, Thiago Liam",1440,,Male,,
3877167,"Refulio Ccahuana, Amy Andrea",1433,,Female,,
81437129,"Gutierrez Flores, Emily Cielo",0,,Female,,
81421826,"Lopez Ricapa, Dahna Alessandra",0,,Female,,
3899870,"Mauricio Teccsi, Yaaziel Zan",0,,Male,,
25047191,Mehta Jwalin,,,Male,1958,
25774697,Sathwik D S S U,,,Male,1938,
33411905,Saranya Devi Narahari,,,Male,1927,WFM
46649484,Karthik Sai Ch,,,Male,1872,CM
33326150,Sree Shaunak Chanda,,,Male,1848,
25174657,Sri Charan Sandipagu,,,Male,1833,
33401195,Tijil Singh,,,Male,1768,
25984446,Yashvi Jain,,,Male,1745,
33385106,Nithik Reddy Bhavanam,,,Male,1737,
25102460,Vedant A Agarwal,,,Male,1684,
25097970,Mangal Prasad,,,Male,1681,
33389454,Modipalli Deekshitha,,,Male,1643,WCM
45037647,Akavaram Aashish Reddy,,1626,Male,,
33391017,Patlolla Indra Reddy,,,Male,1595,CM
25190920,Narahari Aishwarya,,,Male,1577,
547064013,Samarth Chougule,,,Male,1574,
33411468,Akshaya Narahari,,,Male,1566,
429033888,Imadabattini Joel,,,Male,1562,
547042923,Dhruv Srivastava,,,Male,1553,
48747360,Tarun Sai Thota,,,Male,1549,
25789651,Thota Jovenkataraman,,,Male,1538,
547043164,Vidush Nandan Sriramula,,,Male,1522,
564031772,Aradhya Kurra,,,Male,1514,
531013791,Sayyadh Raudah,,,Male,1500,
531059783,Sai Anshitha Puvvala,,,Male,1494,
429010128,Rishika Janga,,,Male,1493,
429066336,Sai Anirudh Gandham,,,Male,1487,
429039258,Athreya Ramkumar,,,Male,1486,
547090383,Maroju Vijaya Bhaskarachary,,,Male,1480,
48746380,Vamshika Boga,,,Male,1478,
531083706,Police Sathwik Reddy,,,Male,1475,
531010512,Thriaansh Sai Motor,,,Male,1461,
564059375,Dharavath Arushi,,,Male,1457,
88196879,Satvik Yalla,,,Male,1433,
33452253,Siddharth Chodisetti,,,Male,1429,
88188612,Anushka Manoj Kumar,,,Male,1424,
33492336,Tamoghna Suhas Alavala,,,Male,1413,
537013815,Ramanarayana Murty Chebolu,,,Male,1408,
33400261,Srivarshini Tanmayi Tadinada,,,Male,1407,
531013538,Kenith Urla,,,Male,1406,
537093096,Akshaj Kasanneni,,,Male,0,
547039248,Avaneesh Sairishi Ponnada,,,Male,0,
537005553,Dundi Ganesh Karthikeya Hruthwik Kur,,,Male,0,
537077325,Gantem Medhansh Aakash,,,Male,0,
531010199,Gantem Shouri Aryan,,,Male,0,
531059740,Hyma Sanvitha Srikaghollapu,,,Male,0,
81459483,"Portocarrero Lopez, Gael Gonzalo",1436,1436,Male,,
81470762,"Bazan Bravo, Ariana Sofia",0,0,Female,,
81468830,"Brena Chamorro, Daniel Angel",0,0,Male,,
81424841,"Contreras Ledesma, Edgar Ricardo",0,0,Male,,
81404433,"Eng Sulluchuco, Luciana Emma",0,0,Female,,
81469616,"Felix Masgo, Maya Mariel",0,0,Female,,
81462069,"Morales Vilchez, Gerard Steve",0,0,Male,,
81483694,"Soto Huaripata, Ashley Nicol",0,0,Female,,
81405090,"Tabra Barrientos, Briana",0,0,Female,,
81462034,"Guerra Gonzales, Eyal Liam Edward",1683,1676,Male,,
81404450,"Rojas Suasnabar, Ariana Samira",1572,1572,Female,,
81413840,"Valencia Marin, Dylan Moises",1492,1499,Male,,
3894681,"Hinostroza Tello, Lenin Caleb",0,1482,Male,,
81404093,"Condor Buendia, Omar Jesus Uriel",1464,1464,Male,,
81433662,"Inga Crispin, Rodrigo Jaric",1443,1443,Male,,
3874532,"Fernandez Ocana, Fernando Thiago",1417,1441,Male,,
81404980,"Jorge Gonzales, Jeremy",1427,1427,Male,,
81411936,"Meza Rios, Juan Piero",1452,1410,Male,,
81415460,"Cayetano Requena, Gianfrank Gerald",0,0,Male,,
81451890,"Contreras Ledesma, Angie Cielo",0,0,Female,,
81421850,"Fabian Godoy, Dhyago Fabricio",0,0,Male,,
81465955,"Landeo Solis, Eduardo Snayder",0,0,Male,,
81415427,"Melchor Quispe, Marc Anthony",0,0,Male,,
81454058,"Osco Tacca, Diego Alexander",0,0,Male,,
81462042,"Palomino Gonzales, Marco Estefano",0,0,Male,,
81410697,"Ricapa Cavero, Sebastian Gerardo",1748,1733,Male,,
3854744,"Cotrina Espinoza, Snendeiker Jhopen",1410,1590,Male,,
81413823,"Valencia Marin, Gian Marcos",1602,1536,Male,,
3872688,"Arroyo Romero, Luis Fernando",0,1520,Male,,
81445113,"Espinoza Espinoza, Bianca Valentina",1484,1517,Female,,
81439903,"Carrasco Peralta, Sebastian Gadhiel",0,1503,Male,,
3874699,"Lopez Espinoza, Jesus Miguel Angello",1510,1499,Male,,
3858570,"Garay Carhuapoma, Leonardo Josue",1472,1446,Male,,
3877060,"Casimiro Villavicencio, Moises Eduardo",1523,1443,Male,,
114105259,"Huaman Arias, Iker Harlei",1445,1432,Male,,
3844285,"Galvez Hidalgo, Arian Abner",1590,1426,Male,,
81412568,"Munoz Sifuentes, Camila Valeria",1559,1426,Female,,
81435711,"Paquiyauri Ticllacondor, Jhon Jenrry",0,0,Male,,
81481268,"Quispe Mejico, Adrian Alexander",0,0,Male,,
81483511,"Rojas Villar, Santiago Caleb",0,0,Male,,
81446225,"Segura Lopez, Jorge Jesus",0,0,Male,,
81484232,"Toribio Berrospi, Yerik Gianfranco",0,0,Male,,
558042628,Karthikeya Challa Sri Vishnu Chandra,,,Male,0,
547077808,Kota Sai Shourya,,,Male,0,
558037756,Mupparaju Yoghna,,,Male,0,
531035132,Nidhaan Dinesh,,,Male,0,
537070550,Pasya Jatin Reddy,,,Male,0,
558037837,Prabhala Naga Vasudha,,,Male,0,
39971716,Sagi Akshara,,,Male,0,
88173178,Sai Sathvik Jayampu,,,Male,0,
547047208,Shaik Shazwa,,,Male,0,
547043105,Shreyash Varma Mantena,,,Male,0,
531061141,Sree Sivatmika Sikha,,,Male,0,
25990969,Subhramanyam Sairaj,,,Male,0,
564001466,Tanishka Gopinath,,,Male,0,
531048897,Yogitha B,,,Male,0,
55791565,"Зарецкий, Вадим",,1888,Male,,
540021645,"Ковторов, Александр",,1740,Male,,
54160103,"Давыдова, Надежда Алексеевна",,1739,Female,,
24181510,"Косов, Андрей Дмитриевич",,1731,Male,,
55773516,"Шмальц, Максим",,1708,Male,,
522082190,"Ночевный, Богдан",,1675,Male,,
55875645,"Ершова, София Викторовна",,1630,Female,,
34422200,"Балинян, Размик",,1615,Male,,
522090983,"Шихов, Александр",,1551,Male,,
540006948,"Мороз, Дарья",,1536,Female,,
55817645,"Батырева, Ярослава",,1532,Female,,
540033104,"Хайло, Виталия",,1126,Female,,
24183555,"Afanasiev, Nikita",,2516,Male,,GM
34134015,"Remizov, Yaroslav",,2493,Male,,IM
4145097,"Zakhartsov, Vladimir",,2473,Male,,GM
24180327,"Yeletsky, Ivan",,2470,Male,,FM
24250473,"Averin, Nikolay",,2466,Male,,IM
34252347,"Bukreev, Stanislav",,2443,Male,,FM
24219762,"Rakitin, Daniil",,2430,Male,,FM
44174209,"Ponomarev, Grigori",,2366,Male,,FM
13310143,"Manvelyan, Mikayel",,2340,Male,,FM
55688560,"Zdorov, Egor Vit",,2243,Male,,CM
34378049,"Khafizova, Diana",,2159,Male,,WIM
34283510,"Vasilkov, Nikolay",,2141,Male,,FM
44115725,"Yonal, Timur",,2131,Male,,FM
34425969,"Lyutsinger, Iren",,2121,Male,,FM
24201189,"Gornostaev, Yakov",,2101,Male,,
34477047,"Novodvorskiy, Dmitriy Al",,2088,Male,,
34272291,"Asachenko, Ksenia",,2040,Male,,
24130303,"Lebedev, Mikhail S.",,1969,Male,,
34111082,"Pak, Georgy",,1939,Male,,
540036278,"Petrov, Maksim V",,1926,Male,,
34170526,"Varnazov, Lev",,1915,Male,,
34389890,"Tereshchenko, Eliza",,1858,Male,,WCM
4172400,"Kapitanov, Andrej",,1846,Male,,
13844709,"Spiridonov, Kirill",,1839,Male,,
55710832,"Trapeznikova, Emma",,1835,Male,,
34234527,"Sosnina, Anna",,1806,Male,,
55743811,"Geldt, Vladimir",,1792,Male,,
24240605,"Ulanov, Vladislav",,1791,Male,,
4189140,"Izotov, Vladimir",,1788,Male,,
55687431,"Lykhin, Mark",,1788,Male,,
34347836,"Arutyunova, Yuliya",,1785,Male,,
4190262,"Vysotskiy, Oleg",,1781,Male,,FM
34423702,"Ananiev, Grigory",,1769,Male,,
55742610,"Litvinenko, Dmitriy",,1737,Male,,
34412352,"Bakay, Alexander",,1715,Male,,
55735274,"Fedorov, Nikita A",,1682,Male,,
34132020,"Khodzhoyan, Artush",,1682,Male,,
522059415,"Sakhno, Robert Ev",,1590,Male,,
55752020,"Khizhnyakov, Mikhail Mak",1731,1563,Male,,
55765211,"Aksakova, Lana",,1457,Male,,
11603348,"Laizans, Aivars",,,Male,2128,
11604700,"Rasa, Gints",,,Male,2034,
11600322,"Brils, Leonids",,,Male,2018,FM
11629789,"Gobleja, Karlis",,,Male,1975,
11617705,"Kazoks, Aivars",,,Male,1937,
11615206,"Masarskis, Aleksandrs",,,Male,1895,
11600870,"Visockis, Janis",,,Male,1891,
11600977,"Skuja, Aivars",,,Male,1890,
11600217,"Priedite, Ingrida",,,Female,1880,WFM
11602392,"Alipovs, Anatolijs",,,Male,1861,
11607149,"Berzins, Atis",,,Male,1854,
11602481,"Ni, Polina",,,Female,1841,
11620110,"Lapkis, Mihails",,,Male,1834,
11603267,"Elsbergs, Janis",,,Male,1829,
11600853,"Nevickis, Arturs",,,Male,1819,
11606053,"Fridmanis, Josifs",,,Male,1816,
11605030,"Dombrovska, Stefanija",,,Female,1811,
11613300,"Jakobsons, Andris",,,Male,1790,
11604077,"Kronlaks, Olafs",,,Male,1789,
11644591,"Stugis, Roberts",,,Male,1781,
11604328,"Lelis, Janis",,,Male,1769,
11642939,"Moisejevs, Glebs",,,Male,1767,
11602180,"Nemkovs, Vjaceslavs",,,Male,1761,
11610867,"Osobskaja, Zinaida",,,Female,1752,
11604042,"Fedorovichs, Vladimirs",,,Male,1746,
11604816,"Lebedevs, Aleksandrs",,,Male,1733,
11635304,"Purvins, Martins",,,Male,1732,
11608161,"Visnevskis, Valdis",,,Male,1728,
11601051,"Roze, Janis",,,Male,1715,
11611103,"Dvornikovs, Aleksandrs",,,Male,1696,
11604441,"Machevskis, Edmunds",,,Male,1689,
11643463,"Jakovlevs, Aleksandrs",,,Male,1648,
11604611,"Andzans, Maris",,,Male,1628,
11603194,"Pomahs, Ziedonis",,,Male,1627,
11602848,"Vainovska, Valentina",,,Female,1607,
11603445,"Zalcmane, Vija",,,Female,1585,
11613645,"Susejs, Voldemars",,,Male,1584,
11602490,"Surzikova, Vera",,,Female,1536,
11637757,"Kalve, Andris",,,Male,1484,
11604638,"Birjukovs, Anatolijs",,,Male,1480,
11611936,"Seiksts, Augusts",,,Male,1463,
11614510,"Vitols, Ilgvars",,,Male,1452,
11612320,"Mieze, Natalja",,,Female,0,
23451483,"Леджиттимо, Франческа",,,Male,1041,
540086186,"Анкудинова, Полина Михайловна",,,Male,1038,
540073335,"Горбань, Ксения Юрьевна",,,Male,1000,
14194392,"Тихомиров, Ян Кмс",,2116,Male,,
34136371,"Юрков, Ілля Кмс",,2035,Male,,
34164863,"Мєщанінов, Денис",,1987,Male,,
34189351,"Адлуцький, Гліб",,1986,Male,,
14186373,"Тихомирова, Олеся",,1947,Male,,
14144867,"Оковитий, Сергій",,1924,Male,,
34164871,"Петюренко, Микола",,1875,Male,,
34186778,"Макаревич, Родіон",,1805,Male,,
34124667,"Каюкіна, Надія",,1787,Male,,
34182721,"Кісилиця, Анна",,0,Male,,
5838,"Коновалова, Марія",,0,Male,,
529013577,"Савко, Дмитро",,0,Male,,
55659578,"Салаев, Михаил Рафаэлевич",,,Male,1440,
522010580,"Крутов, Иван Кириллович",,,Male,1376,
540070026,"Бурханов, Максим Петрович",,,Male,1355,
55819826,"Уложенко, Виктория Игоревна",,,Male,1339,
540013375,"Гаврилов, Егор Русланович",,,Male,1320,
522075518,"Варфоломеева, Алина Олеговна",,,Male,1318,
540071952,"Шеронов, Лев Антонович",,,Male,1304,
55646123,"Шабалин, Кирилл Вячеславович",,,Male,1291,
522077561,"Баева, Лика Антоновна",,,Male,1239,
35837667,Yang Hong Jie,,,Male,1720,
35824913,Adam Thaqif Bin Mohd Luqman Hakim,,,Male,1639,
35874660,Mohamed Arrian Bin Mohamed Nazrin,,,Male,1611,
35897171,Adam Aisy Bin Masfizulhilmi Agus,,,Male,1614,
35822112,Muhammad Haqimie Aisy Bin Mohd Hairi,,,Male,1586,
35895683,Tee Guang Sheng,,,Male,1569,
35835184,Maryam Zahra Binti Badrul Hisyam,,,Female,1532,
35874406,Lai Zhi You,,,Male,1523,
35858885,Noah Aqiel Dhani Bin Mohd Khairul,,,Male,1497,
35851716,Ali Kareemi Bin Abdullah Khairi,,,Male,1490,
35838000,Arvinash A/L Raj Ganesh,,,Male,1482,
35851694,Shaahsvin Sethuthanneermalai,,,Male,1471,
35877227,Lye Qason,,,Male,1448,
35851724,Ayshah Sakeenah Binti Abdullah Khairi,,,Female,1445,
35821116,Elman Azfar Bin Mohd Faizal,,,Male,1425,
35873078,Theshmitaa Anbu Selvam,,,Female,1424,
35870966,El Zahra Binti Mohd Eizuddin,,,Female,1415,
35899107,Adam Rayyan Bin Muhd Fikri,,,Male,0,
35879211,Aisyah Rania Binti Mohd Shahrom,,,Female,0,
20060521,"Delgado, Francisco",1733,,Male,,
35899123,Aqil Imran Bin Mohd Syahir,,,Male,0,
35867612,Aryan Danish Bin Azzad Hafiz,,,Male,0,
558072489,Avira Chawla,,,Female,0,
565003993,Awatif Safiyyah Binti Azmansha,,,Female,0,
35877413,Bella Irisa Binti Zulkifli,,,Female,0,
35893869,Desswin A/L Kuganesan,,,Male,0,
565001443,Fathia Haneesa Binti Mohd Firdaus,,,Female,0,
565002725,Ilman Mubin Bin Khairul Anuar,,,Male,0,
35864621,Iman Arif Bin Mohd Azlan Arif,,,Male,0,
35898003,Izz Cinta Aulia Binti Ahmad Helmi,,,Female,0,
35898011,Izzul Furqan Binti Ahmad Helmi,,,Male,0,
35877278,Lau Li Wei,,,Male,0,
35898798,Maryam Binti Azwan,,,Female,0,
35877421,Maya Elisa Binti Zulkifli,,,Female,0,
35899140,Muhammad Ammar Bin Amin Yusoff,,,Male,0,
565001974,Muhammad B Syamsul Bahri,,,Male,0,
35897708,Muhammad Bin Lokman Affandy,,,Male,0,
35824174,Muhammad Faris Darwisy Bin Mohd Faris Azuan,,,Male,0,
35890681,Muhammad Hafizuddin Bin Muhammad Shafiq,,,Male,0,
35878550,Muhammad Khalish Arjuna Bin Kamalruzaman,,,Male,0,
35856947,Nufa Hafeeza Mohamad Asmadi,,,Female,0,
35899131,Sharifah Nur Azzalea Hana Binti Syed Ahmad Faiz,,,Female,0,
12574058,"Heravi, Mohammad Hossein",,2117,Male,,
42573874,"Jahantighi, Bardia",,2069,Male,,
32750390,"Noor Mohammadi, Reza",,1731,Male,,
42775523,"Baziyan, Benyamin",,1726,Male,,
42722390,"Baghayeri, Ermia",,1673,Male,,
536012645,"Shohani, Arad",,1651,Male,,
562015826,"Kheirandish Zadeh, Behrooz",,1623,Male,,
428073355,"Pooyanfar, Kian",,1536,Male,,
36741884,"Heravi, Mohamad Reza",,1461,Male,,
536065196,"Ghasemi, Amir Hossein",,0,Male,,
536065218,"Khodabandelo, Mohammad",,0,Male,,
536053406,"Mohsenian, Seyed Hadi",,0,Male,,
536071200,"Morovati, Radin",,0,Male,,
428074238,"Zereshki, Darya",,0,Male,,
540088448,"Панов, Тихон Антонович",,,Male,1265,
55849610,"Сергеев, Василий Федорович",,,Male,1263,
540051781,"Алексеев, Денис Михайлович",,,Male,1259,
540088405,"Кинцурашвили, Нодари Владимирович",,,Male,1222,
540013383,"Иванов, Лев Викторович",,,Male,1196,
540061299,"Кудряшов, Савва Кириллович",,,Male,1166,
540073378,"Изотов, Роман Ярославович",,,Male,1161,
522044256,"Щеголев, Никита Сергеевич",,,Male,1153,
240016,"Muniz, Francisco Allysson Da Silva",,2720,Male,,CM
242177,"Da Silva, Joao Gabriel Morais",,2233,Male,,
241510,"Santos, Jose Carlos Silva",,2221,Male,,
606164,"Da Silva, Giovanni Brandao Tavares",,2153,Male,,
240084,"Da Silva, Kalyson Kewen Ribeiro",,2129,Male,,
240069,"Do Nascimento, Bruno Brito",,2034,Male,,
242137,"Da Silva, Christophe Felipe Costa",,2022,Male,,
242183,"Vieira, Pedro Miguel De Oliveira",,2006,Male,,
240083,"Mesquita, Jussier Cabral",,1972,Male,,
604942,"Neto, Cicero João De Lira",,1940,Male,,
242089,"De Macedo, Laura Barbosa",,1931,Male,,
242052,"Da Silva Neto, Emanuel Tavares",,1920,Male,,
242136,"Da Silva, Christian Andriel Costa",,1889,Male,,
608160,"De Souza, Ana Leticia Ribeiro",,1843,Male,,
604941,"De Lira, Joanderson Cícero",,1834,Male,,
242134,"Dos Santos, Joao Lucas Lima",,1829,Male,,
20050763,"Barrera, Ricardo",1587,,Male,,
608032,"Macedo, Jose Augusto Xavier",,1812,Male,,
618796,"Da Silva, João Lucas Ferreira",,1752,Male,,
613548,"Medeiros, Ismael Venilson Da Silva",,1750,Male,,
603650,"Do Nascimento, Emilly Beatriz Silva",,1745,Male,,
240073,"Da Silva, Fernando Luiz",,1740,Male,,
610923,"Do Nascimento, Lauanne Viktoria Silva",,1736,Male,,
600996,"Florentino, Miguel Alves De Lira",,1703,Male,,
618711,"Dos Santos, Matheus Oliveira",,1688,Male,,
618799,"Da Silva, Ruth Ferreira",,1680,Male,,
610922,"Alexandre, Marcelo Gabriel Miranda",,1649,Male,,
618794,"Da Silva, Maik Taua",,1641,Male,,
611897,"Duarte, Maisa Cecilia Araujo",,1601,Male,,
604882,"Santos, Miguel Davi Pereira",,1599,Male,,
618797,"Nascimento, Ester Jucielle Silva",,1532,Male,,
10627839,"M. Abdel Mawla, Gehad",,1978,Male,,
54279984,"Sayed Awad, Mostafa",,1925,Male,,
54279127,"Hassan Mohamed, Mohamed",,1903,Male,,
10602909,"Salama, Ahmed",,1875,Male,,
54281067,"Mahmoud Taher, Ahmed",,1784,Male,,
54294584,"Hossam Eldin Moustafa, Moamen",,1771,Male,,
54281148,"Zain Elabedin, Mohamed",,1762,Male,,
54280990,"Hussin Mohamed, Mohamed",,1750,Male,,
555007031,"Mohmed Ali Mohmed, Ziad",,1689,Male,,
54288266,"Mohamed Mohamed, Alsayed",,1651,Male,,
54278856,"Ahmed Abdel Ghafar, Mohamed",,1574,Male,,
54288282,"Mohamed Salim, Ahmed",,1570,Male,,
54272661,"Gamal Fadel, Abdelrahman",,1563,Male,,
555009000,"Fawzy Samir, Mohamed",,1555,Male,,
54261716,"Akram, Rawan",,1530,Male,,
54279100,"Haitham Kamel, Mazen",,1486,Male,,
555008712,"Abdel Gawad Moawad, Sayed",,0,Male,,
54204810,"Badry Aly, Ahmed",,0,Male,,
555003303,"Ehab Elsaeed, Mariam",,0,Male,,
555003311,"Ehab Elsaeed, Saeed",,0,Male,,
54279097,"Haitham Kamel, Malek",,0,Male,,
54279208,"Mahmoud Ibrahem, Mareim",,0,Male,,
555009107,"Mohamed Ahmed Ali, Faris",,0,Male,,
555009182,"Mostafa Ali Ahmed, Mohamed",,0,Male,,
5771498,A'qil A'lauddin Bin Abd Aziz,,,Male,2122,
35820594,Kartikeyan A/L Rajendran,,,Male,1884,
35853760,Muhammad Al Faatih Mohd Hazullah,,,Male,1720,
5740924,Puteri Delisya Zhansaya Azhar,,,Female,1713,
35836970,Muhammad Nur Hazim Bin Noor Hazlan,,,Male,1667,
35851260,Veneishann Sree Ganesh,,,Male,1664,
5799821,Muhammad Evan Miqael Bin Mohsen,,,Male,1636,
35862408,Zafran Qayyim Bin Mohd Zahin Syafiq,,,Male,1636,
35853298,Anas Naufal Bin Anuar,,,Male,1633,
35846380,Shaveen Nambiar A/L Denashkumar,,,Male,1600,
35844353,Iman Qhaliff Bin Khuzaili Hairizam,,,Male,1589,
35859857,Asyraf Firdaus Bin Azha Syahril,,,Male,1575,
35851635,Uwaiz Aamir Bin Abdullah Hidayat,,,Male,1554,
35869437,Low Wei Xuan,,,Male,1548,
35811900,Muhammad Nafees Ashraff Bin Norshaidi,,,Male,1540,
35828757,Roman Cruize Davidson,,,Male,1521,
35828749,Miara Cruize Davidson,,,Female,1493,
5786169,Kuberan A/L Saravanan,,,Male,1489,
35884134,Sim Ray Yang,,,Male,1485,
35827076,Muhammad Adam Muqri Bin Mohd Riz,,,Male,1484,
35864362,Asyraaf Haiqal Bin Rudi Darmawan,,,Male,1477,
35893664,Darwish Anaqi Bin Firdaus,,,Male,1476,
35877090,Thiviaan Muniandy,,,Male,1474,
35888148,Dhivyessh A/L Umathevan,,,Male,1470,
171972,"Tanus Mafud, Emilio",1582,,Male,,
5881161,Ti Jha Eu Ethan,,,Male,1462,
35838035,Harshankumar Athiswaran,,,Male,1456,
35841940,Ruvanyaa Shanmugam,,,Female,1450,
35854928,Sharmeesh A/L Mohan,,,Male,1448,
35856297,An Nur Asyfa Mohd Khafzan,,,Female,1443,
35879300,A'mira A'lyshah Binti Abd Aziz,,,Female,1427,
35825758,Lavinsh Subramaniam,,,Male,1413,
565003632,Amir Zachery Bin Azian,,,Male,1411,
35876360,Siva Karthigeyan A/L Panir Sellvam,,,Male,1408,
35871539,Hanushree A/P Umathevan,,,Female,1403,
35876352,Shiva Yoghan A/L Panir Sellvam,,,Male,0,
565003950,Alyaa Moezah Binti Amahl Ashraf,,,Female,0,
35891262,Brinda A/P Gunaseelan,,,Female,0,
35878266,Darsshvin Nambiar A/L Denashkumar,,,Male,0,
35863528,Ho Min Yu,,,Female,0,
35891220,Laelle Lourdes Amaran,,,Female,0,
35821000,Lakshman A/L Rajendran,,,Male,0,
35874538,Litthika A/P Prabhakaran,,,Female,0,
35858648,Pritysry Nairr Sivabalan,,,Female,0,
35847824,Rahshini A/P Jegatheswaran,,,Female,0,
35881194,Richeka Kamaravella,,,Female,0,
35855720,Sarah Aafiya Binti Md Yusof,,,Female,0,
35847816,Thusharini A/P Jegatheswaran,,,Female,0,
55667694,"Ковалёв, Захар Владимирович",,1850,Male,,
4177290,"Зюзин, Владимир Владимирович",,1808,Male,,
55660916,"Смекалин, Дмитрий",,1733,Male,,
55834086,"Франкенштейн, Эдуард Александрович",,1697,Male,,
54118549,"Фролов, Александр Петрович",,1636,Male,,
34458441,"Титов, Геннадий",,1181,Male,,
525022199,ÖZMEN ATA,,,Male,1409,
525021583,GÜLBAŞI DENİZ,,,Male,1186,
525024337,GÖLÇEK AYŞE,,,Female,1000,
525025384,AKGÜL AHMED ARİF,,,Male,1426,
525025090,BAYRAKTAR AHMET ALP,,,Male,1334,
525025252,ŞAHAN GÜNEŞ,,,Male,1147,
525041460,ÖZCELEP ZEYNEP,,,Female,1014,
51679850,ESKİKÖY MERT UMUT,,,Male,1576,
13226363,LEE JEPIL,,,Male,1512,
525003089,KIRMAN EDİZ YAHYA,,,Male,1505,
525016059,ÖZKASAP ALİ EFE,,,Male,1462,
525016261,TOSUN BARIŞ,,,Male,1411,
565000226,"Krishnasamy Naidu, Amala Yaashinie",,,Female,0,
160148,"Rojas, Agostina",1580,,Male,,
525002791,ERÇELİK MEHMET AKİF,,,Male,1375,
525016202,ŞENKAL MERT,,,Male,1350,
525045946,SAFİ BERKAN,,,Male,1339,
525046144,YILMAZ YAĞIZ,,,Male,1210,
525045121,KOÇAK DEFNE,,,Female,1201,
525042220,ÖZCELEP AHMET,,,Male,1155,
525045695,KARABIYIK URAL KARAN,,,Male,1063,
20049072,"Gonzalez, Miguel Hector",1564,,Male,,
13300601,"Mkrtchian, Lilit",,,Female,2360,IM
339393,"Walek, Petr",,,Male,2303,FM
409081,"Lalic, Bogdan",,,Male,2297,GM
25973096,"Vandan, Alankar Sawai",,,Male,2288,CM
309656,"Kulhanek, Tomas",,,Male,2276,IM
21817014,"Meers, Hubert",,,Male,2256,FM
384054,"Husek, Martin",,,Male,2217,
4698118,"Wagner, Florian",,,Male,2204,FM
863416,"Signorelli, Gaetano",,,Male,2204,
1004018,"Prakken, Gerrit",,,Male,2189,FM
13209590,"Huh, Isaak",,,Male,2174,CM
1053361,"Gijsen, William",,,Male,2163,
45036756,"Patil, Harshal",,,Male,2152,
14903202,"Flasik, Radoslav",,,Male,2151,
12802638,"Kalvaitis, Sigitas",,,Male,2143,FM
16240529,"Schletter, Felix",,,Male,2137,
34365478,"Pogorelskiy, Boris",,,Male,2135,
311928,"Soural, Jan",,,Male,2125,CM
39928349,"Zhang, Royce",,,Male,2112,
321257,"Burdik, Lubomir",,,Male,2110,
23730803,"Mikulka, Martin Michael",,,Male,2103,
300250,"Dobrovolsky, Ladislav",,,Male,2098,IM
16244648,"Woithe, Daniel",,,Male,2095,
307807,"Janda, Pavel",,,Male,2092,
318507,"Vasek, Jan",,,Male,2079,
322040,"Fisar, Josef",,,Male,2073,
2316943,"Skarphedinsson, Ingvar Wu",,,Male,2072,
4632435,"Willim, Michael",,,Male,2069,CM
4222431,"Mylonas, Konstantinos",,,Male,2069,
23768428,"Augustyn, Ondrej",,,Male,2060,
1134302,"Lukasiewicz, Aleksander",,,Male,2058,
34147489,"Migalko, Dmitriy",,,Male,2051,
14155656,"Korniichuk, Oleksandra",,,Female,2049,
35006908,"Dhyana, Patel",,,Female,2046,WFM
1700995,"Glimbrant, Torbjorn",,,Male,2046,
23768436,"Augustyn, Patrik",,,Male,2044,
23729236,"Verner, Matej",,,Male,2040,
429627,"Eedle, Eric F",,,Male,2038,
1109502,"Motyl, Tomasz",,,Male,2031,
11617608,"Aleidzans, Vadims",,,Male,2024,
2314576,"Thorisson, Benedikt",,,Male,2019,
23778598,"Munkhbayar, Unurbayar",,,Male,2018,
1708112,"Nilsson, Patrik 1968",,,Male,2011,
23753552,"Cabela, Filip",,,Male,2010,
374083,"Novotny, David",,,Male,2009,
359157,"Smilek, Petr",,,Male,2009,
14343240,"Cuthbert, Michael",,,Male,2007,
2311453,"Omarsson, Adam",,,Male,2006,CM
2919150,"Karaivanova, Petya",,,Female,2005,WFM
23714930,"Dudarec, Elias",,,Male,2001,
2803461,"Zalkind, Konstantin",,,Male,1997,FM
4697766,"Luther, Helmut",,,Male,1991,
20697074,"Veisseire, Arthur",,,Male,1978,
23733799,"Jouja, Matyas",,,Male,1977,
41842111,"Stanczak, Olaf",,,Male,1974,
325872,"Vermirovsky, Vlastimil",,,Male,1968,
367516,"Steiner, Juraj",,,Male,1966,
2082322,"Biernacki, Mark",,,Male,1958,
20679491,"Mercier, Pierre-Adelin",,,Male,1958,
313262,"Pistik, Petr",,,Male,1955,
1402013,"Christiansen, Arne",,,Male,1946,
623180,"Lebon, Joffrey",,,Male,1943,
14364450,"Conradie, Dirk Cornelis Uys",,,Male,1939,
8601330,"Zhu, Yaoyao",,,Female,1938,
308587,"Pick, Stepan",,,Male,1936,
480681,"Ashton, Alannah",,,Female,1936,WCM
34449850,"Berezovskii, Arina",,,Female,1933,WCM
1347977,"Jordan, Christina",,,Female,1930,WFM
23780673,"Vognic, David",,,Male,1928,
343471013,"Chan, Ryames",,,Male,1923,
319864,"Kovar, Josef",,,Male,1921,
23722762,"Sklenar, Tomas",,,Male,1914,
54146941,"Seleznev, Egor",,,Male,1909,
41880536,"Gora, Maria",,,Female,1892,
23745975,"Jakubse, Tamae Severina",,,Female,1889,WFM
17016606,"Wang, Luomeng",,,Female,1875,
331880,"Voracek, Zdenek",,,Male,1868,
13221256,"Kim, Yubin",,,Male,1861,
2819959,"Rotolante, Luca",,2099,Male,2089,
257460,"Ouaki, Mark",,2208,Male,2161,
14175770,"Lysenko, Volodymyr",,2040,Male,1971,
23744014,"Markina, Sofiia",,2007,Female,1929,
23776226,"Budil, Vaclav",,2113,Male,2088,
377007,"Hak, David",,2166,Male,2302,FM
24602094,"Moser, Axel",,2078,Male,2078,
23718218,"Vilimek, Vit",,2071,Male,2209,FM
447000260,"Nurakyn, Alim",,1917,Male,2009,
307998,"Soukup, Vaclav",,2035,Male,2017,
34156313,"Derypasko, Oleksii",,1898,Male,1887,
377040,"Jiricek, Jakub",,2018,Male,2018,
34141359,"Mikhno, Artem",,1933,Male,1990,
23788178,"Simakhin, Martin",,1974,Male,2058,
393886,"Madle, Robin",,1969,Male,2002,
23780800,"Jandacek, Krystof",,1927,Male,2026,
23716258,"Svadlenka, Dominik",,2010,Male,2208,FM
23734086,"Simajchl, Adam",,1835,Male,1937,
5119987,"Avila Bautista, Roberto Alejandro",,2317,Male,2288,FM
376612,"Jun, Rudolf",,2208,Male,2345,FM
33427852,"Hriday, Garg",,2000,Male,1690,
1404245,"Gronhoj, Benny",,1956,Male,1956,
1080369,"Westerhof, Fleur",,1843,Female,1970,
23725010,"Mrazek, Adam",,1839,Male,2004,
23778040,"Martinek, Filip",,1811,Male,1943,
23701501,"Pisar, Tomas",,1809,Male,2034,
23716908,"Dubsky, Lukas",,1798,Male,1867,
21023255,"Zawal, Krzysztof",,1775,Male,1906,
51695197,"Baytar, Cagan Enes",,1752,Male,1870,
16302184,"Hung, Chen-Ting",,1654,Male,1863,
23785551,"Berger, Michael",,1596,Male,1864,
34651829,"Tomi, Emilian",,,Male,1857,
356284785,"Feuerstein, Mario",,,Male,1844,
23728825,"Stefaniv, Vladislav",,,Male,1843,
20042957,"Campagnolo, Jorge",1552,,Male,,
387010,"Nentvich, Libor",,,Male,1837,
2314118,"Helgadottir, Idunn",,,Female,1837,WCM
34138714,"Zichenkov, Oleksandr",,,Male,1837,
23741961,"Petirova, Iva",,,Female,1826,
42146909,"Dalla, Maria Myrsini",,,Female,1826,
23750197,"Rendl, Lubos",,,Male,1821,
2085380,"Rudowski, Szymon",,,Male,1821,
23763400,"Menkov, Ivan",,,Male,1814,
320803,"Hajek, Jiri",,,Male,1810,
23779624,"Motl, Matyas",,,Male,1789,
23791586,"Kment, Jan",,,Male,1783,
33440697,"Dhruvi, Shrikant Panigrahi",,,Female,1777,
23792779,"Vodenka, Matous",,,Male,1774,
391611,"Sindelar, Jan",,,Male,1770,
23756772,"Benda, Adam",,,Male,1753,
23768991,"Huja, Matej",,,Male,1751,
495301,"Blackwell, Henry",,,Male,1743,
12861200,"Zutaute, Leja",,,Female,1736,
23744111,"Skoloud, Josef",,,Male,1734,
44538936,"Gunes, Eylul",1930,,Male,,
316369,"Horyna, Josef",,,Male,1724,
34652272,"Behle, Robin",,1400,Male,,
23753200,"Sedlacek, Jiri",,,Male,1937,
1024280,"Zuiderweg, Hiddo",,,Male,1902,
23745711,"Niesner, Ondrej",,,Male,1896,
34695516,"Tomm, Markus",,,Male,1875,
40119408,"Wilkens, Mees",,,Male,1863,
463493,"Lightbown, Sean M",,,Male,1856,
1025970,"Post, Maarten",,,Male,1849,
308323,"Stehlik, Jiri",,,Male,1842,
1011588,"Koelmans, Jan Willem",,,Male,1832,
316032,"Svetly, Jiri",,,Male,1814,
4679997,"Schloetterer, Hermann",,,Male,1807,
1013351,"Voermans, Adri",,,Male,1775,
23744120,"Skoloud, Natanael",,,Male,1752,
23776064,"Gansukh, Buyanjargal",,,Female,1737,
329363,"Michel, Ladislav",,,Male,1737,
34695850,"Finkenstedt, Djego",,,Male,1713,
25864998,"Seretaki, Myrto",,,Female,1710,
23733292,"Marko, Ondrej",,,Male,1709,
23750090,"Potuznik, Cenek",,,Male,1691,
365149,"Vorsilka, Jiri",,,Male,1654,
23753560,"Cerny, Tomas",,,Male,1651,
351563,"Kosar, Milan",,,Male,1642,
339059,"Zabehlicky, Jiri",,,Male,1641,
310999,"Levinsky, Ladislav",,,Male,1637,
12826570,"Gedvilaite, Barbora",,,Female,1629,
525003992,"Orten, Tomris Hilal",,,Female,1623,
332739,"Souralova, Venuse",,,Female,1621,
23778717,"Klubal, Jan",,,Male,1619,
22255850,"Uranga Odriozola, Inaki",,,Male,1618,
23753013,"Jandecka, Miroslav",,,Male,1612,
34698639,"Grahm, Florian",,,Male,1602,
23720867,"Souralova, Alena",,,Female,1586,
14364468,"Conradie, Ingrid Anne-Christie",,,Female,1586,
21049238,"Grochowski, Adam",,,Male,1571,
23769084,"Parsch, Marek",,,Male,1564,
23778580,"Munkhbayar, Narandelger",,,Male,1561,
23787937,"Bem, Filip",,,Male,1560,
23780592,"Zahradnik, Kristof",,,Male,1554,
23775076,"Krouzek, Jindrich Frantisek",,,Male,1553,
14127156,"Baraniuk, Andrej",,,Male,1551,
33493863,"Rayna, Ajay Patel",,,Female,1550,
23789832,"Lerch, Vaclav",,,Male,1545,
552015220,"Pirola, Dario",,,Male,1545,
40125840,"Nooij, Valentijn",,,Male,1544,
51684020,"Ismayilov, Salih",,,Male,1530,
23780665,"Vognic, Bruno",,,Male,1529,
23749709,"Vanickova, Natalie",,,Female,1527,
391808,"Vavrova, Jirina",,,Female,1524,
23791098,"Brcak, Alex",,,Male,1519,
34610120,"Schletter, Dietmar",,,Male,1518,
428092481,"Ahmadi Niri, Amirabbas",,,Male,1512,
23767723,"Kammova, Viktorie",,,Female,1507,
428091230,"Ahmadi Niri, Ali",,,Male,1498,
23761091,"Kammova, Natalie",,,Female,1497,
23791101,"Brcak, Max",,,Male,1495,
358104429,"Rigaki, Maria",,,Female,1489,
393274,"Tomanek, Karel",,,Male,1485,
12861812,"Barbsys, Skirmantas",,1855,Male,1830,
12806226,"Kadonas, Kestutis",,1805,Male,1777,
23776331,"Cejchan, Teodor",,1667,Male,1629,
12856037,"Cepauskas, Vejas",,1890,Male,1821,
343460925,"Powell, David H",,1873,Male,1873,
23709510,"Jun, Robert",,1770,Male,1958,
311189,"Svoboda, Petr",,1777,Male,1823,
34166073,"Avilova, Yulia",,1854,Female,1752,
14945177,"Tressa, Gerard",,1819,Male,1819,
34160710,"Repetilo, Daria",,1807,Female,1831,
1350200,"Bourban, Karel",,1791,Male,1805,
30946557,"Malevanaia, Oxana",,1683,Female,1574,
1421042,"Horslund, Mikael",,1746,Male,1746,
386677,"Sochor, Adam",,1658,Male,1690,
23761989,"Le, Duc Thang",,1782,Male,1740,
34119019,"Solodko, Mykola",,1691,Male,1756,
2879153,"Cavoli, Stefano",,1708,Male,1844,
303135,"Veselsky, Jan",,1666,Male,1619,
1377094,"Avilov, Artem",,1503,Male,1487,
23755733,"Zeman, Jonas",,1674,Male,1853,
23750111,"Suchanek, Petr",,1504,Male,1587,
23767790,"Skalicky, Miroslav",,1530,Male,1477,
23724412,"Taisl, Lubomir",,1418,Male,1480,
23777435,"Pokorny, Wyatt",,1551,Male,1541,
23735015,"Lytvynov, Natan",,1812,Male,1823,
487457,"Yedid, Lior",,1728,Male,1855,
23766859,"Desonov, Andrii",,1725,Male,1812,
1095013,"Westerhof, Siem",,1657,Male,1606,
42118166,"Kosteas, Frixos Vasileios",,1632,Male,1632,
42104700,"Seretakis, Georgios",,1630,Male,1496,
16304934,"Murray, Tristan Alexander",,1583,Male,1703,
16305906,"Hsieh, Min-Han",,1568,Male,1568,
558077472,"Parth, Pathare",,1563,Male,1480,
39908690,"Clifton, Alexander J",,1548,Male,1548,
549001566,"Gasper, Jan",,,Male,1452,
525024612,"Orten, Asya Hilal",,,Female,1441,
23729597,"Pobrislova, Ivana",,,Female,1424,
303143,"Zemlicka, Vit",,,Male,2098,
4201493,"Seretakis, Nikolas",,,Male,2040,
14105560,"Zemlickova, Olena",,,Female,2028,WIM
14907828,"Slacky, Stanislav",,,Male,2023,
1405802,"Olsen, Aage Dalstrup",,,Male,2022,
207357,"Fogel, Pierre",,,Male,2012,
306665,"Petras, Milan",,,Male,2002,CM
2031752,"Holliman, Bob",,,Male,1985,
1015664,"Van der Vegt, Hans",,,Male,1967,
4647920,"Jaeger, Andre",,,Male,1958,
1129449,"Grzesik, Norbert",,,Male,1957,
327255,"Machala, Vladislav",,,Male,1942,
304557,"Groh, Jiri",,,Male,1937,
333166,"Kraus, Ondrej",,,Male,1923,
308200,"Rajnys, Vladimir",,,Male,1912,
318850,"Hrebicek, Petr",,,Male,1869,
312835,"Bilek, Roman",,,Male,1849,
342955,"Konvalinka, Vladislav",,,Male,1844,
365084,"Slavik, Petr",,,Male,1834,
328570,"Hradsky, Ales",,,Male,1831,
23779802,"Bednar, Milan",,,Male,1818,
1408798,"Andersen, Carsten",,,Male,1783,
23726172,"Skaba, Ladislav",,,Male,1762,
23779209,"Klozova, Zuzana",,,Female,1757,
1722883,"Karlsson, Peter 1965",,,Male,1746,
2804778,"Kopelevitch, Eli",,,Male,1738,
323853,"Hampel, Rudolf",,,Male,1737,
23778350,"Lebeda, Dusan",,,Male,1729,
326496,"Istel, Oldrich",,,Male,1728,
327557,"Feierfeil, Jiri",,,Male,1719,
24647640,"Hellmann, Thomas",,,Male,1702,
322970,"Kubik, Jaroslav",,,Male,1700,
23734710,"Akerman, Jan",,,Male,1700,
1726226,"Karlsson, Henrik 1974",,,Male,1697,
23776528,"Zelezny, Daniel",,,Male,1690,
14906651,"Zentko, Ladislav",,,Male,1689,
23732237,"Vokac, Radek",,,Male,1647,
23738260,"Mikulka, Martin",,,Male,1626,
393231,"Kleprlik, Jan",,,Male,1622,
335355,"Zakoucky, Otto",,,Male,1611,
23734531,"Cyhelsky, Ludek",,,Male,1595,
24631833,"Steinschuld, Jo",,,Male,1581,
399981,"Hlavacek, Bedrich",,,Male,1525,
549009176,"Schutz, Peter",,,Male,1000,
571003606,"Novotny, Pavel",,,Male,0,
51680947,"Emin, Arya",,,Female,1422,
23752220,"Silhan, Vladimir",,,Male,1166,
525010581,"Cakir, Tibet",,,Male,0,
571004041,"Fedarenka, Ryhor",,,Male,0,
46663932,"Chaitan, Shet",,,Male,0,
16306910,"Qiu, Cong-Zhe",,,Male,0,
571004637,"Sprinzu, Nikol",,,Male,0,
304689,"Pisk, Petr",,2336,Male,,IM
365440,"Slovak, Kilian",,2243,Male,,FM
306649,"Bauma, Jiri",,2107,Male,,FM
376035,"Tesar, Patrik",,2064,Male,,
325767,"Rusnak, Jan",,2026,Male,,
14125250,"Reshetniak, Vitaliy",,1998,Male,,
396249,"Goliard, David",,1968,Male,,
34192760,"Pidlisnyi, Artem",1931,1963,Male,,
14123142,"Ruban, Irina",,1941,Female,,
23781149,"Havel, Milan",,1935,Male,,
355259,"Zdrahal, Vaclav",,1904,Male,,
375993,"Rous, Dominik",,1898,Male,,
571004521,"Mudrak, Martin",,1872,Male,0,
365386,"Nekvinda, Michal",,1834,Male,,
23760699,"Strazhnyk, Viktoriia",,1834,Female,,
23727519,"Bubenicek, Simon",,1828,Male,,
34114203,"Liashenko, Ivan",,1819,Male,,
368547,"Travnicek, Jaroslav",,1801,Male,1774,
364037,"Kriz, Vojtech",,1784,Male,,
23719559,"Jaros, Jan",,1784,Male,,
368652,"Celba, Pavel",,1780,Male,,
20055390,"Sanchez, Norberto",1543,,Male,,
23717580,"Konarik, Filip",,1771,Male,,
1640712,"Ardelt, Hannes",,1771,Male,,
23776307,"Adamek, Jan",,1750,Male,,
349720,"Kozlova, Lucie",,1747,Female,,
378500,"Homolkova, Ivana",,1739,Female,,
45149623,"Garat, Cassius",,1737,Male,,
23753501,"Hradek, Martin",,1735,Male,,
23788054,"Nikolaev, Daniil",,1735,Male,,
23775416,"Poliakov, Mykhailo",,1733,Male,,
34122761,"Milovzorova, Nadiia",,1714,Female,1878,
571002375,"Holub, Stepan",,1710,Male,,
12810991,"Riauka, Vytautas",,1709,Male,,
571005323,"Silar, Frantisek",,1706,Male,,
14177692,"Pirozhkov, Sergiy",,1661,Male,,
23771305,"Strazhnyk, Yevhen",,1643,Male,,
34177620,"Solomko, Pavlo",,1614,Male,,
23791438,"Horky, Karel",,1611,Male,,
23780606,"Ansh, Nair",,1464,Male,0,
14160161,"Prokofiev, Valentyn",,2426,Male,2414,IM
23702192,"Winter, Ondrej",,2240,Male,,FM
34159983,"Filindash, Nikita",,2237,Male,,FM
34167293,"Ratushnyi, Viktor",,2143,Male,2120,
23717645,"Kolbusovsky, Michal",,2041,Male,1918,
14114283,"Maletskij, Igor",,1983,Male,,
327611,"Vlcek, Marek",,1969,Male,,
12806480,"Auskalnis, Dovydas",,1964,Male,,
14101491,"Chubar, Vladimir",,1945,Male,1873,IM
23717068,"Svadlenka, Michal",,1916,Male,,
2824740,"Albini, Federico",,1910,Male,,
327433,"Lacina, Filip",,1904,Male,,
309850,"Ruzicka, Zdenek",,1839,Male,,
1091964,"Blokzijl, Ruben",,1826,Male,1833,
363901,"Dunder, Ondrej",,1793,Male,,
23716983,"Kravchenko, Andrey",,1784,Male,,
533024340,"Hermann, Ludger",,1722,Male,0,
2895382,"Troskunov, Gilad",,1685,Male,,
23732245,"Sboev, Kirill",,1677,Male,,
23750227,"Glaser, Jan",,1656,Male,,
23742143,"Rehacek, Oldrich",,1596,Male,1652,
21086184,"Wojnicz, Marcin",,1586,Male,1538,
302651,"Modrova, Hana",,1584,Female,,WFM
571001867,"Geist, Daniel",,1040,Male,1040,
533095094,"Walther, Jonas",,0,Male,0,
23776986,"Berton, Nicolas Luc",,1604,Male,,
23426349,"La Porta, Alex",,1598,Male,,
23775505,"Spyroglou, Ioannis",,1598,Male,,
571002960,"Pelisek, Jachym",,1579,Male,,
23780339,"Palan, Antonin",,1577,Male,,
79314449,"Balent, Fran",,1576,Male,,
23795077,"Munkhbayar, Unurzaya",,1556,Female,,
23740078,"Kostukevic, Sergej",,1546,Male,,
571004564,"Tvrz, Adam",,1524,Male,,
23777010,"Cvetkovic, Boris",,1520,Male,,
23777362,"Zavada, Roman",,1509,Male,,
23765674,"Olshevskyi, Tymur",,1494,Male,,
571005358,"Vitouch, Vaclav",,1493,Male,,
23775475,"Kuschel, Derek",,1486,Male,,
537086545,"Nair, Darsh Ajay",,1465,Male,,
337104580,"Rustamov, Timur",,1437,Male,,
384917,"Mykiska, Petr",,1434,Male,,
23753480,"Vasakova, Kristyna",,1414,Female,,
23751690,"Powell, Matyas",,1412,Male,,
571002006,"Trojan, Felix",,1148,Male,,
571004513,"Aliyev, Fuad",,0,Male,,
571002367,"Benes, Petr",,0,Male,,
571001913,"Lamser, Stepan",,0,Male,,
571004696,"Lid, Dominik",,0,Male,,
1123874,"Sudnicka, Beata",,0,Female,,
5701643,"Tukiran, Taulani",,,Male,1868,
5732395,"Tukiran, Masros",,,Male,1801,
5713838,"Muhd Khairul, Nur Syawaludin",,,Male,1765,
5784395,"Muhd Khairi, Ghibran Rusydie",,,Male,1639,
5784077,"Mohd Derawi, Khairulasmawi",,,Male,1592,
5784310,"Khairulasmawi, Zharfan",,,Male,1589,
5784085,"Khairulasmawi, Harith",,,Male,1588,
35853280,"Koh, Wei Han Gordon",,,Male,1573,
35890576,"Shu, Jun Hao Eloysius",,,Male,1467,
5798809,"Mohd Alias, Mohd Azrin",,,Male,1452,
35857668,"Razman Shah, Nuhan Ibrahim",,,Male,1444,
35806079,"Zainuddin, Nor Syahirah",,,Male,1437,
565000218,"Krishnasamy Naidu, Kavi Rashvin",,,Male,1468,
35882026,"Muhd Ikhsan, Abdullah Elfahry",,,Male,0,
35882034,"Muhd Ikhsan, Abdullah Elfateh",,,Male,0,
35871407,"Nurul Mokhzani, Nur Hakimi Daniel",,,Male,0,
35897520,"Ahmad Khomeini, Ahmad Farhan",,,Male,0,
5704383,"Mohd Jamil, Mohd Rosdi",,,Male,0,
14915650,"Druska, Juraj",,2424,Male,,GM
362662,"Brejnik, Gustav",,2278,Male,,FM
14928558,"Karas, Marek",,2258,Male,,FM
364398,"Zeman, Matyas",,2244,Male,,FM
23715170,"Soucek, Petr",,2207,Male,,FM
23713275,"Soucek, Jan",,2091,Male,,FM
381799,"Skalsky, Alexandr",,2075,Male,,
320323,"Ptacek, Lubos",,2055,Male,,
23717742,"Garabik, Marek",,2027,Male,,
14107244,"Tarleva, Diana",,1995,Female,,WGM
23772956,"Pospisil, Lukas",,1986,Male,1643,
23718684,"Svoboda, Daniel",,1953,Male,,
306193,"Rehak, Martin",,1943,Male,,
307980,"Chrz, Pavel",,1936,Male,,CM
2218640,"Minana Menor, Antonio",,1927,Male,,
24202312,"Bilunov, Denis B.",,1908,Male,,
322105,"Klimek, Petr",,1902,Male,1839,
326925,"Buksa, Jaromir",,1900,Male,,
14176742,"Vinnyk, Mykhailo",,1847,Male,,
23717130,"Zeman, Daniel Nikolas",,1838,Male,,
23732580,"Popov, Roman",,1831,Male,,CM
5020000,"Patel, Palak",,1796,Male,,
5118506,"Avila Bautista, Teresa Alejandra",,1793,Female,1879,WCM
23779250,"Yunussov, Ahmad Tairovich",,1789,Male,,
2279916,"Cortell Canet, Miguel",,1781,Male,,
23718501,"Steiner, David",,1770,Male,,
23749660,"Bukovsky, Dmitri",,1767,Male,,
2886065,"Shaer, Ward",,1719,Male,,
23773413,"Hyam, Robin",,1712,Male,,
23768274,"Stanek, Stepan",,1707,Male,,
397873,"Zvacek, Antonin",,1696,Male,,
54566959,"Belvis Balsera, Magi",,1687,Male,,
5602238,"Bilunov, Ignat",,1683,Male,,
385441,"Poveda, Michael",,1659,Male,,
23753137,"Hasa, Miroslav",,1648,Male,,
23793295,"Nesyn, Luka",,1619,Male,,
23765682,"Prokopchik, Arina",,1615,Male,,
23754311,"Adam, Frantisek",,1595,Male,1644,
23771704,"Hruby, Petr",,1589,Male,,
652027392,"Aidja, Maximilian",,1560,Male,,
380660,"Harasta, Frantisek",,1547,Male,,
23762098,"Suchanek, Lukas",,1545,Male,,
571001646,"Kouba, Frantisek",,1518,Male,,
1409700,"Nielsen, Pia",,1510,Female,,
23717149,"Zeman, Tomas Mathias",,1452,Male,,
23786574,"Servin, Hugo",,1444,Male,,
23768207,"Klimes, Petr",,1051,Male,,
23778903,"Krivda, Tomas",,1045,Male,,
150033601,"Adams, Jon",,0,Male,,
529054834,"Korsun, Arina",,0,Female,,
571001905,"Lamser, Jakub Orlik",,0,Male,,
571005307,"Lukes, Filip",,0,Male,,
571000976,"Skrob, Jan",,0,Male,,
34128384,"Бояринцев, Виталий Олегович",,,Male,2268,
55867693,"Пьянков, Егор Максимович",,,Male,1669,
55768105,"Черепанов, Дмитрий Сергеевич",,,Male,1649,
34257870,"Мертес, Александр Владимирович",,,Male,1645,
34388737,"Волокитин, Савелий Витальевич",,,Male,1572,
24247235,"Соболев, Владислав Андреевич",,,Male,1536,
55763987,"Фролов, Матвей Степанович",,,Male,1508,
55883966,"Иушин, Владислав Петрович",,,Male,1507,
55844928,"Тетерин, Александр Вадимович",,,Male,1504,
55689302,"Мишин, Артемий Сергеевич",,,Male,1474,
54132177,"Должиков, Александр Юрьевич",,,Male,1463,
20027281,"Huenchul, Emiliano Victor",1500,,Male,,
20042981,"Martin, Maria de los Angeles",1410,,Male,1410,
2528398,"Jagic, Jakov",,,Male,2070,
2528304,"Cogelja, Mihovil Niko",,,Male,1890,
540044548,"Попов, Михаил Андреевич",,,Male,1456,
34295771,"Сестов, Артемий Андреевич",,,Male,1449,
55892701,"Шатов, Юрий Александрович",,,Male,1437,
522046704,"Горячева, Ксения Алексеевна",,,Male,1419,
522078355,"Усов, Александр Андреевич",,,Male,1412,
24290483,"Беспалов, Вадим Владимирович",,,Male,1374,
522029524,"Рекин, Денис Андреевич",,,Male,1330,
55883931,"Эртель, Александр Романович",,,Male,1318,
540009912,"Липина, Лаура Отаровна",,,Male,1277,
522060553,"Зенков, Сергей Алексеевич",,,Male,1243,
522029559,"Кишкаренко, Варвара Николаевна",,,Male,1217,
44182112,"Вакуленко, Мария Владимировна",,,Male,1212,
540043509,"Красникова, Софья Константиновна",,,Male,1143,
540043789,"Татаринцева, Диана Александровна",,,Male,1106,
522019707,"Тетерина, Евангелина Романовна",,,Male,1059,
540044645,"Ушаков, Роман Андреевич",,,Male,1051,
540043894,"Петеримов, Елисей Сергеевич",,,Male,1015,
540044130,"Антонов, Евгений Антонович",,,Male,1000,
570005532,"Михнев, Тимофей Сергеевич",,,Male,1000,
522073833,"Давыдов, Артем Игоревич",,1558,Male,,
34476660,"Козиков, Савелий Константинович",1445,1499,Male,,
55786049,"Козикова, Мария Константиновна",,1391,Male,,
24249009,"Юдина, Светлана Олеговна",,,Male,1819,
55875998,"Гуро, Александр Владимирович",,,Male,1806,
34451285,"Бишарин, Спартак Ильдарович",,,Male,1712,
55754260,"Щёлоков, Артём Валерьевич",,,Male,1672,
54179599,"Зензин, Дмитрий",,,Male,1632,
55699782,"Степанов, Иван Александрович",,,Male,1596,
54127599,"Гебель, Юрий Фридрихович",,,Male,1485,
34376321,"Кулкаева, Анара Заурбековна",,,Male,1359,
55876005,"Мамыш, Семен Андреевич",,,Male,1358,
24229083,"Пилиптеев, Вячеслав",,,Male,1357,
54187834,"Ягафаров, Фаназиф",,,Male,1339,
55876102,"Чиров, Максим Олегович",,,Male,1135,
522093311,"Никифорова, Ольга Евгеньевна",,,Male,1000,
13752260,"Kuandykuly, Danis",,2236,Male,,FM
13744755,"Sermukhamedova, Adriana",,2078,Male,,WFM
447004568,"Mels, Dinmukhamed",,1984,Male,,
13763130,"Adilbekuly, Altair",,1959,Male,,
13794795,"Ulan, Rizat",,1934,Male,,CM
447001658,"Toibol, Dias",,1910,Male,,
13753207,"Zarkym, Ailin",,1882,Male,,
13456644,"Mammadov, Jamal",,1851,Male,,
447029153,"Bakhytzhan, Abilmansur",,1758,Male,,
13765337,"Niyazbek, Nurtileu",,1744,Male,,
447019018,"Kairgaliyev, Alinur",,1651,Male,,
13810103,"Kush, Agniya",,1638,Male,,
447076038,"Suyundukov, Ansar",,1633,Male,,
13784498,"Khan, Alexandr",,1628,Male,,
13785974,"Marat, Dinmukhamed",,1609,Male,,
13733192,"Belikova, Dariya",,1608,Male,,
13735942,"Buirakulov, Shyngys",,1607,Male,,
447017414,"Nurzhan, Amir",,1588,Male,,
447080736,"Shakirov, Temur",,1555,Male,,
447007117,"Moldabek, Merlan",,1537,Male,,
447028181,"Nurgeldiuly, Yersin",,1535,Male,,
447081600,"Nurmukhamet, Sara",,1517,Male,,
447030607,"Pak, Oleg",,1517,Male,,
13796852,"Aliuly, Abay",,1515,Male,,
447047488,"Kazbekkyzy, Fatima",,1514,Male,,
447081660,"Mukhtar, Ayaru",,1498,Male,,
13774999,"Zhanabay, Dastan",,1486,Male,,
447035781,"Issatay, Aiziya",,1481,Male,,
13787829,"Nazar, Amina",,1462,Male,,
447090847,"Chernyshov, Makar",,1459,Male,,
557007551,"Dautova, Ailin",,1457,Male,,
447063696,"Chernyshov, Ilya",,1455,Male,,
447021810,"Marat, Nurmukhamed",,1455,Male,,
447080639,"Armanuly, Aivar",,1442,Male,,
447008776,"Arisheva, Akzhan",,1435,Male,,
447081678,"Mukhtar, Erali",,1434,Male,,
447093510,"Shakirov, Sanzhar",,1423,Male,,
447043288,"Aukenova, Dariya",,0,Male,,
447008040,"Dautov, Nurali",,0,Male,,
447035501,"Kadyr, Alima",,0,Male,,
447064820,"Stukalov, Rodion",,0,Male,,
447021489,"Yemidilda, Taiyr",,0,Male,,
81484615,"Chaina Caleb, Paolo Cesar",0,,Male,,
81448260,"Pazos Huayra, Antonio Javier",0,,Male,,
9900438,"Galappaththi, Chinthaka Anuruddh",1942,,Male,,FM
29958601,"Wimalarathne, K G",1836,,Male,,
9902635,"Prabajith, Asela",1780,,Male,,
29940044,"Thennakoon, Akitha",1777,,Male,,
9900306,"Fonseka, C K D",1717,,Male,,
29981786,"Nawarathne, Kenuth Lonitha",1716,,Male,,
80831346,"Suraweera, Kiven Mandeev",1711,,Male,,
81470770,"Bazan Bravo, Valeria Antonella",0,0,Female,,
81483490,"Contreras Ledesma, Itzel Kaori",0,0,Female,,
81415605,"Fernandez Ocana, Brianna Edith",0,0,Female,,
81424639,"Flores Oblitas, Ariana",0,0,Female,,
81481870,"Meza Rios, Dayana Fatima",0,0,Female,,
81469659,"Mego Bocanegra, Geraldo Segundo",1656,1656,Male,,
81435096,"Gomez Penaloza, Thaira Lariza",1657,1651,Female,,
81434170,"Casavilca Aquino, Brayan Renato",1599,1574,Male,,
3847160,"Diaz Argandona, Balack Leo",1698,1560,Male,,
3877116,"Heredia Barrios, Sheldon Biuler",1578,1527,Male,,
81434979,"Mauricio Saldana, David Felipe",0,1405,Male,,
29931851,"Godagampala, G D Minuja Hansana",1710,,Male,,
80826377,"Abeysinghe, Nimra Santhisa",1708,,Male,,
29964725,"Madawala, R M I S B",1700,,Male,,
80814107,"Weerakoon, H M Udula Hansana",1697,,Male,,
9920528,"Weerakoon, R K B",1691,,Male,,
9919880,"Karunarathne, K M H B",1684,,Male,,
29957150,"Chandrasiri, R B A",1680,,Male,,
29967996,"Wekumbura, W G S Induka",1675,,Male,,
80813763,"Ranaweera, Ometh",1654,,Male,,
9946900,"Palangoda, U P G M Sasmitha",1646,,Male,,
9919651,"Senevirathne, I L",1643,,Male,,
9967613,"Wickramasinghe, M G D Chathura",1632,,Male,,
29977517,"Gunawardhana, H M Sethum Dilkith",1632,,Male,,
29957974,"Rajapakshe, Rashmika Heshan",1618,,Male,,
80887201,"Daulagala, Sineth Vihanga",1612,,Male,,
80876900,"Wijesooriya, W A Damitha Bandara",1600,,Male,,
29981670,"Fernando, W Dinuja Shashmitha",1590,,Male,,
9951237,"Rimnaz, R A M",1590,,Male,,
29967155,"Mahagodage, M D Minuka Sathsitha",1587,,Male,,
80893732,"Nethsuka, P Hesara",1584,,Male,,
29990858,"Perera, Yeshan",1583,,Male,,
29990572,"Meddegoda, K M R J B",1580,,Male,,
80823980,"Karunathilaka, Rusandu Senumitha",1579,,Male,,
29958610,"Wimalarathne, M N R",1576,,Male,,
80859151,"Ekanayake, Vinuka",1570,,Male,,
9946020,"Jayawickrama, U W R K",1569,,Male,,
29952816,"Lakshitha, K Priyan",1566,,Male,,
29932211,"Koholdeniya, K M Bihandu",1562,,Male,,
9977210,"Welege, Dinuka Sandaruwan",1561,,Male,,
29913381,"Dissanayake, K M S M",1559,,Male,,
80802303,"Geenuka, Wijesundara",1552,,Male,,
29983568,"Godellawatta, Hasith",1548,,Male,,
80893910,"Rathwella, R G Disara Sesmitha",1546,,Male,,
80859720,"Pathirana, Kemindu Sendinu",1542,,Male,,
29966183,"Bandara, D M Lathisha",1541,,Male,,
29932874,"Samarathunga, Biman Navik",1539,,Male,,
29990840,"Perera, Yashveen",1535,,Male,,
29952247,"Gonawala, B V S D D",1535,,Male,,
80887589,"Samarakoon, S M Oshada Suwahas",1533,,Male,,
29973562,"Dunusinghe, D A Banuja L",1529,,Male,,
29958490,"Weligamage, Kalpa Anuhas",1524,,Male,,
80828230,"Amarasinghe, A A Chamika Manuja",1522,,Male,,
29989884,"Dissanayake, Vihas Dulnith",1522,,Male,,
80843190,"Gunawardhana, E Y P G Nimnada Sas",1522,,Male,,
80887732,"Weerasooriya, Yashmika",1521,,Male,,
9901752,"Chandrasiri, P K",1520,,Male,,
9994335,"Samarathunga, Jasith Pawan",1520,,Male,,
80823769,"Hettiarachchi, Sasindu Dilsara",1519,,Male,,
29957125,"Chandrarathna, T G V Y B",1518,,Male,,
80887473,"Modara Arachchi, Yesath",1516,,Male,,
29990351,"Keppetiyagama, Nesath",1511,,Male,,
29967848,"Thewjith, T M Sasvidu",1510,,Male,,
80860656,"Rafi, Abdullah",1506,,Male,,
29977959,"Wijekoon, W M Minila Bandara",1505,,Male,,
80802419,"Munasinghe, Deethsara Thevnula",1504,,Male,,
29966736,"Harshil, S",1500,,Male,,
29983479,"Alagiyawanna, A M Anuja Danuddha",1499,,Male,,
80824978,"Weerasinghe, G G S Dilshan",1499,,Male,,
80860320,"Dissanayake, D M Mahiru Nethmira",1498,,Male,,
29977886,"Siriwardhana, D Wishva Kelumketh",1497,,Male,,
80814204,"Arafath, Aadhil Ahmed",1495,,Male,,
80811396,"Dissanayake, Imantha Okith",1492,,Male,,
29977487,"Dinsara, T M Sohan",1491,,Male,,
29986648,"Chiranga, K B N H",1484,,Male,,
80811671,"Premarathne, B G Yovindu Binal",1484,,Male,,
80860370,"Herath, K S",1483,,Male,,
80868940,"Nillage, M N G Abhinaka Yasas",1481,,Male,,
80893872,"Ranahewa, Nidew",1481,,Male,,
29949688,"De Silva, Nepul Methvidu",1480,,Male,,
29992036,"Karunanayake, Thiman",1480,,Male,,
80814174,"Ajmal, Mohamed",1479,,Male,,
80860591,"Muthupatinge, U Induwara",1479,,Male,,
80859666,"Nikahetiya, N V Inula Kalmitha",1478,,Male,,
29990211,"Jayawardana, Aryan",1477,,Male,,
80859526,"Kumarathunge, A W Dilaru Dulram",1477,,Male,,
575000385,"Jayathilaka, Seneth Randira",1473,,Male,,
80814719,"Vidupa, Inura",1470,,Male,,
29989795,"Dhanasekara, D M Harindu Abeeth",1469,,Male,,
80842950,"Bandara, K M H Sanuka Nisalitha",1468,,Male,,
80814433,"Gunawardhana, Tharul Adeesha",1468,,Male,,
80850170,"Dharmawardhana, Senul",1467,,Male,,
80823785,"Hitihamu, H M M D B",1467,,Male,,
29989540,"Bandara, Damketh",1462,,Male,,
29990025,"Gamage, M G Nadil Mindive",1462,,Male,,
80859500,"Kulasena, P H Senila Budmina",1461,,Male,,
29931339,"Bandara, G G M Thehan",1458,,Male,,
80843107,"Doolwela, Sanwath Thathsilu",1456,,Male,,
80843212,"Illeperuma, Hansaka Sanditha",1455,,Male,,
80868797,"Keshwin, Thilageswaran",1452,,Male,,
80850260,"Lekamwasam, L K L L Gayuth",1450,,Male,,
80867790,"Nishshanka, Irumal",1447,,Male,,
80859534,"Kumarathunge, A W Netharu Dewram",1442,,Male,,
29993962,"Sanganayaka, S M Jenura Dahammeth",1439,,Male,,
29999073,"Haanim, Hussain",1439,,Male,,
29986850,"Fonseka, Navindu Hasanjana",1438,,Male,,
80829724,"Kannishnithin, Indrakumar",1435,,Male,,
29967180,"Maramabage, Sakya Dinuja",1434,,Male,,
80843506,"Rajanayake, Methuja",1433,,Male,,
80803903,"Jayasinghe, J M Mokitha",1431,,Male,,
29990254,"Jayaweera, Menuja Gethmika",1428,,Male,,
80811582,"Mahawela, Chenitha",1427,,Male,,
80813399,"Jayaweera, Minul Jithsara",1426,,Male,,
29991218,"Senadeera, Vinuga",1425,,Male,,
80811418,"Egodawatta, W Benura Nithum",1424,,Male,,
80859380,"Jayasekara, W M Y S B",1423,,Male,,
29966779,"Herath, H M Dulmeth Sasnitha",1422,,Male,,
80843344,"Kulathunga, W G Thenuka Damsidu",1421,,Male,,
80865542,"Harshanan, Thamilnesan",1418,,Male,,
80843301,"Kodithuwakku, K A Mesandu S G",1415,,Male,,
80811531,"Kumara, A Yoshitha Viraj",1415,,Male,,
9976590,"Gunarathne, Sanuka S",1413,,Male,,
80843549,"Rathnayake, Danuja",1408,,Male,,
29990807,"Perera, Dinuja R",1406,,Male,,
80804608,"Siriwardhana, Kemitha Methunija A",1406,,Male,,
80869475,"Wickramasinghe, W R D M N D",1405,,Male,,
80872689,"Hussain, Afeef",1402,,Male,,
80852041,"Yapabandara, Y Mthimath Shashadh",1400,,Male,,
29957613,"Karunarathna, Senuka N",0,,Male,,
80867006,"Bandara, Charith Mansara",0,,Male,,
29999839,"Amaranayaka, Goshitha Yasas",0,,Male,,
575000091,"Ananda, Maduwage Bositha",0,,Male,,
80828388,"Bandara, Basuru Praveen Thejan",0,,Male,,
80828396,"Bandara, D R D S Sihela",0,,Male,,
29999936,"Bandara, D R P S Mihela",0,,Male,,
29927544,"Bandara, K G J C",0,,Male,,
80877753,"Bandara, T Sehas Pethmika",0,,Male,,
80872484,"Bandaranayake, I W O G",0,,Male,,
29989590,"Basnayake, Thejan",0,,Male,,
29957095,"Batuwanthudawa, O J R D Dinindu",0,,Male,,
80803520,"Chandrasekara, Bewon Bandara",0,,Male,,
80811361,"Dissanayaka, A M T D Jalina",0,,Male,,
80859119,"Dissanayake, Thisev",0,,Male,,
80860362,"Galgamuwa, Yonal",0,,Male,,
29931886,"Gunarathne, K Venuka Vidunitha",0,,Male,,
29990114,"Harshaan, Mohamed",0,,Male,,
80814468,"Irfan, Yahya",0,,Male,,
29990190,"Jayasinghe, Manith",0,,Male,,
80890687,"Jayathissa, E R G Thirasara Nirma",0,,Male,,
1285858,Tanasie Cosmin,2219,,Male,,CM
1263269,Prelipcean Eric-Matei,2166,,Male,,
1272950,Ciocani Iosif,2154,,Male,,CM
1297066,Parvu Razvan-George,2072,,Male,,
1232118,Stan Andrei-Mihaita,2043,,Male,,
1288318,Anghelescu Teodor-Stefan,2023,,Male,,
1213660,Nuta Dan,2017,,Male,,CM
42218519,Mihaila Marika-Nicolas,1988,,Male,,
42213975,Rosca Dragos-Ioan,1969,,Male,,
42215374,Voinescu Marian-David,1966,1881,Male,,
1249860,Ulian Andrei-Octavian,1959,,Male,,
34336060,Semenova Vasylyna,1954,,Female,,WCM
1264257,Pandelescu Maria-Catalina,1935,,Female,,WCM
1211749,Cirlan Ionut-Gheorghe,1923,,Male,,CM
42224233,Plesea Luca-Matias,1862,,Male,,
42212936,Ionita Eduard-Gabriel,1841,,Male,,
42222737,Ilie Eduard-Alexandru,1840,,Male,,
42213452,Bosinceanu Iosif,1816,1873,Male,,
1295136,Rusu Anastasia,1809,,Female,,WCM
1268643,Serban Viorel,1726,,Male,,
42231124,Neagu Mihai-Adrian,1713,,Male,,
42248809,Anghel Robert,1653,,Male,,
1951351,Rautu Andrei,1651,,Male,,
42204151,Constantinescu Bogdan-Ionut,1638,,Male,,
1285734,Axente Cristian,1607,,Male,,
1231081,Moroianu George,1605,,Male,,
42236835,Soica Adrian-Cosmin,1601,,Male,,
42220190,Cocirta Ciprian,1595,,Male,,
1291645,Tudor George S.,1550,,Male,,
1296035,Rusu Ioana,1536,,Female,,
42214041,Gheorghiu Alexandru Petru,1518,,Male,,
42258120,Stan Alexandru-Stefan,1497,,Male,,
1297112,Tancu Mihai-Robert,1489,,Male,,
42247470,Corduneanu-Constantin Raphael-Alexandru,1473,,Male,,
42258650,Grasu Vlad-Stefan,1457,,Male,,
42222346,Grigorescu Mihai,1456,,Male,,
1291424,Mitran Iancu-Petru,0,,Male,,
42227534,Nicolaescu Ieremia,0,,Male,,
42252555,Telegaru Darius-Cristian,0,,Male,,
42250986,Stoica Alexandru,0,,Male,,
42232147,Ilie Eduard Andrei,1821,,Male,,
42204771,Samoila Rares-Andrei,1701,,Male,,
42226449,Stefanescu Andrada-Maria,1565,,Female,,
42212502,Tasulea Dragos-Gabriel,1560,,Male,,
42232198,Ilie Alexandru-Stefan,1554,,Male,,
42217172,Puiu Natalia,1523,,Female,,
42257913,Soare Isabelle-Andreea,1509,,Female,,
42204275,Costea David-Andrei,1487,,Male,,
42236703,Weis Daria,1424,,Female,,
42232171,Boscaneanu Tudor,0,,Male,,
42236134,Vizitiu Andrei-Cristian,0,,Male,,
42248914,Serbanescu Sara-Elena,0,,Female,,
42215730,Anghenie Toma-Horia,1753,,Male,,
42221420,Oprea Sorin-Andrei,1688,,Male,,
42224403,Voicu Stefan,1684,,Male,,
42226015,Sararu Sofia-Elena,1681,,Female,,
42223105,Rotaru Luca-Gabriel,1672,,Male,,
42237785,Ilie Razvan-Mihai,1660,,Male,,
42211395,Ene Sergiu-Gabriel,1638,,Male,,
42213100,Dumitru Andrei-Mihai,1590,,Male,,
42224390,Voicu Matei,1554,,Male,,
2508052,"Lawrence, Simon",,,Male,1866,
42208432,Grigore Melania-Cristina,1529,,Female,,
42213630,Sutu-Demetriade Filip-George,1510,,Male,,
42233127,Tanase Andreea,1503,,Female,,
42220335,Soica Maria-Carmen,1469,,Female,,
42209218,Mihai Albert,1435,,Male,,
42223032,Gheorghe Otilia,1426,,Female,,
42242720,Valah Stefania,1424,,Female,,
42213940,Dodi Eduard-Mihai,1418,,Male,,
42247047,Cozma Alexandra-Ioana,1417,,Female,,
42241634,Dosoftei Anastasia-Elisa,0,,Female,,
42246016,Postolache Maya-Stefania,0,,Female,,
42261392,Jitea Ianis-Marian,0,,Male,,
42216605,Szabo Viktor,1755,,Male,,
42225000,Chelu Tudor-Iulian,1675,,Male,,
42234492,Dumitrescu Matei,1589,1494,Male,,
42246610,Ciocarlan-Zamfir Dragos-Vasile,1510,1483,Male,,
42230322,Grigore Miruna-Ioana,1487,1401,Female,,
42219469,Dragoi Aaron-Mathias,1671,,Male,,
42224020,Podoleanu Daniel,1664,,Male,,
42246881,Fratila Iacob-Andrei,1658,,Male,,
42216290,Dutcovici Sabina-Teodora,1621,,Female,,
42212197,Grigorescu Stefan,1605,,Male,,
42240298,Craciun Rares-Christian,1593,,Male,,
42252334,Hrehorciuc Luca-Rafael,1551,,Male,,
42236142,Balan Andreea-Maria,1538,,Female,,
42259860,Dobritoiu Efrem,1516,,Male,,
42243815,Ion Albert-Andrei,1509,,Male,,
42261350,Spahiu David-Andrei,1507,,Male,,
42236282,Table Levin-Filip,1502,,Male,,
42234620,Weis Sara,1488,,Female,,
42260639,Vrabie Iona-Mihail,1482,,Male,,
42226007,Iorgu Teodor-Razvan,1465,,Male,,
42246890,Niculescu David-Gabriel,1431,,Male,,
42236665,Oprea Luca-Stefan,1431,,Male,,
42223547,Rinescu Maria,1423,,Female,,
42247756,Mocanu Amalia-Ioana,1416,,Female,,
42232210,Pestroiu-Braun Karina,0,,Female,,
42220483,Ivascu Ilinca,0,,Female,,
42222249,Tarcatu Horia-David,0,,Male,,
42222214,Lazea Rares-Constantin,0,,Male,,
42249007,Deaconescu Ana,0,,Female,,
42257328,Buclea Irina,0,,Female,,
42249830,Grobmuller David-Josef,0,,Male,,
42259444,Ionescu David-Andrei,0,,Male,,
42242770,Mateescu Armin,0,,Male,,
42249856,Oltean Mihai C.,1716,,Male,,
42255058,Craciun Daria-Maria,1627,,Female,,
42239028,Dutcovici Sebastian-Andrei,1563,,Male,,
42240867,Bojica Victor,1481,,Male,,
42257689,Peter Patrick-Daniel,1454,,Male,,
42250056,Rusu Anastasia-Sofia,1442,,Female,,
42252695,Paslaru Matei-Gabriel,0,,Male,,
42236185,Valutanu Paul,0,,Male,,
42249864,Pavel Vlad,0,,Male,,
42249392,Sur Alex,0,,Male,,
42246644,Ngo Minh-Nhat,0,,Male,,
42257697,Siriteanu Victor-Alexandru,0,,Male,,
42257360,Onica Ioana,0,,Female,,
42242746,Chiroiu Radu,0,,Male,,
42248949,Deaconescu Maria,0,,Female,,
42220440,Chirtop Petru-Iustin,,0,Male,,
42252628,Apostolescu Alexandru-Gabriel,,0,Male,,
42254566,Balan Victor-Gabriel,,0,Male,,
42261163,Dalpra Zarina-Maria,,0,Female,,
42258170,Didier Victor-Octavian,,0,Male,,
42261724,Dragne Sebastian-Matei,,0,Male,,
42247357,Dudau Sara-Gabriela,,0,Female,,
42246911,Pop Sophia-Nicol,,0,Female,,
42252369,Popa Tudor-Andrei P.,,0,Male,,
42262011,Cernat Alexandru-Valentin,,1621,Male,,
42213118,Ivascu Petru,1543,1569,Male,,
42208718,Ivascu George-Sorin,,1530,Male,,
42239222,Gavrila Rares-Stefan,,1477,Male,,
42233780,Paun David-Alexandru,,1461,Male,,
42236169,Ignat Ilinca-Anastasia,0,1434,Female,,
42201101,Ilie Daria-Elena,,1428,Female,,
42224012,Pitica Matei-Daniel,,1423,Male,,
42209226,Mihalcea Andreea-Miruna,,0,Female,,
42247284,Ciulacu Andreea-Cristina,,0,Female,,
42201934,Duidu Cristian Constantin,,0,Male,,
42222192,Ferencz Tudor-Mihai,,0,Male,,
42223997,Mihalcea Elena-Bianca,,0,Female,,
42224624,Runcianu Erica-Maria,,0,Female,,
42242126,Zaharia Ingrid-Maria,,0,Female,,
42249716,Anton Anne-Maria,0,0,Female,,
42232589,Hinescu Leon-Dominic,,0,Male,,
42258022,Popescu Miruna-Maria,,0,Female,,
42258014,Popescu Dragos-Teodor,,0,Male,,
42223938,Belciug Matei-Decebal,,0,Male,,
42258189,Dondera Matei,,0,Male,,
42261864,Dumitru Dragos-Mihai,,0,Male,,
42252792,Gheorghita Andrei-Zian,,0,Male,,
42261899,Musat Emma-Nicole,,0,Female,,
42261902,Nedea Alexandru-Gabriel,,0,Male,,
42257999,Pahomi Matei-Tiberiu,,0,Male,,
42242797,Pelle Matheo-Etienne-Alexandre,,0,Male,,
42261465,Potlog Alexandru,,0,Male,,
42261961,Radu Albert-Efrem,,0,Male,,
42260019,Tomulescu Petru,,0,Male,,
42260027,Untu Eric-Alexandru,,0,Male,,
42261481,Vlaicu Aaron,,0,Male,,
42259908,Anton Vasil-Efrem,0,0,Male,,
42261805,Buja Mario,,0,Male,,
42257930,Codreanu Luca-Rafael,,0,Male,,
42261937,Pitica Matilda,,0,Female,,
42259983,Stan Sebastian-George,,0,Male,,
42258197,Troaca Mihail-Rares,,0,Male,,
42262003,Vasilescu Vlad-Ioan,,0,Male,,
9336117,"Latifa, Alketbi",,0,Male,,
9962972,"Fernando, G W Nethmi L",1664,,Male,,
80801145,"Sawindya, Udani",1661,,Male,,
29929911,"Sanulya, G H S",1650,,Male,,
29984025,"Liyanage, W L  Rehansa Dahami",1605,,Male,,
29976774,"Hewawasam, H H R S Kithnara",1600,,Male,,
80813291,"Ilma, Irshad",1591,,Male,,
29958580,"Wijethunga, H Methuli S",1582,,Male,,
80803172,"Ranasinghe, O R Sithumi Uththara",1573,,Male,,
80820883,"Rathnayake, R M Amani Senuthmi",1561,,Male,,
29957397,"Gunasinghe, Devhara Methsandi",1557,,Male,,
29958520,"Wickramaarachchi, Yesandi",1551,,Male,,
80832512,"Poddalgoda, Vihangi",1547,,Male,,
80831907,"Abeygunarathne, D G Hiruni",1540,,Male,,
29996376,"Ranasinghe, O R Hasini Anuththara",1535,,Male,,
29932203,"Kodithuwakku, Methuli",1534,,Male,,
80801005,"Meegahagedara, Tharuki Hesara",1529,,Male,,
2528533,"O'neill, Matthew",,,Male,1820,
2542501,"Koczynski, Adam",,,Male,1678,
2534924,"Minihane, Dylan",,,Male,1672,
29957907,"Premarathne, Chathupa Nimnadi",1526,,Male,,
80859542,"Kumarathunge, A W Sandasi Nethara",1525,,Male,,
29989825,"Dharmathilake, Senudi",1524,,Male,,
29989760,"Dep, Sanuli",1516,,Male,,
80802559,"Godamunna, Vinuli Sesanga Abeykoo",1511,,Male,,
29984971,"Atapattu, Devlini Nethaki",1504,,Male,,
29933188,"Wasalathilaka, A A N T",1501,,Male,,
29976740,"Hemachandra, M H Chamali Amaya",1499,,Male,,
80813240,"Hewage, Harini Harshali",1492,,Male,,
29941512,"Harischandra, K S T",1485,,Male,,
80803180,"Ranasinghe, V G E",1483,,Male,,
80842534,"Samaraweera, Chamathka Sanudi",1483,,Male,,
80813828,"Rupasinghe, J D Adishree Sanaya",1478,,Male,,
80876986,"Dissanayake, K G R K",1473,,Male,,
80832849,"Wickramarathne, D M D",1469,,Male,,
29984912,"Nawarathna, Nethya Anuki",1466,,Male,,
29957737,"Malkini, T H G Manuthi Odara",1464,,Male,,
80860354,"Galgamuwa, Mahindi Janulya",1463,,Male,,
29977061,"Watagoda, W G Nadithi Hesanya",1462,,Male,,
29983894,"Chandrasiri, Senadi",1460,,Male,,
80801510,"Abeysekara, Tenuki Pasanja",1457,,Male,,
80887643,"Sandali, H G",1452,,Male,,
80833918,"Lekamge, Pahandi Methumsa",1451,,Male,,
29958296,"Senasha, Kalasi",1451,,Male,,
29977096,"Weerasinghe, Savindula",1447,,Male,,
29968470,"Kumara, D A Yehenya Sadeepthi",1437,,Male,,
29990785,"Peramunage, Oneli Senaya",1434,,Male,,
80842100,"Akarsha, S M Gethmi",1433,,Male,,
80849903,"Paragahapitiya, Yugani",1429,,Male,,
80810900,"Jayatilake, J A M Jethmi Vivanya",1421,,Male,,
80813992,"Thiloththama, K A Vinudi Onara",1412,,Male,,
29974500,"Seimi, T M Ashmeetha",1411,,Male,,
80800912,"Bishara, Firdous Amal",1409,,Male,,
80894224,"Wijayananda, Senuli Thathnadi",1407,,Male,,
29983991,"Kodithuwakku, Nethuli",1402,,Male,,
80831915,"Abeykoon, A M Senuri Kaushalya",0,,Male,,
29989345,"Abeysinghe, Samanalee Senulya",0,,Male,,
29985994,"Abhisheka, R M Hirudi Thathsarani",0,,Male,,
80842119,"Akbar, Anqa",0,,Male,,
80863477,"Amarasinghe, A A Tharushi Nethmani",0,,Male,,
80850014,"Amarasinghe, Himasha",0,,Male,,
80814212,"Arafath, Amra Mariyam",0,,Male,,
80883052,"Bandara, Ashani Rashmika",0,,Male,,
80802532,"Bandara, Ashmi Methusari",0,,Male,,
80842135,"Bandara, H B M Siheli Vidara",0,,Male,,
29983878,"Bandara, K G Ovini",0,,Male,,
80802737,"Basnayake, Navya",0,,Male,,
29993970,"De Silva, Thehara Akithma",0,,Male,,
80842186,"De Silva, Thivineya Seyansa",0,,Male,,
80842259,"Dissanayake, Yohansa Kavidini",0,,Male,,
29991943,"Elapatha, Vishmi",0,,Male,,
29986052,"Emil, Hiranshi Diliksha",0,,Male,,
29989981,"Fonseka, Manodya Sandamini",0,,Male,,
29976715,"Galagoda, Senudi Nehansa",0,,Male,,
29983975,"Gunawardana, Geethyavi",0,,Male,,
80833632,"Irshard, Azra",0,,Male,,
80859399,"Jayasingha, S G Damsani Nisakma B",0,,Male,,
80884237,"Karunarathna, A W G Dhanuri Thari",0,,Male,,
80898394,"Kularathna, D M Thihara Anakshi",0,,Male,,
29984017,"Kulasena, Thedara",0,,Male,,
80842399,"Kumarasinghe, Vidya Vidumini",0,,Male,,
80813526,"Meegasthenna, Sanuli Siyansa",0,,Male,,
80803083,"Pahanya, K N Senudi",0,,Male,,
80836208,"Ranathunga, Manuthi Suyara",0,,Male,,
575001896,"Rathnayake, R M Vimansa Dewmini",0,,Male,,
29976987,"Rodrigo, M D Thavishi Dhanyatha",0,,Male,,
80851797,"Samaranayake, Venuki Ruhansa",0,,Male,,
80803270,"Sawethma, K D Methuli",0,,Male,,
29991234,"Senadhinayaka, Dinathma",0,,Male,,
80864511,"Shamaila, Mohamed Imran",0,,Male,,
80811078,"Sharkshana, Rajkumar",0,,Male,,
29977029,"Siriwardane, Miheli Thedara",0,,Male,,
29984076,"Thennakoon, Lineja Yethuli",0,,Male,,
80811116,"Waidyatilleke, Yumandee Vidasma",0,,Male,,
80899005,"Weerasinghe, Galpihille Gedara Er",0,,Male,,
80899021,"Weliwita, W W Janithi Hasanya",0,,Male,,
80895689,"Wickramasinghe, R G W M Vinuli Rivithma",0,,Male,,
80822908,"Wijesinghe, R Nisali Sehasna",0,,Male,,
80842658,"Wijesundara, W M Bihansa L K",0,,Male,,
5232503,"LUMANGTAD, ALIYAH RAE",1943,,Male,,
5280800,"MANTILLA, CAEREL SHANE",1902,,Male,,
5258480,"HALANGDON, ANGEL JHOANNA",1860,,Male,,
5240832,"SUTER, NATHALIE",1798,,Male,,
5272980,"RASAY, RYAN GABRIEL",1969,,Male,,
5288347,"MANANTAN, JUDE RAPHAEL",1900,,Male,,
521053960,"PIBTE, ROMEO CRISTIAN",1848,,Male,,
521028451,"TURTOGO, HANZ CHRISTIAN",1806,,Male,,
5278163,"LANSANG, MATTHEW ANGELO",1746,,Male,,
5288428,"WAMAR, MARC JAMES",1610,,Male,,
547083484,"Hiaan, Sachin Nachnani",,0,Male,,
564035310,"Joshuah, Perez",,0,Male,,
564077039,"Vichare, Rajveer Ruchiraj",,0,Male,,
547086920,"Dhruv, Srivastava",,1428,Male,,
545044082,"Kamble, Ayansh",,1401,Male,,
537096729,"Gadge, Jitej Gadge",,0,Male,,
531065163,"Shivansh, Amit Karia",,0,Male,,
537053906,"Ns, Krishnan Liyaa",,1484,Female,,
558054111,"Advit, Shah",,0,Male,,
564061450,"Joanne, Riona Pinto",,0,Female,,
558054103,"Malhar, Rupesh Kadam",,0,Male,,
44173563,"Харкевич, Степан Анатольевич",,2316,Male,,
34217380,"Червякова, Татьяна Дмитриевна",,2094,Male,,
54153786,"Рычихин, Владислав",,2080,Male,,
24233404,"Георгиев, Алексей",,1967,Male,,
55613632,"Харинов, Никита Андреевич",,1902,Male,,
34477640,"Толстов, Егор",,1824,Male,,
24169960,"Козырев, Максим",,1801,Male,,
24159913,"Смирнов, Роман",,1615,Male,,
55783910,"Матвеев, Константин",,1600,Male,,
24250910,"Дудкин, Алексей",,1572,Male,,
54187478,"Целаков, Сергей",,1571,Male,,
54100801,"Колсанов, Валерий",,1568,Male,,
24155233,"Ганюк, Павел",,1539,Male,,
34385916,"Губкин, Константин",,1519,Male,,
4150562,"Кузьмичёв, Иван",,1458,Male,,
540029484,"Бобова, Анна Андреевна",,1426,Male,,
55703623,"Лопатин, Дмитрий Алексеевич",,1379,Male,,
55785123,"Черенков, Лев",,1363,Male,,
55872123,"Малинов, Николай",,1347,Male,,
55783899,"Кузнецов, Ярослав Владимирович",,1337,Male,,
55872972,"Коваленко, Марк",,1325,Male,,
55894054,"Брызгалин, Денис",,1324,Male,,
540019772,"Ладынин, Евгений",,1323,Male,,
55872409,"Сидоров, Владимир",,1309,Male,,
55770266,"Семенова, Софья",,1305,Male,,
570005141,"Шитов, Вячеслав",,1299,Male,,
55700462,"Иванов, Владимир",,1274,Male,,
522065539,"Чернов, Константин",,1269,Male,,
34472657,"Рычихина, Ольга",,1263,Male,,
55700144,"Черенков, Михаил",,1255,Male,,
34386963,"Васильченко, Георгий Алексеевич",,1234,Male,,
55798039,"Давыдов, Юрий Владимирович",,1227,Male,,
55706231,"Масалов, Ян",,1189,Male,,
34319107,"Смирнов, Артем Викторович",,1181,Male,,
55784488,"Лаптева, Марина",,1164,Male,,
55872646,"Виноградов, Владислав",,1162,Male,,
55871771,"Иванов, Ярослав",,1147,Male,,
55771467,"Петросян, Ваник",,1000,Male,,
34361669,"Соколенко, Александра",,1000,Male,,
33428280,"Ladhe, Meet",,1626,Male,,
33437114,"Kriyansh, Prashant Thakkar",,1573,Male,,
537000640,"Gokarna, Sunil Auti",,1505,Male,,
558002170,"Bijalwan, Dhairya Rajesh",,1501,Male,1491,
429062497,"Darsh, Goyal",,1497,Male,,
547006420,"Akshajj, Menaka",,1465,Male,,
531098908,"Adhvaan, Oswal",,1461,Male,,
537094378,"Lavand, Devyansh Chintamani",,1447,Male,,
537000705,"Kshitij, Bhujbal",,1428,Male,,
564062139,"Rahul, Jenson Pinto",,0,Male,,
429009200,"Vivan, Janardan Kamble",,0,Male,,
534013660,"Sahoo, Shaurya",,,Male,1659,
534013741,"Olivier, Christiaan",,,Male,1599,
14371880,"Vermaak, Alri",,,Male,1562,
534011463,"Finnemore, Ewan",,,Male,1543,
14356945,"Joubert, Joshua",,,Male,1509,
14385074,"Kgwale, Obotegile",,0,Male,,
116032110,"Bhargava, Noah",,,Male,1447,
534012389,"Li, Jiming",,,Male,1427,
534017380,"Bosch Dippenaar, Benjamin",,,Male,1342,
534013563,"Simao, Arya",,,Male,1224,
534012427,"Koorts, Lukas",,,Male,1584,
534012567,"Simao, Raul",,,Male,1455,
534013580,"Swanepoel, Marnu",,,Male,1489,
534029460,"Bogatsu, Oarabile",,,Male,1469,
534007997,"Thomson-Selibowitz, Ryder",,,Male,1445,
534017631,"Tukuru, Inioluwa",,,Male,1434,
14379627,"Visser, Aaron",,,Male,1422,
14362317,"Nason, Cyle",,,Male,1404,
538025833,"Bernhard, Victor",,,Male,1389,
534034749,"Mooki, Gomolemo",,,Male,1308,
14340186,"Van Rensburg, Ben",,,Male,1302,
14375761,"Badenhorst, Michael",,,Male,1301,
534016090,"Thabo, Thato",,,Male,1262,
13600249,"Khoperia, Zaza",,2109,Male,,
13617249,"Goderdzishvili, Giga",,2030,Male,,CM
13605356,"Macharashvili, Tekla",,1896,Male,,
13608657,"Kapanadze, Davit",,1881,Male,,
13621491,"Bekauri, Giorgi",,1875,Male,,
13618369,"Kupatadze, Tornike",,1817,Male,,
13615610,"Maghlakelidze, Saba",,1811,Male,,
13648926,"Ghvinjilia, Saba",,1805,Male,,
13621602,"Shengelia, Mate",,1786,Male,,
13617222,"Mamardashvili, Ana",,1766,Male,,
13617966,"Kilasonia, Lado",,1759,Male,,
13629638,"Khvedelidze, Nodar",,1730,Male,,
13617338,"Biliseishvili, Ilia",,1701,Male,,
13609661,"Okhanashvili, Dimitri",,1691,Male,,
13638980,"Lobiladze, Nikoloz",,1672,Male,,
13619306,"Arevadze, Gvantsa",,1666,Male,,
13653598,"Jangulashvili, Archil",,1635,Male,,
13639021,"Ormotsadze, Dimitri",,1608,Male,,
13637932,"Shavladze, Davit",,1608,Male,,
13644173,"Kanashvili, Ramaz",,1597,Male,,
13653733,"Chkonia, Mikolay",,1556,Male,,
355093760,"Guledani, Gega",,1543,Male,,
13639048,"Poladashvili, Nikoloz",,1542,Male,,
13611534,"Dodelia, Temur",,1526,Male,,
13649124,"Zakariadze, Ioane",,1518,Male,,
13615572,"Evgenidze, Nodar",,1515,Male,,
13654187,"Kvirtskhalia, Teimuraz",,1494,Male,,
355105450,"Skhiladze, Otar",,1486,Male,,
13654144,"Sturua, Nikoloz",,1481,Male,,
13607928,"Gadabadze, Guram",,1474,Male,,
13648942,"Kavtiashvili, Lazare",,1465,Male,,
13627040,"Pkhakadze, Sopio",,1448,Male,,
13653628,"Zhamutashvili, Giorgi",,1432,Male,,
13641581,"Eristavi, Davit",,0,Male,,
10100091,"Soares, Erikson",,,Male,2227,IM
11300507,"Oatlhotse, Providence",,,Male,2213,IM
14338688,"Nel, Hayley",,,Male,1778,
14373700,"Bain, Michael",,,Male,1769,
14307812,"Koekemoer, Bernard",,,Male,1763,
14359405,"Severin, Martin",,,Male,1728,
14360462,"Pasaribu, Matthew",,,Male,1669,
538025841,"Bernhard, Arthur",,,Male,1650,
14394383,"Bienedell, Robin",,,Male,1638,
14342405,"De Waal, Nadine",,,Male,1599,
14358387,"Cloete, Willem Francois",,,Male,1582,
14351196,"Jansen, Alexia",,,Male,1580,
14395762,"Van Dyk, Tayla Mila",,,Male,1579,
14346753,"Meeran, Museera",,,Male,1556,
534012281,"Grobler, Joshua",,,Male,1546,
14373742,"Dsouza, Ethan",,,Male,1535,
534008640,"Ahmid, Kaleem",,,Male,1462,
534002634,"Jacobs, Hanno",,,Male,1363,
534017496,"Thokoane, Mogale",,,Male,1284,
534028099,"Allison, Spencer",,,Male,1273,
14379660,"de Jager, Anneke",,,Male,1130,
22600132,"James, Tondo",,,Male,1921,
22600876,"Debblay, David Leroy",,,Male,1910,
22600086,"Daniel, Kolliemelen",,,Male,1887,CM
22600124,"Jacob, Jallah",,,Male,1874,FM
22600140,"John, Jallah",,,Male,1869,CM
22600744,"Harold, Evans",,,Male,1857,
22600795,"Jerrus, Diggs",,,Male,1857,
22600647,"Kennedy, Zinnah Kengo",,,Male,1836,
22601058,"Wallace, O. Williams",,,Male,1827,
22600043,"Sambola, Kemo K.",,,Male,1824,
22600736,"Miller, Moore",,,Male,1810,
22602348,"Joe, M. Wawoe",,,Male,1802,
22600540,"Monyou, N. Johnwaye",,,Male,1771,
22600264,"Abraham, Kalokoh",,,Male,1740,CM
22600752,"Emmanuel, Tarr",,,Male,1726,
22602259,"Jamal, J. Ghoson",,,Male,1712,
22601775,"Menyon, Alvin",,,Male,1703,
22600590,"James, Bedell",,,Male,1702,
22603506,"Prince, Karpeh",,,Male,1673,
22600418,"Yarkpah, Richmond",,,Male,1602,
22600809,"Brilliance, Karwee",,,Male,0,
22600493,"Christian, Brownell",,,Male,0,
22600779,"Elijah, Saah",,,Male,0,
22603581,"Morris, Joe",,,Male,0,
22601953,"Reed, Onesimus Richlue",,,Male,0,
10657517,"Mohamed Elsaeed, Hatem",,1715,Male,,
54225523,"Milik Sedeak, Safwat",,1641,Male,,
10603182,"Sadek, Taha",,1707,Male,,
10639837,"Ghareeb, Mohamed Reda",,1840,Male,,
10620567,"Ayman, Solaiman",,1638,Male,,
3847926,"Cueva Quispe, Angel",,1666,Male,,
3887693,"Chavez Pezo, Giancarlo Andre",,1572,Male,,
81406584,"Calla Pinedo, Carlos Fabian",,1437,Male,,
81449780,"Bardales Melendez, Andres Fernando",,0,Male,,
81449810,"Garcia Solano, Carlos Francis",,0,Male,,
81469810,"Reategui Santana, Manolo Sebastian",,0,Male,,
81439040,"Santos Noriega, Kevin Jair",,0,Male,,
12909700,"Köhler, Gerhard,Dr.",,,Male,2181,
4611942,"Babrikowski, Peter,Dr.",,,Male,2186,
4633024,"Bindrich, Oswald",,,Male,2105,
24609382,"Rudolf, Matthias,Dr.",,,Male,2117,
4644646,"Schötzig, Detlef",,,Male,2126,
16203283,"SScheuermann, Bernhard",,,Male,2149,
24669172,"Hutschenreiter, Jörg,Dr.",,,Male,2087,
24625310,"Biegel, Thomas",,,Male,2077,
1618393,"Ernst, Michael",,,Male,2061,CM
4659171,"Trösch, Thomas",,,Male,2102,
4676084,"Zühlke, Burkhard",,,Male,2091,
4634373,"Waltenberger, Udo",,,Male,2044,
4697383,"Möller, Peter,Dr.",,,Male,2095,
4657950,"Schötzig, Andreas,Dr.",,,Male,2196,
4638930,"Döserich, Jürgen",,,Male,2037,
4672500,"Weidlich, Günter",,,Male,2105,
4668154,"Cuno, Thomas",,,Male,2050,
4628349,"Hartlieb, Jürgen",,,Male,2043,
4683544,"Franke, Heiko",,,Male,2015,
4680081,"Poetke, Dan-Peter",,,Male,1989,
4641698,"Schmidt, Jörg,Prof. Dr.",,,Male,1970,
533014353,"Göttfert, Michael,Prof. Dr.",,,Male,1965,
16203305,"Wurmb, Peter",,,Male,1979,
4686837,"Kahn, Peter",,,Male,1980,
16212045,"Nauber, Walter,Dr.",,,Male,1969,
24653098,"Könze, Peter",,,Male,1961,
1271063,"Fabig, Holger",,,Male,1942,
4619617,"Fleuch, Hans-Jürgen",,,Male,1948,
24691763,"Mahnke, Ralf,Dr.",,,Male,1917,
533047065,"Bochow, Sven",,,Male,1908,
24616192,"Kaiser, Michael",,,Male,1900,
16228120,"Krien, Hartmut",,,Male,1919,
12975320,"Francke, Dirk",,,Male,2035,
12903205,"Keeve, Martin",,,Male,1890,
12906425,"Erath, Daniel",,,Male,1946,
4695887,"Schöhl, Gerd",,,Male,1955,
34616438,"Dittmar, Markus",,,Male,1884,
1132776,"Zielinski, Olgierd",,,Male,1884,
403580,"Costello, Colin",,,Female,1878,
24651710,"Klemm, Günter",,,Male,1885,
4699165,"Willin, Bernhard",,,Male,1871,
16294530,"Backhaus, Lutz",,,Male,1869,
4686861,"Mückan, Friedbert",,,Male,1906,
24612650,"Zerfass, Otfried",,,Male,1873,
16212096,"Gal, Geza",,,Male,1851,
24681350,"Siggelkow, Axel",,,Male,1872,
12912263,"Graupner, Thomas",,,Male,1836,
24609960,"Liedmann, Hans-Jörg",,,Male,1870,
24610615,"Blumenstock, Axel",,,Male,1875,
12921181,"Kretschmer, Wolfgang",,,Male,1828,
12995053,"Fuhrmann, Andreas",,,Male,1881,
24132721,"Mishin, Fedor",,,Male,1841,
2614987,"Klokow, John",,,Male,1802,
4695348,"Förster, Jürgen",,,Male,1800,
12975311,"Wünschmann, Bernd",,,Male,1833,
12975346,"Kundt, Günther,Prof. Dr.",,,Male,1795,
24623784,"Müller, Dietmar",,,Male,1866,
34668969,"Thomas, Karsten",,,Male,1773,
24622109,"Pews, Kristine",,,Male,1783,
4662342,"Dymann, Frank",,,Male,1853,
301701,"Plicka, Jiri",,,Male,1900,
24625914,"Bertram, Thomas",,,Male,1763,
4627954,"Scholz, Werner",,,Male,1755,
24674400,"Röhrig, Uwe",,,Male,1732,
16272277,"Baensch, Frank",,,Male,1718,
4672020,"Wolke, Reimund",,,Male,1774,
1270896,"Wraga, Hermann",,,Male,1711,
14637413,"Bobnar, Samo",,2116,Male,,
24669970,"Klas, Friedrich Günther",,,Male,1692,
34688137,"Webel, Hartmut",,,Male,1702,
24633186,"Hülle, Gunter",,,Male,1682,
12961981,"Zimmer, Franz",,,Male,1674,
12903302,"Liehr, Guenter",,,Male,1650,
24602493,"Gafke, Manfred",,,Male,1698,
12951277,"Stolzenwald, Frank",,,Male,1639,
16235673,"Brühl, Rainer",,,Male,1607,
1270897,"Wraga, Teresa",,,Male,1601,
39951570,"Medeiros, Scott Andrew",,,Male,1600,
24603988,"Weser, Dietmar",,,Male,1658,
533094772,"Zieschang, Ulrich",,,Male,1569,
1270308,"Rinke, Heiko",,,Male,1497,
24651648,"Bertram, Marina",,,Male,1458,
533016216,"Winkler, Martina",,,Male,1415,
533098387,"Krien, Margit",,,Male,1300,
29636779,"Silva Sobreyra, Sid Diego",,,Male,2211,
5143594,"Rivera Perez, Alfredo Asaf",,,Male,2205,
5190983,"Lozano Garay, David Rey",,,Male,2143,
29648866,"Juarez Cardenas, Gael Andres",,,Male,1919,
29639522,"Rosas Escamilla, Cesar Alejandro",,,Male,1785,
5166098,"Rivera Perez, Jeshua Yael",,,Male,1748,
29628466,"Velazquez Conde, Mateo",,,Male,1725,
550005677,"Luna Martinez, Emilio",,,Male,1683,
29664829,"Hernandez Alba, Luis Angel",,,Male,1676,
29619882,"Serrato Mendoza, Sergio Tonatiuh",,,Male,1643,
29649285,"Dimas Godinez, Carlos Jaziel",,,Male,1597,
550000209,"Serrano Terrazas, Erik Fernando",,,Male,1595,
4511077,"Lain, Sander",,2157,Male,,
4514815,"Oim, Mikk Kaarel",,2044,Male,,
4504690,"Karba, Andres",,2038,Male,,
4519388,"Sild, Aron",,1837,Male,,
4523490,"Toome, Oskar",,1790,Male,,
4504879,"Tiisler, Ander",,1734,Male,,
4516796,"Punning, Andero",,1719,Male,,
4521153,"Alas, Mart Mattias",,1640,Male,,
4525957,"Hansen, Tormi",,0,Male,,
4530829,"Seiiste, Johann",,0,Male,,
4533941,"Seliste, Jakob",,0,Male,,
55659179,"Lubyanov, Roman",1961,,Male,,
24111732,"Absalyamova, Karina",1883,,Female,,WCM
24123587,"Shajakhmetov, Linat",1870,,Male,,
55648762,"Saifullin, Ainur",1808,,Male,,
24247812,"Yarmak, Ivan",1776,,Male,,
540006913,"Sattarov, Ruslan",1763,,Male,,
55666817,"Saitgaleev, Radmir",1755,,Male,,
24283053,"Tazetdinova, Adelya",1722,,Female,,
44142099,"Moskvina, Arina",1716,,Female,,
522084240,"Reshetnikov, Arseny",1657,,Male,,
24263818,"Bikbaev, Askar",1646,,Male,,
55671195,"Zhirnov, Kirill",1638,,Male,,
55899684,"Gatin, Marsel R",1616,,Male,,
522074317,"Tagirov, Emir",1601,,Male,,
34139645,"Kirillin, Maxim",1578,,Male,,
522074279,"Gareeva, Milana",1526,,Female,,
55806856,"Migalina, Viktoriia",1517,,Female,,
522098496,"Razdymakho, Zlata",1513,,Female,,
24210269,"Gabdrakipov, Rinat",1511,,Male,,
522057307,"Mukhamadiev, Ramil",1507,,Male,,
55705715,"Kazakova, Maria",1501,,Female,,
42142466,"ANTONIADIS, ANASTASIOS",,,Male,2023,
4202449,"STEFANOPOULOS, ORESTIS",,,Male,1971,FM
1213253,"CRUCERU, LAVINEL",,,Male,1849,
4206770,"DELI, ELEANNA RATZVIKA",,,Male,1795,
4211049,"TAGKLIS, IOANNIS",,,Male,1643,
4209354,"TOURKOLIAS, DIMITRIOS",,,Male,1640,
541020049,"KADIANAKIS, GEORGE",,,Male,1560,
42156548,"NIKOLAKIS, KONSTANTINOS",,,Male,1528,
4220226,"DIATSINTOS, ILIAS",,,Male,1433,
541017676,"MENGRELIS, NIKOLAOS",,,Male,0,
22518312,"Ghanbaralifarzad, Mohammad Hosei",,2190,Male,,
12553026,"Korevand, Sina",,2049,Male,,CM
32726961,"Rismanchi, Ramtin",,2044,Male,,
12573876,"Aghili Mofid, Davood",,1947,Male,,
12574139,"Mardani, Alireza",,1917,Male,,
36703222,"Kimiaei, Amir Mohammad",,1912,Male,,
36722952,"Azadi, Taha",,1875,Male,,
36702374,"Barat Pour, Daniz",,1854,Male,,
12513032,"Rostami, Roohollah",,1807,Male,,
36703303,"Golzarian, Kiarash",,1796,Male,,
22585800,"Zaheri, Mehran",,1763,Male,,
428036573,"Hejazi, Taha",,1714,Male,,
42597706,"Sameti, Mohammad Mehdi",,1711,Male,,
32726139,"Mardani, Mohammad Mahyar",,1705,Male,,
32753799,"Rezaei, Amir Hosein",,1697,Male,,
32774370,"Khodaei, Amir Ehsan",,1695,Male,,
36711764,"Ghahremani, Hirad",,1661,Male,,
42779901,"Aghajanloo, Parsa",,1633,Male,,
428003594,"Hasani Nourian, Rozhan",,1623,Male,,
36765791,"Jabbari Hesabi, Kian",,1623,Male,,
428004400,"Yaghoubi, Sepehr",,1611,Male,,
22514899,"Etesam, Armin",,1597,Male,1698,
36710938,"Azadi, Ali",,1591,Male,,
36703486,"Abbasi, Mohammad Benyamin",,1585,Male,,
22518339,"Hamidian, Alireza",,1581,Male,,
32779658,"Farhadi, Kian",,1550,Male,,
42743699,"Jafari, Mahan",,1535,Male,,
428004116,"Ashtarani, Mahdiyar",,1528,Male,,
428037359,"Mirzaei, Arad",,1514,Male,,
428004396,"Validabadi, Lena",,1510,Male,,
32798792,"Torkashvand, Sattar",,1472,Male,,
36724440,"Moeini, Seyyed Ali Mahdi",,1466,Male,,
428096878,"Shahbazi, Ashkan",,1466,Male,,
536069795,"Cheraghi, Zahra",,1444,Male,,
536021202,"Heidari, Kimia",,1440,Male,,
562000136,"Delavari, Arshiya",,0,Male,,
562000209,"Khani, Mohammad Emad",,0,Male,,
22601708,"Sackie, Georgina",,,Male,1782,
22601180,"Davis, Meleh M.",,,Male,1524,
22601287,"Sambola, Kemvee H.",,,Male,1435,
22601201,"Banney, Princess K.",,,Male,1429,
22602127,"Abella, M. Sormalah",,,Male,0,
22603727,"Brisbane, Isabella",,,Male,0,
22603719,"Folongah, Robertha",,,Male,0,
22603735,"Yeabe, Susan",,,Male,0,
14601656,"Zorko, Dušan",,2161,Male,,
14600641,"Šlibar, Matjaž",,2086,Male,,FM
14601010,"Jeraj, Zlatko",,1997,Male,1973,
14600846,"Sušnik, Matej",,1940,Male,,
14638681,"Rici, Jurij",,1840,Male,,
14684896,"Kabashi, Besim",,1816,Male,,
14661691,"Balažic, Jon",,1751,Male,,
14682869,"Pashaj, Gani",,1742,Male,,
14601354,"Muri, Emil",,1638,Male,,
14642034,"Zoletič, Admir",,1621,Male,,
14674122,"Sluga, Juš",,1606,Male,,
14684888,"Kabashi, Dalip",,1605,Male,,
14657201,"Praprotnik Šimunič, Izak",,1562,Male,,
14654245,"Turk, Jan",,1553,Male,,
14654520,"Oman, Samo",,0,Male,,
14684900,"Kabashi, Shaip",,0,Male,,
3406342,"PEREZ GORMAZ, Matias",,2239,Male,,IM
3943755,"Marrujo Pardo, Mauricio Emmanuel",,2168,Male,,
3433722,"Orrego Palermo, Marcelo Andres",,2016,Male,,
3457737,"Palma Araya, David",,1960,Male,,
3405028,"Cuevas Araya, Walter",,1935,Male,,FM
3905969,"Zamora, Martin",,1914,Male,,
3402002,"Vargas Maliqueo, Ivan Patricio",,1835,Male,,FM
3402576,"Henriquez Acuña, Julio",,1824,Male,,
3401430,"Cosoi Scherzer, Alejandro",,1802,Male,,CM
3916626,"Leon, Pedro",,1713,Male,,
3438910,"Rozas Lazcano, Valeska",,1704,Male,,
3405290,"Armijo Guerra, Felipe Armando",,1687,Male,,
3936457,"Miniel Montano, Jackson",,1629,Male,,
3400867,"Roman Alvarez, Oscar Carlos",,1558,Male,,
3464334,"Muñoz Tognarelli, Diego",,1502,Male,,
3447120,"Sandoval Sepulveda, Gustavo Adolfo",,1494,Male,,
3405036,"Morales Briceño, Mauricio",,1447,Male,,
3478769,"Villegas Villegas, Marlin",,1405,Male,,
3485730,"Gonzalez Rosas, Erick Benito",,1384,Male,,
3460690,"Isasi Isasi, Victor",,1292,Male,,
3481808,"Avila Miranda, Raimundo",,1271,Male,,
11640359,"Elsbergs, Andrejs",,1483,Male,,
11650214,"Strucajevs, Timofejs",,1429,Male,,
11635878,"Babics, Daniils",,0,Male,,
11635886,"Babics, Leons",,0,Male,,
11637960,"Belovs, Dmitrijs",,0,Male,,
11640162,"Bogdanovics, Mihails",,0,Male,,
11646420,"Romanovskii, Stepan",,0,Male,,
11644010,"Ronzins, Grigorijs",,0,Male,,
11640308,"Šeršnovs, Pavels",,0,Male,,
11648457,"Zubova, Anastasija",,0,Male,0,
5154316,"Diaz Bartolo, Elizabeth Schahrazad",,,Male,1920,WFM
29640571,"Lee, Martinez Samanta Sinai",,,Male,1779,
29649056,"Garrido, Melendez Diana Sofia",,,Male,1700,
29600103,"Cervantes Velazquez, Naomi Sugey",,,Male,1680,
533005060,"von Renesse, Hans - Konstantin",,,Male,1539,
533048738,"Janulis, Vykintas",,,Male,1504,
533004978,"Oenguen, Magnus",,,Male,1472,
533067716,"Voss, Tobias",,,Male,1369,
12944459,"Glaschak, Joachim",,,Male,1355,
533010579,"Zehnpfennig, Jessika",,,Male,1242,
533017026,"Klassen, Jonah Maxim",,,Male,1154,
34697292,"Neumann, Viktoria",,,Male,1151,
34697314,"Kowalzik, Lotta Sophie",,,Male,1147,
533034869,"Kowalzik, Lorenz",,,Male,1096,
34663657,"Niehoff, Joerg",,,Male,1067,
533074763,"Etezazi, Sascha Armin",,,Male,0,
533073511,"Pauk, Mathis",,,Male,0,
533059470,"Schrader, Andreas",,,Male,0,
25027980,Unnikrishnan M A,,,Male,1824,
25016288,Aneesh A,,,Male,1677,
25008838,Sanil S,,,Male,1598,
25961632,Rahul P Nair,,,Male,1560,
14604116,"Pucelj, Jože",,2071,Male,,
14606631,"Zupančič, Urban",,1987,Male,,
14635569,"Brgan, Niko",,1946,Male,,
14660466,"Hudoklin, Jurij",,1857,Male,,
14601397,"Urbanč, Suzana",,1807,Male,,
14659956,"Tešar, Jakob",,1769,Male,,
14620260,"Jerančič, Bojan",,1754,Male,,
14641070,"Lončarevič, Jovo",,1718,Male,,
14635178,"Lubej, Ivan",,1708,Male,,
14663112,"Fabjančič, Lenart",,1700,Male,,
14681714,"Biščić, Adem",,1678,Male,,
14635186,"Šetina, Željko",,1623,Male,,
14637634,"Horvat, Božidar",,1597,Male,,
14668823,"Markovič, Luka",,1529,Male,,
14668874,"Markovič, Nino",,1411,Male,,
14685914,"Šuštarič, Leon",,0,Male,,
14683474,"Markovič, Simon",,1646,Male,,
2654067,"Delgashev, Daniel",1186,,Male,,
2681480,"Muthukumaran, Mithran",1131,,Male,,
547064293,Jeevith V,,,Male,0,
558050990,Sowmika M,,,Female,0,
34525335,"ÖZSAYIN, BERK",,,Male,1615,
51695464,"YAYLA, TUNCAY",,,Male,1581,
51636247,"ÇAVDAR, NEŞAT",,,Male,1549,
26343860,"BAKICI, EGE",,,Male,1483,
51601389,"IŞIK, AHMET TÜRKER",,,Male,1395,
51636506,"ÇAKMAK, KEREM",,,Male,1209,
525042386,"AYGÜN, BATU",,,Male,1197,
537061402,Agaran S V,,,Male,1638,
531017088,Charvaka Piya A B,,,Male,1514,
304094836,J Jeshua,,,Male,1459,
564061019,Sai Aadvik N,,,Male,0,
558056491,Sai Rakshith S,,,Male,0,
537095099,Subramanian Muthukaruppan,,,Male,1534,
531045731,Sujeeth Shivesh N V,,,Male,1525,
88178684,Hariharaselvan P,,,Male,1498,
537001698,Gautham Harish N V,,,Male,1442,
33395462,Darsan S,,,Male,1440,
531074421,Siddharth H K,,,Male,1432,
537042076,Ishaan Dhanasekaran,,,Male,1421,
564003736,Stevetson S,,,Male,1409,
531044271,Aadhav Vel,,,Male,0,
547058315,Abhinav Sabarish,,,Male,0,
558001930,Ashwin A,,,Male,0,
564053857,K Jotheesh,,,Male,0,
558001263,Nivesh R,,,Male,0,
547031115,Sanjith V,,,Male,0,
25685805,Pranav K P,,,Male,2210,FM
25698257,Naveen K S,,,Male,1945,
25794302,Raaghav Kabil M,,,Male,1880,
25625420,Aakash K P,,,Male,1866,
5084474,Chujeeth Vignesh A,,,Male,1841,
366108182,Ar Saisharvesh,,,Male,1814,
25042149,Arun Kumar A,,,Male,1704,
33474729,Pranav Ramkumar,,,Male,1661,
25960008,Sahana S,,,Female,1643,
35055291,Sriram S,,,Male,1642,
46670831,Gowtham Subramani,,,Male,1641,
25723324,Sanjaykumar M,,,Male,1604,
48763071,Shiv Shankar,,,Male,1591,
45073945,Puvaneswaran M,,,Male,1589,
5083729,Muthu Palaniappan P L,,,Male,1586,
547017708,Pratyushraj Swain,,,Male,1553,
25781006,Ganesh Stapathy P,,,Male,1546,
46633731,Prahadheeshwar C M,,,Male,1501,
25698869,Karthik N,,,Male,1500,
564043215,Pandi Kirubhakaran E,,,Male,1500,
537061020,Arjun Krishnan S,,,Male,1496,
45072760,Ismail Zabiullah S,,,Male,1496,
531046053,Navaneetha Krishna,,,Male,1485,
537077228,Magnus Shajon S,,,Male,1480,
25610597,Rangan Kumar,,,Male,1460,
537060686,Thean Iniyan S,,,Male,1452,
547099640,Thiyash S,,,Male,1445,
88137210,Subramanian Ganesan,,,Male,1443,
48757764,Balapandian Bharath V,,,Male,1434,
547031476,Kailashini Saravanaprabu K S,,,Female,1431,
374097931,Kavibharathi Senthil Kumar,,,Male,1430,
25940430,Vinodh R,,,Male,1423,
564021416,Kavitha Deenadayalan,,,Female,1418,
558067744,Ashrith Valiyapathi,,,Male,0,
547057882,Sabarish G K,,,Male,0,
547052686,Sairam Kishore M,,,Male,0,
10876120,"Rayvon, Kirega",,,Male,0,
537042254,Ashwin P S,,,Male,1624,
537093827,Sai Vishnu Senthilanthan,,,Male,1581,
33360170,Rohith P,,,Male,1479,
374099856,Viswanathan Koushik,,,Male,1432,
429042682,Shravan Ravi,,,Male,1420,
547093293,Rithwik Radesh Adhikari,,,Male,1419,
537060813,Harshad R,,,Male,1416,
547058099,Sairam S,,,Male,1413,
537041797,Raghav K,,,Male,0,
88194043,Rithviya Deepak,,,Female,1419,
547064285,Perezhil Yazhini S,,,Female,0,
1142011,"Borowski, Jarosław",1871,,Male,,
21829853,"Zarzecki, Dymitr Stanisław",1862,,Male,,
41819918,"Skiba, Igor",1796,,Male,,
21882088,"Leszcz, Mateusz",1777,,Male,,
41894545,"Ruła, Natan",1675,,Male,,
41858425,"Pietrzak, Paweł",1674,,Male,,
21018472,"Szczygielski, Adam",1658,,Male,,
21826862,"Dorau, Zygmunt",1642,,Male,,
545000530,"Marzec, Michał",1641,,Male,,
545006040,"Cieślukowski, Olgierd",1508,,Male,,
3419606,"Salgado San Martín, Heraldo Andrés",,1672,Male,,
3430499,"Bustos Mendez, Ramon Marcelo",,1513,Male,,
3453847,"Rivera Fernandez, Felipe Javier",,1474,Male,,
3456188,"Pereira Pincheira, Christian",,1448,Male,,
3408167,"Cid Zambrano, Elias Alfredo",,1434,Male,,
3411737,"Meneses Neira, Patricio Alberto",,1418,Male,,
3443949,"Espinola Opazo, Matias",,1384,Male,,
3428125,"Vasquez Villarroel, Sergio Abraham",,1343,Male,,
3428133,"Vergara Vergara, Jorge",,1311,Male,,
3422909,"Paz Villa, Luis Rodrigo",,1282,Male,,
10893555,"Cheruto, Wanjiru Waikwa",,,Male,0,
10849955,"Genesis, Alisa Lulu",,,Male,,
10855106,"Jasmine, Idella",,,Male,,
10894535,"Khushi, Gudka",,,Male,,
10852956,"Andy, Zane Wright",,,Male,,
10853103,"Bowen, Ndegwa Waikwa",,,Male,,
10884890,"Yator, Mugo Waikwa",,,Male,,
14606291,"Hozjan, Štefan",,2043,Male,,
14656612,"Katarič, Marjan",,1782,Male,,
14642077,"Kavčič, Marko",,1677,Male,,
14622173,"Hadžič, Muradif",,1569,Male,,
14656604,"Družinec, Srečko",,1519,Male,,
14670305,"Oblak, Lado",,1500,Male,,
130105418,"Vehar, Bruno",,1000,Male,,
14655551,"Rus, Aleksej",,1000,Male,,
14665255,"Vehar, Simon",,1000,Male,,
10862439,"Atarah, Wright",,,Female,1419,
10842926,"Abigael, Njeri Kinyua",,,Male,,
10859519,"Anna, Isabella Wanjiku Mathu",,,Male,,
10880410,"Sophie Njeri,",,,Male,,
10894080,"Tumi, Keli",,,Male,,
10835539,"Dennis, Waichinga",,,Male,1459,
554002486,"Dylan, Jason Mwangi Njoroge",,,Male,0,
10866400,"Leon, Njuguna",,,Male,0,
10836616,"Nathan, Muitta Kinyua",,,Male,0,
26375966,"KURNAZ, DURU",,,Male,1622,
6367232,"ASLAN, CEYLAN",,,Male,1560,
525002163,"SİREKBASAN, ELA",,,Male,1489,
51611015,"KOÇ, ASEL",,,Male,1441,
26315645,"ÖZŞAHİN, DOĞA",,,Male,1416,
525015028,"SAĞLAM, MİRAY",,,Male,1314,
26315653,"ÖZŞAHİN, DURU",,,Male,1310,
525018302,"ŞENCAN, ILGINNUR",,,Male,1279,
525032941,"ALTAN, ZEYNEP",,,Male,1277,
525002309,"YELTEKİN, DEFNE LARA",,,Male,1258,
26315475,"KAHRAMAN, CEREN",,,Male,1252,
525003909,"GİDER, ZEYNEP",,,Male,1235,
26358840,"ÖZTÜRK, FATMA",,,Male,1189,
525024620,"ÖZCAN, AYŞE EBRAR",,,Male,1177,
525032992,"ALTINAY, MELİSA",,,Male,1172,
26316196,"FİDAN, SENA",,,Male,1160,
525017322,"KÜPCÜ, ZEYNEP BETÜL",,,Male,1124,
525036580,"ERGENE, YAĞMUR",,,Male,1061,
51622564,"ÖZTÜRK, ECE",,,Male,1049,
525025643,"GÜLER, MELİSA",,,Male,1035,
554011639,"Kyle, Kimani Kalii",,,Male,,
554007844,"Matthew, Ambula",,,Male,,
525024736,"ŞEN, EBRAR",,,Male,1164,
525014803,"GÜLBAZ, POYRAZ",1607,,Male,,
525037625,"HENDEN, EGEMEN",,,Male,1376,
51640945,"TURAN, RÜZGAR",,,Male,1531,
51659921,"BOGOÇLU, ALPEREN",,,Male,1463,
51618958,"BARAN, ARAS",,,Male,1457,
525017330,"LUTFULLIN, MERYEM",,,Male,1371,
51641097,"BAHÇEBAKAN, AZRA",,,Male,1359,
51697815,"KURU, RECEP ATAHAN",,,Male,1350,
51640740,"KILIÇ, ALİ",,,Male,1159,
525017136,"ÜNAL, ALİ RIZA",,,Male,1083,
525004026,"SALI, KUMSAL ADA",,,Male,1338,
525018183,"KOÇAR, DEFNE",,,Male,1180,
12502006,"Vaghar, Mohsen",2143,,Male,,
42527996,"Alizadeh, Amirmohammad",2135,2149,Male,,
36758728,"Khelghatdoust, Amirali",2048,,Male,,
12556157,"Gerayeli, Kiarash",2037,,Male,,
12556700,"Eghdam, Pouria",2026,,Male,,
36736031,"Pir, Mehdi",2012,,Male,,
12563773,"Asadi, Atabak",2003,2032,Male,,
12502081,"Samsam, Farhad",1994,,Male,,
12585246,"Jamali, Pouria",1968,,Male,,
32769857,"Kouchaki, Amirreza",1953,,Male,,
12500429,"Deljou, Rahim",1950,,Male,,
36787337,"Eshkevari, Sahand",1943,,Male,,
36777161,"Abdollahi Lakeh, Alireza",1936,,Male,,
22538321,"Masoumi, Sahel",1936,,Female,,
32797354,"Rajabzadeh, Arsam",1929,,Male,,
36712825,"Gharaee Shirazi, Shervin",1923,,Male,,
36776220,"Fardi, Kian",1919,,Male,,
42503990,"Honarparast, Mohammad",1916,,Male,,
22546456,"Mohamadi, Niyousha",1915,,Female,,WIM
22535853,"Karami, Mahan",1907,,Male,,
42557429,"Noorinezhad, Nafas",1898,,Female,,
42583535,"Mehrkhah, Hadi",1892,,Male,,
12592048,"Masoumi, Mohammad",1857,,Male,,
12508870,"Shasti, Mohammadreza",1839,,Male,,
22531734,"Shafiee, Parham",1822,,Male,,
32736070,"Darang, Mehrbod",1796,,Male,,
36775916,"Kosari, Sarina",1794,,Female,,
42743818,"Yadollahi, Parham",1772,,Male,,
42757398,"Termeh, Arsam",1771,,Male,,
42705746,"Razmjou, Elia",1761,,Male,,
32720041,"Golipour, Saba",1746,,Male,,
12521922,"Shahbazi, Gholamreza",1740,,Male,,
42543690,"Gholizadeh, Abolfazl",1736,,Male,,
32723369,"Farhood, Alireza",1732,,Male,,
36756709,"Pourabdian, Fatmeh",1731,,Female,,
36766321,"Mohammadi, Seyed Arshan",1715,,Male,,
32736215,"Forootan, Avash",1713,,Male,,
32711301,"Kazemi, Parham",1712,,Male,,
32749384,"Torabzadeh, Seyyed Arvin",1691,,Male,,
42511763,"Shafiei, Mojtaba",1687,,Male,,
536027901,"Mohammadi, Amirmahdi",1683,,Male,,
42715717,"Saharkhiz, Arash",1678,,Male,,
42705754,"Safari, Amirmohammad",1675,,Male,,
42715695,"Rokhjavan, Mahdi",1669,,Male,,
428084659,"Ghadimi, Karen",1667,,Male,,
42758742,"Khodadadi, Nafas",1664,,Female,,
42552931,"Mobaraki, Sajjad",1655,,Male,,
42562511,"Yousefi, Ahmadreza",1654,,Male,,
36774073,"Ahmadi, Arian",1645,,Male,,
22567275,"Omidvar Seyghalani, Mohammad",1642,,Male,,
36777463,"Daroogar Sabet, Samin",1634,1875,Male,,
42766397,"Sharafi, Arsha",1631,,Male,,
42752086,"Hashemi, Hirad",1624,,Male,,
36771040,"Kafash Lahiji, Ramtin",1621,,Male,,
36776378,"Nabizadeh, Arghavan",1620,,Female,,
22534610,"Alipour, Mohammadreza",1611,,Male,,
42747210,"Rokhjavan, Narges",1604,,Female,,
42741564,"Farjoud, Amirmahdi",1603,,Male,,
42741610,"Sayyar, Zahra",1591,,Male,,
42768764,"Hosseinpour, Mojtaba",1581,,Male,,
42508894,"Mirmoosavi, Dornaz Sadat",1581,,Female,,
36713074,"Sabzekar, Mohammadhosein",1580,,Male,,
32730748,"Shahbazi, Hirad",1580,,Male,,
428019199,"Maleki, Zanyar",1578,,Male,,
42516005,"Hanafi, Mehrsa",1577,,Male,,
12513440,"Najibi, Khashayar",1575,,Male,,
12526118,"Shabgard, Fraidon",1571,,Male,,
36792829,"Emami, Amirparsa",1570,,Male,,
32705875,"Moradi, Artan",1569,,Male,,
22557474,"Shabanzadeh, S.Negar",1569,,Male,,
428073479,"Paghandeh, Alireza",1566,,Male,,
36750166,"Sayyar Taramsari, Sena",1566,,Male,,
428049101,"Vafaei, Rezarad",1565,,Male,,
12528722,"Rahmani Siyah Larz, Iraj",1562,,Male,,
428092120,"Eftekhari, Samyar",1561,,Male,,
42562520,"Yousefi, Rayehe",1561,,Female,,
42766249,"Ghalei, Artin",1559,,Male,,
42705444,"Bahari, Mohammadmehdi",1552,,Male,,
428001931,"Navidi, Parham",1551,,Male,,
42752000,"Delzendeh, Arnika",1548,,Male,,
36741272,"Kouchaki, Aein",1544,,Male,,
12593869,"Gelian Ahmadi, Zahra",1540,,Female,,
428080580,"Aghapour, Pouyan",1537,,Male,,
536081248,"Tanha, Ali Asghar",1530,,Male,,
428026276,"Sedighi, Amirmohammad",1513,,Male,,
22561633,"Hosseinzadeh, Mohammad",1512,,Male,,
428018044,"Yegan, Hami",1509,,Male,,
36777315,"Mohebbi, Artam",1504,,Male,,
536018317,"Khadem Arkani, Eilya",1503,,Male,,
36764060,"Mozaffari, Raha",1502,,Male,,
428009070,"Valizadeh, Sadra",1501,,Male,,
428000862,"Abedi, Barsam",1499,,Male,,
536018023,"Shabanpoor, Hirad",1499,,Male,,
536020010,"Hasanpour, Mohammad Yasin",1496,1447,Male,,
428018010,"Hasanpoor, Arad",1495,,Male,,
428018931,"Ghaderi, Arash",1493,,Male,,
42783399,"Shoashargh, Ardiyan",1491,,Male,,
428033400,"Esmaeilzadeh, Yasin",1489,,Male,,
36743291,"Gholizadeh, Aryaz",1487,,Male,,
42556465,"Hashemi, Amirhoseyn",1485,,Male,,
428080572,"Aghapour, Nikan",1483,,Male,,
32711360,"Poursafar, Amirali",1481,,Male,,
42731089,"Rezazadeh, Mohammadali",1481,,Male,,
42589533,"Ghasemi, Hasan",1476,,Male,,
536018163,"Abedini, Bardia",1473,,Male,,
42785588,"Pourali, Parsa",1473,,Male,,
42752191,"Mohammadi, Parsa",1471,,Male,,
36794007,"Norouzi, Rahil",1469,,Female,,
42783380,"Poursadegh, Mehrsam",1469,,Male,,
428019709,"Yahya Mahmoodi, Savina",1465,,Male,,
42728355,"Masoumi, Nariman",1463,,Male,,
536050687,"Alizadeh, Mohammad Mahdi",1459,,Male,,
428080637,"Jamali Pour, Yekta",1457,,Male,,
428048997,"Pakzad, Delsa",1448,,Male,,
536041246,"Bavaghar, Aliasghar",1443,,Male,,
536038105,"Nasiri, Mehrad",1443,,Male,,
42752094,"Hojjat Sayiari, Arad",1439,,Male,,
42798892,"Faghih Shojaei, Elsana",1432,,Female,,
36764108,"Nazem, Mahbod",1425,,Male,,
428076680,"Emdadi, Arya",1407,,Male,,
536045020,"Alimohammadi Keivani, Janan",0,,Male,,
562007742,"Alirezanejad Gohardani, Roksane",0,,Female,,
428018737,"Amiri, Sadra",0,,Male,,
428008928,"Bahmani, Taha",0,,Male,,
428076664,"Daliri, Mohammadbagher",0,,Male,,
536095206,"Eftekhari, Nima",0,,Male,,
562007947,"Eghbali, Mohammadsadegh",0,,Male,,
79332099,"Dusanic, Leon",,0,Male,,
79345425,"Komadina, Mauro",,0,Male,,
79332137,"Petryk, Sviatoslav",,0,Male,,
9223783,"Mitic, Srdjan",,,Male,2081,
9215446,"Kostic, Dusan B",,,Male,2026,
922730,"Ristic, Boban",,,Male,1996,
906786,"Radenkovic, Dragan",,,Male,1995,FM
9211416,"Ignjatovic, Goran",,,Male,1918,
952486,"Pesic, Predrag",,,Male,1891,
959952,"Djuric, Goran J",,,Male,1851,
961949,"Gacik, Ivica",,,Male,1841,
902250,"Savic, Jovica",,,Male,1715,
977179,"Tasic, Stanisa",,,Male,1704,
912778,"Novcic, Tomislav",,,Male,1701,
9250683,"Mitic, Dragoljub",,,Male,1668,
9218070,"Filipovic, Zarko",,,Male,1616,
974331,"Manasijev, Manolca",,,Male,1586,
167105395,"Radojkovic, Vladimir",,,Male,1513,
9241897,"Plavsic, Andrija",,,Male,1509,
14384019,"Kammies, Arno",1549,,Male,,
14384094,"Stolz, Justin",1540,,Male,,
14360853,"Manton, Charlie",1529,,Male,,
14384000,"Fleurs, Eli",1493,,Male,,
14384159,"Bruton, Caleb",1490,,Male,,
14396564,"Retief, Jurian Johannes",1474,,Male,,
534011927,"Viviers, Divan",1447,,Male,,
534014101,"Seyali, Christopher",1359,,Male,,
534011854,"Du Toit, Adrihano",1354,,Male,,
534014110,"Simanase, Nkosisiphile",1319,,Male,,
14384256,"Prinsloo, Emmanuel",1232,,Male,,
534011900,"Potberg, Hyrone",1210,,Male,,
534016902,"Masimini, Khazimla",1200,,Male,,
534014438,"Cornelius, Zandrich",1198,,Male,,
534040382,"Miners, Akahlulwa",1198,,Male,,
14396580,"Twazi, Enzokuhle",1198,,Male,,
32015020,"Antonio Cabrera Guerrero,",,1948,Male,,
536053112,"Hadinezhad, Erfan",,1867,Male,,
42531446,"Sarijloo, Reza",,1842,Male,,
428078071,"Sarabadani, Mohammad Matin",,1772,Male,,
42531438,"Sarijloo, Morteza",,1733,Male,,
42749301,"Shojaee, Hasan",,1727,Male,,
42502250,"Rahimi, Morteza",,1702,Male,,
428007522,"Nasiri, Mohammad",,1695,Male,,
42509467,"Abdi, Morteza",,1687,Male,,
42596602,"Moumivand, Hamid",,1600,Male,,
32703368,"Safavi, Hossin",,1593,Male,,
536039667,"Khajevandi, Mehrzad",,1489,Male,,
536068306,"Taghizadeh, Hamid",,1485,Male,,
14369168,"Powell, Dominic",1694,,Male,,
14354764,"Krieger, Charles Richard",1570,,Male,,
14369117,"Marx, Bronwyn",1507,,Male,,
14369265,"Marais, Juan-Pierre",1424,,Male,,
14374293,"Janse Van Rensburg, San-Marie",1361,,Male,,
14396440,"Van Gent, Ettienne",1238,,Male,,
534021850,"Qhankqashe, Yamkela",1169,,Male,,
14384345,"Ozah, Chinedu",1460,,Male,,
14384779,"Ndumela, Bulumko",1443,,Male,,
534031766,"Vermaak, Riaan Junior",1420,,Male,,
534019693,"Nyabeni, Liyonela",1402,,Male,,
534018476,"Retief, Marize",1402,,Male,,
534019715,"Fihlani, Imihle",1381,,Male,,
534019723,"Leen, Angelo",1379,,Male,,
2540266,"Carr, Sean",,,Male,1631,
534016589,"Mabapa, Pabi",1307,,Male,,
534031928,"Williams, Genesis",1304,,Male,,
534040269,"Lind, Amy",1289,,Male,,
14384353,"Prinsloo, Dawid",1255,,Male,,
534040242,"George, Cody",1254,,Male,,
534019707,"Spencer, Grace",1226,,Male,,
534040358,"Zietsman, Shan-Leigh",1220,,Male,,
534017305,"Hauptfleisch, Zandri",1217,,Male,,
534040374,"Meintjes, Gian",1203,,Male,,
534022848,"Njoku, Nicole C",1201,,Male,,
534022856,"Potgieter, Chanio Cloe",1197,,Male,,
534040285,"Mabanga, Syakholwa",1196,,Male,,
534040277,"Ludidi, Ayolise",1184,,Male,,
14384191,"Kettledas, Jerrin Fagan",1177,,Male,,
534019677,"Kotze, Maya",1176,,Male,,
2949210,"Bakalski, Martin",1732,,Male,,
2941961,"Dimov,, Yancho Tod",1850,,Male,,
2966948,"Dimitrov,, Miroslav B.",0,,Male,,
2966786,"Georgiev,, Stiliyan",0,,Male,,
2954338,"Sabotinov, Valko",0,,Male,,
2966930,"Smith,, Joshua A.",0,,Male,,
525031287,"ÖZATA, HATİCE AYDA",1381,,Female,,
525016636,"BOZAR, EMİR TAHA",1359,,Male,,
26382113,"YALÇIN, ADİL",1358,,Male,,
51698153,"URGANCIOĞLU, ARDA",1318,,Male,,
6311245,"KESGİN, HİMMET TOPRAK",1311,,Male,,
26326523,"KOCA, ÖMER FARUK",1300,,Male,,
44505590,"AYGÜL, HÜSEYİN",1157,,Male,,
145111162,"TAŞTAN, ALİ",1095,,Male,,
51604086,"DOĞAN, MUSTAFA HADİ",1085,,Male,,
51633132,"LEVENT, YUSUF",1000,,Male,,
13855271,"SEMETEIOV, USMAN",0,,Male,,
14580233,"Sundać, Ivano",,2318,Male,,FM
14602709,"Beletič, Danijel",,2311,Male,,FM
14603870,"Ule, Evald",,2195,Male,,
14567059,"Hajdinić, Ema",,2120,Female,,WCM
14601630,"Šolmajer, Luka",,2087,Male,,
14610370,"Šajn, Simon",,2045,Male,,
14527138,"Jerković, Maroje",,2031,Male,,
14582082,"Jurić, Andrija",,1949,Male,,
14511835,"Samblić, Silvano",,1925,Male,,
14624958,"Rolih, Miran",,1922,Male,,
14533421,"Jurman, Nenad",,1912,Male,,
79324550,"Ćupić, Andrej",,1890,Male,,
14500477,"Čamber, Ivan",,1888,Male,,
14514036,"Hodanić, Darko",,1855,Male,,
79321895,"Stefan, Marino",,1835,Male,,
14608278,"Milunovič, Vlado",,1806,Male,,
14590174,"Šaina, Ivan",,1801,Male,,
14508451,"Kvaternik, Siniša",,1794,Male,,
14561433,"Kunac, Antun",,1782,Male,,
14595508,"Nakićen, Laura",,1752,Female,,
14514117,"Pijanović, Dušan",,1735,Male,,
79327915,"Cvitanović, Silvano",,1735,Male,,
79321879,"Stefan, Alessia",,1632,Female,,
14575906,"Ravlic, Tamara",,1600,Female,,
79321887,"Stefan, Emily",,1544,Female,,
79324568,"Ćupić, Stefan",,1445,Male,,
10603387,"Negm, Ahmed",,1978,Male,,
10627650,"Metawee, Ashraf",,1934,Male,,
10612980,"Elawamy, Wael",,1902,Male,,
10620168,"Eltansawy, Mohamed A.Ghany",,1878,Male,,
10644555,"Ezzaldeen, Moustafa",,1809,Male,,
10644857,"Hamouda, Alaa",,1794,Male,,
54201160,"Mohamed Hosney, Yasein",,1424,Male,,
10644474,"Abo Elhaithem, Ahmed",,0,Male,,
555005373,"Elboraey, Mohamed",,0,Male,,
555005403,"Elsaeid, Adam",,0,Male,,
555009573,"Fathy Hesham, Ahmed",,0,Male,,
54240794,"Hamdi Khalil, Ahmed",,0,Male,,
555009603,"Ramadan Rady, Ehab",,0,Male,,
555005772,"Salah, Waleed",,0,Male,,
2100681,"Regina Ribeiro,",1892,,Female,,WIM
22726764,"Ana Clara Barreto e Silva,",1712,,Female,,
22762205,"Débora Oliveira Lopes da Silva,",1549,,Female,,
44763310,"Luana Silva dos Santos Lopes,",1522,,Female,,
44758049,"Elisa Gevezier Silva,",0,,Female,,
538081822,"Beatriz Ferreira dos Santos,",0,,Female,,
44785631,"Alice Maria de Brito,",0,,Female,,
538043742,"Ana Clara Silva de Pinho,",0,,Female,,
44799152,"Chiara Maria de Brito,",0,,Female,,
44707010,"Ananda Vitoria Lopes Andrade,",1639,,Female,,
44753705,"Marya Clara Guerreiro Santana Si,",0,,Female,,
44795459,"Nara Zilda Fonseca Schuller,",0,,Female,,
5185882,"Duran Gen, Iker",,,Male,1784,
5188059,"Pille Cruz, Juan Luis",,,Male,1770,
523097469,"Garcia, Cortes Rocha Fernando",,,Male,1750,
29647509,"Garcia Chavez, Jesus Axel",,,Male,1714,
29605776,"Vera Morales, Matheus",,,Male,1679,
29649560,"Arenas Arreola, Victor Uriel",,,Male,1633,
29649773,"Vargas, Proa Jesus Emmanuel",,,Male,1631,
29649684,"Negrete Labrada, Patricio",,,Male,1624,
29649480,"Razo Astudillo, Said Omar",,,Male,1572,
29649587,"Cardenas, Gaytan Tadeo",,,Male,1465,
81472919,"Perez Campos, Andres Jesus",,1412,Male,,
81466447,"Luna Davila, Benyamin Gabriel",,0,Male,,
81472927,"Perez Campos, Jean Renne Valentino",,0,Male,,
81476094,"Prado Lima, Sebastian Gabriel Alan",,0,Male,,
81484780,"Valdivia Lozano, Iker Jesus",,0,Male,,
32079087,"Prats Fares, Nahuel",,1931,Male,,
2277980,"Peinado Ruiz, Reinaldo",,1910,Male,,
24557560,"Thomsen, Thomas Claudius",,1831,Male,,
22245693,"Molina Molina, Jose Antonio",,1807,Male,,
32020945,"Martin Ruiz, Antonio",,1769,Male,,
535026740,"Gonzalez Luzon, Leo",,1750,Male,,
94772614,"Vargas Del Moral, Rafael",,1587,Male,,
94774196,"Gallego Muñoz, Jorge",,1531,Male,,
54505844,"Garrido Gonzalez, Francisco Javier",,1518,Male,,
94747830,"Herrera Varona, Jose Ramon",,1469,Male,,
523083190,"Pinto Ruiz, Cosme",,1464,Male,,
523083301,"Seco De Herrera Martinez, Pablo",,1396,Male,,
523083247,"Rienda Fernandez, Ruben",,1361,Male,,
553000595,"Perez Anguita, Arturo",,1346,Male,,
535058595,"Martinez Rubio, Manuel",,1302,Male,,
553009312,"Garcia Garcia, Sara",,0,Male,,
14374714,"Moolman, Anrico",1632,,Male,,
14348179,"Stuurman, Pedro",1612,,Male,,
14376458,"Mclachlan, Geoffrey",1585,,Male,,
14384558,"Maziena, Lavanya",1581,,Male,,
14384680,"Ngqoyiya, Somila",1537,,Male,,
14369079,"Krieger, Brian",1527,,Male,,
11012072,"Munemo, Tanaka",1496,,Male,,
14390469,"Steenkamp, Gideon",1494,,Male,,
534031820,"Oosthuizen, Stefan",1461,,Male,,
14346923,"Grove, Jacques Francoi",1418,,Male,,
14384086,"Stantcheva, Damon",1398,,Male,,
14390434,"Rudolph, Kevin-Clark",1359,,Male,,
14390396,"Nhanha, Sinakekele",1355,,Male,,
14384230,"Mfabana, Alunamda",1343,,Male,,
14390345,"Hendricks, Zayden",1333,,Male,,
534022902,"Pullen, Riyana",1288,,Male,,
14375141,"Mbete, Zonke",1273,,Male,,
14374935,"Bruton, Faith Elizabeth",1268,,Male,,
534015183,"Mthembu, Alibongwe",1261,,Male,,
534028900,"Dayimani, Amhara",1253,,Male,,
14390418,"Pongolo, Yoelamel",1230,,Male,,
534015698,"Lufu, Nomalanga",1228,,Male,,
14383926,"Mokhanya, Inganathi",1226,,Male,,
14384663,"Matomela, Sesihle",1224,,Male,,
534015531,"Nnadozie, Ifeoma",1221,,Male,,
534021930,"Radovic, Cassandra",1207,,Male,,
534019790,"Groenewaldt, Jesnick",1228,,Male,,
14348241,"Ludick, Anaya Cassidy",1541,,Male,,
14384809,"Titus, Sade Catherine",1477,,Male,,
14384698,"Stuurman, Caydee",1336,,Male,,
534019731,"Lindiwe, Somila",1227,,Male,,
534022830,"Jansen, Tamarah René",1196,,Male,,
534031936,"Bosi, Sithembiso",1189,,Male,,
14350700,"Le Grange, Tailyn",1460,,Male,,
3804208,"Elfer, Cutipa Loayza",,,Male,2152,
3803481,"Gianfranco, Cutipa",,,Male,2105,
81466064,"Benjamin Romulo Antonio, Moran Reymer",,,Male,1590,
81417160,"Aliz Anyela, Cutipa Korinti",,,Male,1544,
81472374,"Dominick Aaron, Vasquez Rodriguez",,,Male,1444,
81436882,"Ariana Alicia, Cutipa Korinti",,,Male,1422,
114105230,"Thiago Jeicob, Cutipa Korinti",,,Male,0,
3876292,"Roberth Marduk, Cusi Condori",,,Male,0,
81401191,"Sophie Luisa, Cusi Condori",,,Male,0,
3863808,"William Christopher, Cusi Condori",,,Male,0,
34382208,"Болдырев, Максим Евгеньевич",,2141,Male,,
55681050,"Русу, Роман Денисович",,2009,Male,,
34230807,"Шведов, Глеб Дмитриевич",,1965,Male,,
34209026,"Радионенко, Глеб Олегович",,1948,Male,,
34394133,"Енин, Марк Александрович",,1944,Male,,
34489827,"Шаров, Евгений Александрович",,1860,Male,,
34490957,"Барковский, Богдан Станиславович",,1859,Male,,
55621058,"Александров, Роман Сергеевич",,1853,Male,,
34463356,"Кондратьев, Алексей Александрович",,1754,Male,,
34388613,"Лунёв, Яромир Дмитриевич",,1735,Male,,
55640583,"Демин, Тимофей Константинович",,1710,Male,,
55613330,"Семёновых, Илья Павлович",,1709,Male,,
55631053,"Некрасов, Антон Сергеевич",,1705,Male,,
55893139,"Суринов, Кирилл Максимович",,1685,Male,,
55710158,"Орлов, Арсений Борисович",,1682,Male,,
55766641,"Малицкий, Данила Русланович",,1645,Male,,
34487077,"Правенький, Матвей Сергеевич",,1642,Male,,
522044140,"Семено, Андрей",,1638,Male,,
55736092,"Милогулов, Никита Игоревич",,1608,Male,,
55671691,"Вишневский, Вячеслав Викторович",,1546,Male,,
55706533,"Караджиков, Кирилл Александрович",,1524,Male,,
34438866,"Янбеков, Амир Тимурович",,1504,Male,,
55835805,"Шутков, Максим Александрович",,1491,Male,,
522075909,"Есипов, Виктор Николаевич",,1480,Male,,
540040640,"Уманцев, Дмитрий",,1448,Male,,
55619770,"Дидык, Валерия Владимировна",,1433,Male,,
540008177,"Орехов, Иван",,1421,Male,,
34450700,"Ивашкина, Валерия Алексеевна",,1386,Male,,
55790313,"Давыдова, Василиса",,1365,Male,,
522019260,"Горшенева, Галина",,1340,Male,,
522003274,"Тлявлина, Мария Романовна",,1303,Male,,
55699090,"Карташев, Александр Сергеевич",,1295,Male,,
34469710,"Еремкин, Георгий Егорович",,1279,Male,,
34490817,"Соколова, Елизавета Сергеевна",,1206,Male,,
34386629,"Бондаренко, Андрей Евгеньевич",,1140,Male,,
55776337,"Ромашов, Артем Викторович",,1055,Male,,
55795145,"Степанов, Илья Никитич",,1011,Male,,
29620180,"Duarte Cramer, Lily Jeanette",,,Male,2003,WFM
29649803,"Delgado, Moreno Aranzazu",,,Male,1560,
5195489,"Zambrano, Rey Sara Angelina",,,Male,1518,
29644003,"Caraveo Perez, Legna Ariday",,,Male,1501,
29649935,"Serrato, Rodriguez Azul Julieta",,,Male,1438,
449199,"Bowcott-Terry, Finlay",2375,,Male,,
343431216,"Norris, Zack",2340,,Male,,
8607621,"Xian, Junhao",2252,,Male,,
1801627,"Bullen, Alex",2246,,Male,,CM
424153,"Friar, Joseph D",2152,,Male,,
488801,"Baer, Bruce L",2124,,Male,,
405116,"Mason, Donald J",2111,,Male,,
343462065,"Lynch, Ethan",2108,,Male,,
477613,"Patel, Keatan",2105,,Male,,
5212081,"Sagyaman, Francis W",2103,,Male,,
454320,"Faulkner, Adam",2055,,Male,,
13006800,"Latt, Maung M",2052,,Male,,
412600,"Turner, Lewis A",2051,,Male,,
343454240,"Gillings, Matt",2041,,Male,,
433934,"Sullivan, Daniel Js",2036,,Male,,
461458,"Fowler, Jonathan",2027,,Male,,
499056,"Fearnhead, Ben",2019,,Male,,
414000,"Billings, Alex J",2012,,Male,,
343454313,"Sherwood, Gabriel",1996,,Male,,
343419194,"Sahoo, Shivam",1982,,Male,,
471925,"Sanchez, Eduardo J",1954,,Male,,
435678,"Rubeck, Jonathan",1947,,Male,,
317028810,"Naithani, Shaurya",1928,,Male,,
33401500,"Dhingra, Kanvansh",1919,,Male,,
454915,"Pyda, Arjun",1912,,Male,,
343104389,"Karangad, Mohit Kamal",1908,,Male,,
343410316,"Harrison, Oliver",1902,,Male,,
343422080,"Tamilselvan, Tara",1826,,Male,,
29920981,"Ranasinghe, Chaniru",1811,,Male,,
891835,"Poderico, Francesco",1805,,Male,,
1804480,"Szakmany, Bence",1790,,Male,,
461636,"Manickam, Saravanna Bava",1769,,Male,,
343421954,"Singh, Guranshvir",1698,,Male,,
413178,"Ireland, David J",1986,,Male,,
343404529,"Boynton, Luke",1963,,Male,,
445843,"Darling, Tom",1944,,Male,,
450774,"Obi, Okwose Marc",1944,,Male,,
408450,"Taylor, Robert K",1933,,Male,,
488151,"Griffin-Young, Sebastian",1889,,Male,,
424170,"Graff, Ben",1875,,Male,,
490539,"Vaidyanathan, Sathya",1874,,Male,,
404071,"Towers, Nigel S",1841,,Male,,
437891,"Faulkner, Martin J",1839,,Male,,
343413552,"Edwards, Rhys",1822,,Male,,
431320,"Levy, Christopher A",1814,,Male,,
343416977,"Drugan, Mark A",1775,,Male,,
343457525,"Caira, Theodore",1769,,Male,,
343413994,"Kodukula, Sameera",1738,,Male,,
487996,"Mehta, Sophie",1733,,Male,,
408166,"Forman, Karl",1728,,Male,,
410195,"Lawrence, Roy A",1700,,Male,,
454338,"Faulkner, Oliver",1667,,Male,,
343416420,"Kuchibhatla, Ishaan Sai",1659,,Male,,
343469418,"Nguyen, Minh",1643,,Male,,
343422772,"Prabhakaran, Anvikkashri",1625,,Male,,
496677,"Patel, Diah",1622,,Male,,
343405657,"Ou, Siyuan",1600,,Male,,
343454771,"Acharya, Nikesh",1592,,Male,,
343456766,"Vijay, Kayal",1581,,Male,,
343471749,"Nalabothula, Dushyanth Gan",1573,,Male,,
343405649,"Ou, Siyao",1481,,Male,,
343447139,"Van Schaik, Willem",1728,,Male,,
343476236,"Lloyd, Gabriel",1662,,Male,,
343404545,"Singhal, Saket",1655,,Male,,
343439454,"Blackwell, Matthew",1648,,Male,,
343415881,"Van Neerven, Yvon",1645,,Male,,
418676,"Homer, Neil S",1640,,Male,,
451266,"Mottram, Paul",1578,,Male,,
483680,"Sagyaman, Vassily M",1572,,Male,,
343474462,"Condron, Leonardo",1568,,Male,,
343482872,"Bessant, Craig",1565,,Male,,
343480063,"Macleavy, Jamie",1549,,Male,,
451703,"Morris, Nigel W",1525,,Male,,
343402372,"Kornilovich, Gregory",1518,,Male,,
343482945,"Sherwood, Tom",1507,,Male,,
343474454,"Condron, Harrison",1484,,Male,,
343403220,"Holmes, Stephen",1477,,Male,,
343465315,"So, Mason",1477,,Male,,
343482678,"Whetnall, Connor",1398,,Male,,
343469680,"Hu, Jason",1396,,Male,,
343401236,"Mehta, Zara",1364,,Male,,
343451799,"Tarihalkar, Shrisha",1320,,Male,,
462454,"Khemoudj, Omar",1498,,Male,,
343404057,"Brown, Stephanie",1491,,Male,,
343482880,"Cooksey, Shane",1489,,Male,,
440922,"Fraser, Chris A",1471,,Male,,
491799,"Cooper, Ron",1395,,Male,,
2417022,"Waugh, Norman",1360,,Male,,
343413650,"Mykhnenko, Markas",1355,,Male,,
891401,"Baravalle, Maurizio",1301,,Male,,
461717,"Hughes, Peter J",1288,,Male,,
343426794,"Pugaciauskas, Dominic",1264,,Male,,
343456570,"Tan, Yang",1264,,Male,,
343472389,"Abraham Thomas, Shijo",1260,,Male,,
343431356,"Amirthanathan, Adam",1247,,Male,,
488003,"Mehta, Hatle",1244,,Male,,
343473130,"Bates, Thomas",1164,,Male,,
343436978,"Hayward, Graham",1120,,Male,,
343465102,"Yu, Jiwei",1097,,Male,,
343463061,"Tsang, Ethan",1027,,Male,,
343455026,"Polampalli, Gokul Sai Nandan",999,,Male,,
343477186,"Mandair, Aariyan",962,,Male,,
343472869,"Bijibilla, Anish",956,,Male,,
343478476,"Dongre, Advik",882,,Male,,
343477623,"Garnsworthy, Riyaan",864,,Male,,
343489117,"Arra, Rivansh",722,,Male,,
2540339,"Walton, Josh",,,Male,1629,
2542420,"Poklonskyi, Yaroslav",,,Male,1623,
2532425,"Kelly, Ronan",,,Male,1609,
2530759,"Jagic, Karlo",,,Male,1571,
2528479,"Mulcahy, Eoghan",,,Male,1560,
2540320,"Walton, Ben",,,Male,1550,
2542463,"Wong, Max",,,Male,1536,
2542730,"Concepcion, Frances",,,Male,1489,
2539497,"O'flynn, Sean",,,Male,1456,
2537133,"Bhavanibhatla, Saurya Shrihan",,,Male,1417,
2539403,"Chakka, Harsha Vardhan",,,Male,1396,
2542412,"Pachva, Navadeep",,,Male,1316,
2541033,"Brajkovic Jagic, Bozena",,,Male,1301,
2539411,"Chakka, Sidhardha Vardhan",,,Male,1295,
2528274,"Behan, James",,,Male,1270,
2535491,"Jagtap, Adhish",,,Male,1262,
2539934,"Manikandan, Shasana",,,Male,1241,
2544512,"Rosenmai, James",,,Male,1228,
2540983,"Barbosa, Harper",,,Male,1219,
2541149,"Mindykowski, Julian",,,Male,1179,
2542455,"Wong, Kai",,,Male,1161,
2537214,"Mindhe, Gauri",,,Male,1158,
2542447,"Voruganti, Srikar Sai",,,Male,1151,
2542374,"Gopal, Geetharaj",,,Male,1112,
2542382,"Gopal, Karnagi",,,Male,937,
2544490,"Camal, Messi",,,Male,0,
391697,"Zoufalý, Jiří",,,Male,1603,
367273,"Novotný, Petr",,,Male,1602,
386405,"Holub, Antonín",,,Male,1369,
23776358,"Hašuĺ, Martin",,,Male,1343,
23776412,"Kubeček, Michal",,,Male,1206,
23776447,"Mráček, Daniel",,,Male,1119,
3804690,"Santivañez Zanabria, Carlos",,1908,Male,,
3827089,"Alarcon Principe, Eduardo",,1851,Male,,
3856640,"Guarniz Sandoval, Harold Oliver Paul",,1660,Male,,
3860205,"Briones Cienfuegos, Carlos Alberto",,1658,Male,,
3808807,"Cespedes Torres, Jose Martín",,1656,Male,,
81464223,"Azañero Valderrama, Omar Carlos",,1588,Male,,
81474601,"Alayo Nicasio, Agustin Leonardo",,1574,Male,,
3875709,"Chacón Manayay, Franklin Mateo",,1571,Male,,
81441495,"Valera Alvarez, Fabricio Fabián",,1453,Male,,
81409419,"Bautista Guevara, Piero Alessandro",,0,Male,,
81474814,"Durand Idrugo, Ivan Alexis David",,0,Male,,
3841723,"Zegarra Díaz, Leandro Eleodoro",,0,Male,,
81403712,"Zegarra Vergaray, Saskia Lucia",,0,Male,,
12955213,"Neisen, Frederick",,,Male,2012,
12914126,"Bäumer, Frank",,,Male,1971,
1271953,"Lex, Gereon",,,Male,1932,
1270068,"Haffner, Ernst Georg,Prof. Dr.",,,Male,1948,
24682519,"Becker, Volker",,,Male,2010,
12921351,"Sesterhenn, Jörg",,,Male,1818,
34657495,"Gorwa, Peter",,,Male,1598,
12972312,"Lengler, Frank",,,Male,1482,
34657517,"Hansen, Michael",,,Male,1091,
34657614,"Weiß, Peter",,,Male,953,
34657509,"Hansen, Markus",,,Male,818,
533046581,"Weber, Maximilian",,,Male,0,
80890091,"Ahamed, M R Sahad",,,Male,0,
80890598,"Herath, H M Vethum Yethmin",,,Male,0,
80891438,"Wijesooriya, W A T D",,,Male,0,
80890067,"Abesingha, C M T D",,,Male,0,
80890563,"Herath, H M S Y",,,Male,0,
80891187,"Rathnayaka, U R M Sihasya Binudini",,,Male,0,
80884385,"Abesinghe, A M Yumira Sawen",,,Male,0,
80861075,"Bandara, I M Hesath Methsara Wije",,,Male,0,
80890580,"Herath, H M T D",,,Male,0,
80890644,"Jayarathne, B P N S",,,Male,0,
80890741,"Karunanayake, K M L D",,,Male,0,
80890865,"Maduragoda, W M C A",,,Male,0,
80891020,"Premarathna, P M Ridma Kithmina",,,Male,0,
80891276,"Udawasala, U M I M D",,,Male,0,
80891284,"Vidyarathna, D M Sanul Thevmika",,,Male,0,
80890652,"Jayaratne, T V S G",,,Male,0,
80862101,"Prabuddha, H S S",,,Male,0,
80821642,"Dissanayaka, D M Rison Gethmika",,,Male,0,
80861466,"Ekanayake, S G",,,Male,0,
80891764,"Herath, H M B G",,,Male,0,
80861660,"Jayasuriya, D G V L",,,Male,0,
80890806,"Kulawansha, G G T M",,,Male,0,
80890873,"Madurusinghe, M M B H",,,Male,0,
80861970,"Nethsara, L N",,,Male,0,
80890733,"Kappagoda, K R S P K",,,Male,1434,
80890903,"Marasinghe, M A S O",,,Male,0,
80843662,"Thissadeniya, Tg Methum Thenuja",,,Male,1521,
80820433,"Amarasinghe, D T M",,,Male,0,
80890253,"Bandara, R M D N",,,Male,0,
80859887,"Samaraweera, Methuka Vinuwara",,,Male,0,
80891268,"Sooriyabandara, S M V",,,Male,0,
80866492,"Sudar, M O Ayaan",,,Male,0,
80862705,"Wickramarathna, M K M",,,Male,0,
80891381,"Wickramasooriya, S W S D",,,Male,0,
80813321,"Jayamanne, A K D Omili Sachindri",,,Male,0,
80833845,"Kivainya, Yuhasna Sethumdee",,,Male,0,
80864376,"Prabuddha, H S Y",,,Male,0,
80864546,"Siriwardena, Yenuli Bimansa",,,Male,0,
80862624,"Vidyarathna, D M Sayuni Yehansa",,,Male,0,
80890490,"Gunawansha, N A V A",,,Male,1438,
80843271,"Karunarathna, Lithila",,,Male,1419,
80890148,"Athapaththu, I G R D",,,Male,0,
80861148,"Burah, T Sohail",,,Male,0,
80862250,"Rasnayaka, R M N Y",,,Male,0,
80894003,"Vidun, U G Liviru",,,Male,0,
29987059,"Herath, Oshadi Vihanga Pehesarani",,,Male,0,
919578,"Ljikar, Zoran",,2228,Male,,
922358,"Brajic, Miloje",,2160,Male,,FM
924032,"Jovanovic, Petar",,2095,Male,,
956643,"Hajder, Nedeljko",,2028,Male,,
9229986,"Suvara, Filip",,2002,Male,,
988049,"Jovanovic, Ilija",,1976,Male,,
929522,"Rajak, Luka",,1972,Male,,FM
925730,"Dermisek, Stipa",,1971,Male,,
927139,"Protudjer, Bozo",,1953,Male,,
994367,"Subosic, Mitar",,1862,Male,,
9232480,"Celik, Bratislav",,1728,Male,,
9237938,"Zoric, Ognjen N",,1652,Male,,
9211505,"Brajic, Andrej",,1617,Male,,
9210800,"Brajic, Boris",,1556,Male,,
994901,"Cirovic, Milanko",,1827,Male,,
3720659,"Acevedo Baez, Mikael Emilio",,0,Male,,
3722708,"Castellani Gamarra, Gian Marcelo",,0,Male,,
3716074,"Diaz Samaniego, Elias Alem",,0,Male,,
3720861,"Jara Cuquejo, Santiago Manuel",,0,Male,,
3718751,"Mendez Greco, Natanael",,0,Male,,
3717950,"Ocampos Regunega, Gonzalo",,0,Male,,
22731520,"Neumann, Pedro Henrique Nogueira",,,Male,1655,
22772146,"Bruske, Vinicius Eduardo",,,Male,1580,
538002477,"Aguiar De Oliveira, Heitor",,,Male,1576,
44767781,"Da Fonseca, Pedro Rank",,,Male,1560,
44755155,"Linzmeyer, Mateus Gorniak",,,Male,1685,
44780710,"Vieira, Antony J Do Nascimento",,,Male,1520,
44780729,"Vieira, Arthur E Do Nascimento",,,Male,1506,
44795548,"Brancalhao Oliveira, Joao Miguel",,,Male,1437,
44780699,"Vieira, Amabile Maria Do Nascimento",,,Male,1408,
538033445,"Henrique, Vitor Augusto",,,Male,0,
29620198,"Duarte Cramer, Evelynn Renata",,,Male,1719,
29649811,"Dimas Godinez, Aranza De Jesus",,,Male,1631,
29664306,"Razo, Bravo Maria Constanza",,,Male,1543,
29633346,"Solano, Herrera Sandra Jocelyn",,,Male,1537,
29649927,"Serrato, Mendoza Melany Yunuem",,,Male,1498,
101800,"Miserendino, Alfredo",,2097,Male,,
173266,"Mirada, Luciano",,1978,Male,,
20053037,"Pinto, Christian",,1384,Male,,
538023253,Guilherme Kiyotoshi Kavakami,,,Male,1976,
22727612,Bruno Cesar Lima De Paula,,,Male,1970,
22795960,Fabio Carvalho Costa,,,Male,1866,
22744908,Alexandre T Canelas Kassab,,,Male,1847,
4474864,Juan Miguel Mateus,,,Male,1815,
538059304,Andre Luis Neves,,,Male,1807,
22709550,Joao Pedro Munhoz,,1780,Male,,
22797424,Joao Pedro Vieira Mattosinho,,,Male,1756,
2193353,Eduardo Akira Shimamura Silva,,,Male,1733,
22722220,Daniel C. Xavier De Oliveira,,,Male,1715,
538059142,Bruno Henrique De Moura,,,Male,1684,
22723897,Darcy Arruda Gomes Fonseca,,,Male,1664,
22710922,Isabella Miki Nakamoto Taninaga,,,Male,1657,
44756763,Diego R Chahuares Chahuaylla,,1594,Male,,
22741453,Isabela Ferreira Lua Da Silva,,,Male,1589,
44771436,Antonio Maia Rosa Rojo,,,Male,1550,
44719000,Joao Pedro Leandro Do Nascimento,,,Male,1549,
538035316,Jonatas Sousa Monteiro,,,Male,0,
34675523,"Wang,  Zheng",1523,,Male,,
34667547,"Lao,  Theodora Siyuan",1467,,Male,,
34694099,"Liu,  Linghui",1267,,Male,,
34687904,"Saindrenan,  Matthis",1694,,Male,,
533032211,"Böttinger,  Oskar",1232,,Male,,
34669574,"Berger,  Marcel",1228,,Male,,
533068054,"Olfert,  Leon",1219,,Male,,
533025487,"Schmidt,  Neele",1547,,Male,,
533059284,"Seitenspinner,  Janina",967,0,Male,,
533057834,"Todorov,  Julian",936,,Male,,
533071233,"Latschen,  Wolfgang",771,,Male,,
34689060,"Gernert,  Florian",759,,Male,,
533039950,"Klumpp,  Philipp",0,,Male,,
533073341,"Hagen,  Hannes",0,,Male,,
533071497,"Hollmeier,  Clara",0,,Male,,
34665765,"Jung, Nicolaos",1433,,Male,,
1309480,"Maffioli, Massimo",,1973,Male,,
1306804,"Laube, Giovanni",,1957,Male,,
1339451,"Zecirovic, Giacomo",,1886,Male,,
1308610,"Cittadini, Dario",,1879,Male,,
1334832,"Trivic, Zoran",,1744,Male,,
1346164,"Ghisla, Ireneo",,1660,Male,,
1345559,"Cattomio, Roberto",,1629,Male,,
1366467,"Allegri, Siro",,1492,Male,,
8200165,"Giasi, Viresh",1968,,Male,,FM
8200173,"Hanoeman, Suradj",1966,,Male,,CM
8201668,"Panchoe, Pratul",1917,,Male,,
8205663,"Orasji, Roger",1888,,Male,,
8200084,"Matoewi, Roger",1876,,Male,,FM
8206040,"Tjin Kon Kiem, Ethan",1841,,Male,,
8201749,"Kalka, Shiva",1835,,Male,,CM
14326868,"Wijnhard, Ky-mani",1822,,Male,,
8205973,"Ramesar, Ravish",1813,,Male,,
8205841,"Fung, Thie-yen",1800,,Male,,
8201510,"Chashawa, Shaief",1794,,Male,,
8204438,"Ramesar, Dewinder",1650,,Male,,
1054856,"Gajadhar Sukul, Vashish",1621,,Male,,
8204187,"Radja, Arjan",1580,,Male,,
8206619,"Bridjlal, Ayush",1575,,Male,,
8205680,"Habieb, Shiraz",1566,,Male,,
8205477,"Voorburg, Rishi",1538,,Male,,
8206821,"Mohan, Aaryan",1514,,Male,,
8204837,"Klimsop, Garcello",1505,,Male,,
8207089,"Soekhai, Jael",1478,,Male,,
8206570,"Olfers, Timothy",1476,,Male,,
81475071,"Camac Gonzales, Maykel Yeimy Angel",0,0,Male,,
81460015,"Altamirano Dominguez, Isabel Chanelle Dara",0,0,Female,,
4601920,"Kurz, Alexander",,2292,Male,,FM
4603249,"Lehmann, Klaus",,2186,Male,,FM
4656296,"Eberhardt, Olaf",,2110,Male,,
10614516,"Omar, Samy",,1952,Male,,
847224,"Mandelli, Giacomo",,1875,Male,,
24678490,"Ziems, Michael",,1904,Male,,
4695585,"Löhr, Wilhelm",,2046,Male,,
16294416,"Canaj, Albi",,1800,Male,,
4673646,"Laustetter, Christian",,2025,Male,,
81415265,"Ataucusi Arroyo, Jeff Brayan",1510,1592,Male,,
81412010,"Colqui Espiritu, Azriel Ferdinand",1538,1508,Male,,
81411952,"Heredia Barrios, Anyeli Shensi",0,0,Female,,
81466145,"Camac Gonzales, Jayden Milan Engel",0,0,Male,,
81462026,"Condor Rojas, Nahomy Lucero",,0,Female,,
22780149,Bruno De Oliveira Terra,1707,,Male,,
22791191,Amanda Thamy Koto Viana,1649,,Female,,
44771681,Simone Barreto Crote Gomes,0,,Female,,
81445784,"Rafael Soria, Esthefano Rodrigo",1484,1524,Male,,
81471190,"Nunez Velez De Villa, Gianfranco Christopher",0,0,Male,,
81405103,"Atencia Calderon, Thaiz Milagros",1528,1627,Female,,
4500563,"Shishkov, Andrei",,,Male,2308,IM
4501764,"Haitin, Ilja",,,Male,2297,FM
4501829,"Dubrovin, Robert",,,Male,2231,
4500490,"Shvyrjov, Igor",,,Male,2202,GM
14122499,"Loy, Konstantin",,,Male,2169,
4192478,"Arikov, Artem",,,Male,2084,FM
4513347,"Cherentsov, Mikhail",,,Male,2051,
4514734,"Rajandu, Aaron",,,Male,2007,
4512286,"Haapsal, Maria Ioanna",,,Male,1950,WCM
4522028,"Kornilov, Adrian",,,Male,1902,
4522010,"Kiritshenko, Platon",,,Male,1861,
4525620,"Chyrva, Yurii",,,Male,1814,
4534352,"Oja, Mihkel",,,Male,1810,
4521641,"Ispanov, Natig",,,Male,1793,
4521765,"Reren, Alexis Miriam",,,Male,1765,
4516184,"Puusepp, Richard",,,Male,1755,
4521439,"Sutt, Jakob",,,Male,1734,
4525809,"Sinenko, Andrei",,,Male,1731,
34175091,"Voropaiev, Vladyslav",,,Male,1706,
4525612,"Chyrva, Artur",,,Male,1688,
4532597,"Koppel, Mattias",,1675,Male,,
34178457,"Harbuziuk, Matvii",,,Male,1669,
4504321,"Poom, Mati",,,Male,1655,
4522524,"Soosaar, Ivo",,,Male,1627,
4516087,"Rudiger, Maria Helena",,,Male,1603,
4530012,"Demjanov, Mark",,,Male,1599,
4525027,"Joeorg, Marius",,1598,Male,,
4518250,"Kojus, Lukas",,,Male,1562,
4522516,"Kostev, Anton",,,Male,1544,
4522753,"Jaent, Laur Jakob",,,Male,1501,
4531620,"Maepold, Markus",,,Male,1474,
4521250,"Krushevskaja, Anna",,,Male,1429,
4505123,"Domoskanov, Ivan",,,Male,0,
4520670,"Gilden, Lukas",,,Male,0,
524476,"Polkhovski, Yevgeniy",,,Male,0,
4520661,"Gilden, Kaspar",,,Male,1544,
4536053,"Knut, Aleksei",,,Male,1466,
4530225,"Hamidullin, Albert",,,Male,1432,
4530241,"Yushkov, Alexander",,,Male,1411,
4532660,"Tkachenko, Daniil",,,Male,1402,
4535936,"Golovin, Daniil",,,Male,0,
4530993,"Lazarev, Jaroslav",,,Male,0,
4525833,"Melnychuk, Volodymyr",,,Male,0,
4535332,"Pakhomov, Natan",,,Male,0,
524069,"Polkhovski, Alisa",,,Male,0,
4529855,"Mihhalkov, Georgy",,,Male,1547,
4534190,"Va, Taaniel",,,Male,1537,
4523938,"Timoshin, Pavel",,,Male,1488,
4527399,"Mirko, Lev",,,Male,1466,
4522222,"Jankowsky, Peter",,,Male,1455,
4524683,"Shablinski, Miron",,,Male,1446,
4523563,"Shirokov, Erik",,,Male,1443,
4530969,"Tikhomirov, Arkady",,,Male,1404,
4522249,"Priivits, Dario",,,Male,1402,
522325,"Gavryukov, Daniel",,,Male,0,
44767463,Joao Victor Araujo Bruzetti,0,,Male,,
44759347,Flavio Rogerio Alves,1545,,Male,,
2168022,Ivo Eduardo Medeiros De Souza,,,Male,2045,
2116235,Sergio Jovelino De Moura,,,Male,1936,
44721854,Samuel De Souza Santana,,,Male,1876,
3324087,Ivan Fernandez Queteguari,,,Male,1852,
538058960,Thierry Inacio Batista,,,Male,1796,
538028158,David Muniz Monteiro,,,Male,1674,
44715463,Lucas Cardozo Minuti,,,Male,1658,
538024446,Heitor Antonin De Carvalho,,,Male,0,
538008610,Thiago Schmidt Coelho,,,Male,1762,
2197839,Giovani Domingues Martins,0,1704,Male,1632,
538059070,Thiago Canuto Da Silva,,,Male,1437,
538041006,Alexandre Alves Santiago,,,Male,0,
538083523,Henrique De Souza Lins,,,Male,0,
16299841,"Neutsch, Steffen",,,Male,2127,
4632257,"Koop, Thilo",,,Male,2090,
4691989,"Besenthal, Klaus-Günther",,,Male,2050,
24676357,"Stäblein, Christoph",,,Male,2034,
4661753,"Negele, Michael,Dr.",,,Male,2170,
24680800,"Mentlein, Horst,Prof. Dr.",,,Male,2025,
34614168,"Hieke, Jonas",,,Male,1918,
4634470,"Mittelbachert, Ulrich",,,Male,1862,
12928291,"Lindenberg, Tristan",,,Male,1917,
24646806,"Stomprowski, Eckhard",,,Male,1838,
24601349,"Schwerdtfeger, Wolfgang",,,Male,1676,
533055777,"Reitenbach, Frederick",,,Male,1496,
16258061,"Jacobsen, Fynn",,,Male,919,
3945294,"Hernandez Galicia, Jose Gabriel",,1921,Male,,
3946762,"Velasquez Marin, Glaycell Daniela",,1784,Male,,
23907274,"Gonzalez Lezama, Jesus Ernesto",,1596,Male,,
3965716,"Rodriguez Marin, Justin Elian",,1585,Male,,
3945081,"Perez Salazar, Jhoandry Rafael",,1542,Male,,
23927194,"Salazar Reyes, Andrea Valentina",,1506,Male,,
3996174,"Caldera Ramos, Jesus Andres",,1428,Male,,
23918438,"Yang Arriojas, Braulio Samuel",,1428,Male,,
23902990,"Cedeno Marcano, Luis Mario",,0,Male,,
23927127,"Medina Serra, Victor Manuel",,0,Male,,
23915790,"Pacheco Gonzalez, David Josue",,0,Male,,
88191230,Thanishka H,,,Female,1453,
537094106,Lishan Y,,,Male,0,
547049553,Nishanth Reddy R,,,Male,0,
531074707,Yuktha R,,,Female,0,
3442705,"PEÑA DIAZ, Christian",,1587,Male,,
3416038,"AMAR AMAR, Alberto",,1537,Male,,
3446778,"CISTERNAS PEÑA, Carlos",,1524,Male,,
3447650,"CUEVAS RIVADENEIRA, Rodrigo",,1523,Male,,
3446727,"ABARCA LIZANA, Victor Alfredo",,1480,Male,,
3462307,"LLANCAS GALLEGOS, Gonzalo",,1451,Male,,
3464164,"SOTO BRAVO, Matias Jose",,1394,Male,,
3445208,"SOCANELI NERCELLAS, Cristian",,1327,Male,,
3449327,"SEPULVEDA PINO, Francisco",,1286,Male,,
3431665,"GOMEZ CAJAS, Jaime",,0,Male,,
3458636,"IBARRA DELCANTO, Benjamin",,0,Male,,
88191486,Raghava Prabhakaran Kumar,,,Male,1617,
531011748,Mukhilanand V,,,Male,1473,
558023720,Sarah Vinci S,,,Female,1471,
547058242,Anirudh Ar,,,Male,0,
547052775,Sanjay Krishnan D,,,Male,0,
25739530,Saisarvesh S,,,Male,1910,
429002397,Sudharsan R,,,Male,1446,
531066216,Nishanthika Kannan,,,Female,1429,
553019075,"Benedicte López -Davalos, Mario",,0,Male,,
553019113,"Blanco Muñiz, Darío",,0,Male,,
553019008,"Calatayud Marcos, Roque",,0,Male,,
535052350,"Campuzano Ibáñez, Pablo",,0,Male,,
553019172,"Diez del Barrio, Pedro",,0,Male,,
535049588,"García Piedra, Axel",,0,Male,,
553019350,"López Merino, Mario",,0,Male,,
535049570,"Mazorra Sanz, Iván",,0,Male,,
553018893,"Rodríguez Cavada, Noa",,0,Male,,
534031898,"George, Claire",1239,,Male,,
534040137,"Benjamin, Skaylow",1217,,Male,,
534040218,"Sempija, Bashir",1200,,Male,,
534016562,"Juries, Daniel",1199,,Male,,
534040188,"Meth, Graycelyn",1199,,Male,,
534040226,"Stompies, Hen-Leigh",1199,,Male,,
534016597,"Mabapa, Thatso",1318,,Male,,
534040200,"Ozah, Chimamanda",1172,,Male,,
24125423,"Zhukov, Dmitry",2471,,Male,,FM
2272245,"Capellades Subirana, Marc",2370,,Male,,FM
54785545,"Zhang, Ying Jun Xiong",2147,,Male,,
127159,"Paso Viola, Juan",2146,,Male,,
22219595,"Borras Carbonell, Adria",2061,,Male,,
94768650,"Longueira Lateana, Mariano",2040,,Male,,
94751315,"Lint, Pavel",2034,,Male,,
2291487,"Vallbona Domingo, Joan",2024,,Male,,
32042981,"Cardenas, Fernando Adrian",2018,,Male,,
2215993,"Vargas Drechsler, Carlos",1996,,Male,,
54742030,"Esteban Tudela, Oriol",1990,,Male,,
22221174,"Daguro Dasalla, Armando",1979,,Male,,
24583693,"Martos Martin, Jose Angel",1978,,Male,,
32099495,"Martinez Torras, Pol",1947,,Male,,
32006535,"Montero Domenech, Felix",1931,,Male,,
535017627,"Barrado Jimenez, Elias",1929,,Male,,
2264358,"Clanchet Olle, Josep",1863,,Male,,
2291916,"Aparicio Escudero, Hector F.",1852,,Male,,
2275686,"Solsona Olive, Xavier",1841,,Male,,
54779170,"Paul Pardinas, Jose Maria",1831,,Male,,
1054520,"Bertrand, Sjors",1829,,Male,,
2255693,"Martin Valentin, Francisco",1829,,Male,,
2269775,"Volart Buil, Jordi",1824,,Male,,
22249150,"Sanchez De Medina Vilagrasa, Enric",1820,,Male,,
22222685,"Galceran Porqueras, Joan",1804,,Male,,
32002866,"Angulo Centurion, Juan Jesus",1803,,Male,,
523009381,"Jin, Xuzhe",1798,,Male,,
32014422,"Santoux Canal, Albert",1764,,Male,,
94770506,"Pujol Fernandez, Marc",1754,,Male,,
94706077,"Moreno Lopez, Marcos Jose",1751,,Male,,
2289300,"Perolet Perez, Miquel",1749,,Male,,
535050071,"Colom Mateo, Gael",1740,,Male,,
54538530,"Castillo Rosa, Jose Luis",1678,,Male,,
2281627,"Febrero Perez, Lluis",1674,,Male,,
535058013,"Vizcaya Lopez, Pau",1670,,Male,,
94768978,"Majoral Marco, Javier",1664,,Male,,
54546745,"Morales Rubiella, Albert",1649,,Male,,
54706408,"Andrade Neto, Gentil",1643,,Male,,
535032260,"Grau Marti, Joaquim",1636,,Male,,
20043007,"Babula, Carlos",1629,,Male,,
553027965,"Riveros Gastelu, Mathias",1624,,Male,,
523062185,"Parera Davi, Lluis",1609,,Male,,
553032209,"Diez Ardila, Eric",1608,,Male,,
54580730,"Schenkel, Alberto",1604,,Male,,
2286246,"Orriols Codina, Joan",1579,,Male,,
54539595,"Grino Fernandez, Adrian",1569,,Male,,
94751307,"Arbiol Tormo, Jordi",1567,,Male,,
94780560,"Palmarola I Creus, Antoni Maria Claret",1563,,Male,,
2295130,"Cervera Alemany, Serafi",1542,,Male,,
54562082,"Pigrau Santpere, Josep Maria",1541,,Male,,
94794952,"Porras Ruiz, Francisco Juan",1539,,Male,,
94782083,"Gonzalez Ordas, Jose Antonio",1537,,Male,,
553011384,"Moscardo Celma, Alvaro",1536,,Male,,
32010516,"Alarcon Alarcon, Marina",1524,,Male,,
94794944,"Bonilla Pareja, Jose Manuel",1519,,Male,,
553003446,"Veciana Molina, Lola",1495,,Male,,
32095139,"Linares Bernet, Ana",1486,,Male,,
54785529,"Garlapati, Siddanth Reddy",1456,,Male,,
535056533,"Santamaria Marin, Angels",1442,,Male,,
54599849,"Morales Gesti, Jose Narciso",1398,,Male,,
535050500,"Diaz Sanchez, Jude",1395,,Male,,
535056681,"Sedano Contreras, Fernando",1393,,Male,,
523007940,"Monteserin Esteban, Julio",,1655,Male,,
523057629,"Raba Plata, Rodrigo",,1628,Male,,
94784582,"Obeso García, Alejandro",,1577,Male,,
523057092,"Agudo García, Alejandro",,1520,Male,,
94784604,"Palie, Sheila Martina",,1469,Male,,
94784612,"Palie, Yasmína Carolina",,1442,Male,,
553019237,"Antuñano Solis, Alejandro",,0,Male,,
553019083,"Benedicte López -Davalos, Lucas",,0,Male,,
553019300,"Diego de la Riva, Martín",,0,Male,,
553006283,"Fernández González, Óliver",,0,Male,,
535058854,"GUTIÉRREZ BADROV, MÍA",,0,Male,,
553019474,"Pérez Quintana, Dafne",,0,Male,,
523057602,"Pintea, Daniel",,0,Male,,
553019210,"Sellner Arroyo, Daniel",,0,Male,,
2116286,"Rodrigues Da Silva, Evandro",,2426,Male,,
2140535,"Tejo, Joao Jorge De Medeiros",,2141,Male,,
54775108,"Sáez de Adana Sáez, Manuel",,1773,Male,,
523007931,"Monteserin Esteban, Diego",,1652,Male,,
523057378,"Gonzalez Barreda, Lucas",,1650,Male,,
94784523,"Guillen Fernández, Pau",,1647,Male,,
94735123,"García Piedra, Lucas",,1605,Male,,
535031301,"Ciot, Sebastián",,1594,Male,,
94788898,"Santana Ruiz, Juan",,1593,Male,,
523057491,"Miguel Terán, Fernando",,1489,Male,,
553027515,"Calleja Bartova, OLIVER",,0,Male,,
523057220,"Calvo Marcos, Fernando",,0,Male,,
553019377,"González Bezi, Eric",,0,Male,,
535049308,"Rebolledo Robles, Adrián",,0,Male,,
125490,"Saldano, Gonzalo",,2049,Male,,
114545,"Sanduay, Nicolas",,2030,Male,,
102628,"Ibar, Marcelo",,1985,Male,,FM
116688,"Pradines, Emmanuel",,1927,Male,,
129747,"Solano, Pablo",,1908,Male,,
199141,"Botz, Stefan",,1878,Male,,
198099,"Loiberg, German",,1875,Male,,
188336,"Betelu, Daniel",,1857,Male,,
20035055,"Ramirez, Pedro",,1843,Male,,
134465,"Sanchez, Gabriel",,1830,Male,,
3880257,"Gil Chacon, Fernando Enrique",,1795,Male,,
20005636,"Zaslavsky, Boris",,1763,Male,,
162280,"Mino, Emmanuel",,1750,Male,,
20066511,"Rodas, Dominic",,1725,Male,,
20037074,"Gimenez, Felipe",,1690,Male,,
20029667,"Hogan, Bernardo Jose",,1667,Male,,
20046707,"Alfonzo Abrahamsson, Santino",,1651,Male,,
196606,"Macuri, Ruben",,1629,Male,,
121550,"Souto, Esteban",,1627,Male,,
20037082,"Gimenez, Martina",,1595,Male,,
20045131,"Salvidea, Ludmila Roxana",,1536,Male,,
20015828,"Lizondo, Federico Eduardo",,1524,Male,,
20076657,"Garcia, Esteban Sebastian",,1507,Male,,
20019181,"Macuri, Genesis",,1427,Male,,
20075391,"Santos, Julian",,0,Male,,
20044330,"Garcia Croizet, Gabriel",,1746,Male,,
521035814,"Ferrer, Bob Arvie",,,Male,1793,
5262356,"Sotaridona, Jay Emmanuel",1482,,Male,,
521035717,"Claver, Clarence Angelo",,,Male,1723,
521061424,"Albor, Allen",,,Male,1655,
5294002,"Montoyo, Ted Ivan",,,Male,1639,
521061432,"Albor, Almyr",,,Male,1631,
521036047,"Satiniaman, Euhan",,,Male,1472,
521035873,"Jimena, Charlie Mier",,,Male,1470,
521067848,"Abanilla, Jan Dru",,,Male,0,
5284236,"Ballescas, Edrian James",,,Male,0,
521068020,"Gasapo, Zach Lyn",,,Male,0,
521035881,"Jimena, Cris Gyle",,,Male,0,
521070563,"Macabinta, Rhayn Zandric",,,Male,0,
521068127,"Pineda, Tyreke Evan",,,Male,0,
521043965,"Portillo, Gaver",,,Male,0,
521070580,"Serran, Ayden Bradley",,,Male,0,
521068186,"Tumanda, Vaughn Ezekiel",,,Male,0,
115095424,"Villadelgado, Javier Adam",,,Male,0,
521070636,"Willkom, Gene Ivan",,,Male,0,
5293707,"Maghari, Maddison Faith",,,Male,1566,
5293693,"Grey, Anika",,,Male,1507,
521007080,"Ballescas, Franchesca Kathreen",,,Male,0,
521070474,"Cabo, Bernice Raine",,,Male,0,
521035695,"Cambarijan, Reign Shinylle Star",,,Male,0,
521067937,"Daga-as, Rei",,,Male,0,
5290830,"Desquitado, Aezen",,,Male,0,
5293472,"Senoro, Soleen Que",,,Male,0,
521070598,"Shum, Allejah Tsz Wing",,,Male,0,
51698510,"KORKMAZ, ASYA",,,Male,1361,
51684985,"DÜNDAR, ELİF SU",,,Male,1272,
51678950,"TOPÇU, ESİLA",,,Male,1157,
525029223,"ÖZGÜR, MİNE",,,Male,1000,
29612268,"Juarez Guadarrama, Jonathan Ismael",,1897,Male,,
5178983,"Lopez Diaz, Juan Gabriel",,1887,Male,,
5178541,"Benitez Carballido, Isaac Varick",,1859,Male,,
5125383,"Lopez Serrano, Angel",,1859,Male,,
5121787,"Mendoza Reyes, Fernando",,1847,Male,,
5190843,"Ortiz Alcantara, Alejandro",,1840,Male,,
5185114,"Alvarez Maya, Jesus",,1804,Male,,
29655170,"Villegas Sanchez, Emilio",,1746,Male,,
29681006,"Perez Camacho, Luis Alexis",,1727,Male,,
550010263,"Oro Estrada, Juan",,1681,Male,,
5171687,"Garcia, Vazquez Edgardo Cesar",,1680,Male,,
29617480,"Arenas Cruz, Jose David",,1614,Male,,
5131049,"Puente Zempoalteca, Libia Mercedes",,1598,Female,,
29676410,"Barcenas Ruedas, Elinor Kinereth",,1524,Female,,
5190975,"Ortiz Alcantara, Tadeo",,1520,Male,,
29617553,"Penaloza, Guzman Monserrath Guadalupe",,1507,Female,,
81440014,"Polo Castrejon, Andre Alessandro",,1613,Male,,
81403658,"Aguila Fajardo, Hans Matthew",,1533,Male,,
81440022,"Polo Castrejon, Adrian Aldhair",,1488,Male,,
81485670,"Giron Mattos, Elvis Miuller",,0,Male,,
81472994,"Sotelo Garces, Alessio Gael",,0,Male,,
81480008,"Turriate La Torre, Sandro Renato",,0,Male,,
44743734,"Vensolosvski, Pedro Antonio",,1524,Male,,
2124378,"Scalabrin, Sam",,0,Male,,
42207649,"Dascalescu, Adelin-Stefan",,1993,Male,,
42233577,"Malureanu, Andrei",,1739,Male,,
1292714,"Facila, Patric Andrei",,1711,Male,,
42239648,"Anghel, Iustin-Daniel",,0,Male,,
1291335,"Apostu, Ana-Maria",,1424,Male,,
525037188,"Türkkan, Aslan Efe",,,Male,1362,
525035010,"Seyhan, Muhammed İmran",,,Male,1311,
44564643,"Kaplan, Metİn Dersİm Alİ",,,Male,1222,
525001167,"Uçar, Ömer",,,Male,1123,
525044362,"Çİbİk, İbrahİm Uraz",,,Male,1108,
1278568,"Grecu, Yannis-Raphael",,1711,Male,,
42207673,"Pila, Denis-Ionut",,1602,Male,,
42209048,"Enache, Constantin-Bogdan",,1449,Male,,
42207657,"Lungu, Giulia",,1522,Male,,
42217695,"Tabacaru, Maria",,1467,Male,,
1097,"Fraile, Jorge",,2154,Male,,FM
1016,"Andrade, Aquiles Ulises",,2118,Male,,
1103,"Cuello Alcaria, Juan Ignacio",,2075,Male,,
1218,"Lehrmann, Jose Maria",,1950,Male,,
1296,"Femini, Esteban",,1937,Male,,
1017,"Gomez, Roberto Carlos",,1919,Male,,
1294,"Ciale, Alberto Cecilio",,1902,Male,,
1021,"Barroso, Alberto Gabriel",,1870,Male,,
1203,"Federico, Matias",,1861,Male,,
1455,"Maffia, Franco",,1827,Male,,
1224,"Cuello, Juan Domingo",,1823,Male,,
1289,"Buonzerio, Jose Carlos",,1770,Male,,
1377,"Arce, Pablo",,1735,Male,,
1426,"Berdun, Juan",,1702,Male,,
1412,"Fernandez, Fabian",,1685,Male,,
1204,"Lesca, Iñaki",,1621,Male,,
1519,"Decima, Benjamin",,1620,Male,,
1445,"Nola, Facundo",,1577,Male,,
1394,"Cunsolo, Luciano",,1552,Male,,
1447,"Juanenea, Martin",,1531,Male,,
1120,"Borghetti, Domingo Jorge",,1486,Male,,
1373,"Cuello, Tomás",,1411,Male,,
1488,"Pereyra, Kevin",,1409,Male,,
1003,"Fernandez, Jorge Daniel",,1354,Male,,
1463,"Nola, Federico",,1286,Male,,
1372,"Vazquez, Rodrigo",,1261,Male,,
1436,"Gomez, Angel Ramon",,1204,Male,,
1057,"Juarez, Luis",,0,Male,,
540078523,"Тиханович, Петр Андреевич",,,Male,1041,
81427166,"Timana Peralta, Stefano Augusto",,0,Male,,
1014,"Quezada, Franco",,2376,Male,,
1422,"Luchetti, Ivan",,2140,Male,,
1043,"Glozik, Esteban",,2122,Male,,
1452,"Do Brito, Oscar",,2084,Male,,CM
1187,"Delicio, Felipe Benjamin",,1984,Male,,
1367,"Magariños, Francisco",,1926,Male,,
1386,"Capitanio Lippo, Facundo",,1920,Male,,
1074,"Torres, Hernan Felix",,1919,Male,,
1530,"Cheli, Emiliano",,1885,Male,,
1448,"Martinez, Nicolas",,1822,Male,,
1174,"Deperi, Leonardo",,1672,Male,,
1168,"Bericat, Miguel Angel",,1607,Male,,
1462,"Askenazi, Camila",,1552,Male,,
1489,"Sanchez Solis, Santiago",,1524,Male,,
1535,"Ibañez, Gabriel",,0,Male,,
5131928,"Ortega, Teoba Ariadna",,,Male,1709,
5113474,"Velasco, Martinez Ariel",,,Male,1637,
29628776,"Souza, Morales Reynaldo",,,Male,1629,
29637414,"Gomez Ramos, Ricardo",,,Male,1627,
5158710,"Carballo Acevedo, Adyru Neizan",,,Male,1602,
29628075,"Souza, Morales Lucia",,,Male,1510,
29633583,"Hernandez, Tapia Rodrigo",,,Male,1481,
5171296,"Velazquez, Mecott Ana Paola",,,Male,1462,
130494,"Santianes, Nahuel",1796,,Male,,
187291,"Orpella, Ramon",1765,,Male,,
173878,"Nunez, Ricardo",1683,,Male,,
20022654,"Mamelucco, Agustin",1525,,Male,,
20050615,"Mionis, Agustino",1520,,Male,,
20035853,"Torres, Juan Jose",0,,Male,,
9216060,"Avramovic, Aleksa",,,Male,,
9221969,"Bajkic, Strahinja",,,Male,,
9213745,"Bozic, Andrej",1888,,Male,,
9234319,"Ciric, Rastko",,,Male,,
9235846,"Djekic, Anika",,,Female,,
9252163,"Djurdjevic, Teodor",,1539,Male,,
9235854,"Djuric, Andrej",,,Male,,
9209870,"Domazet, Filip",,,Male,,
9260433,"Gajic, Srdjan T",,,Male,,
9222019,"Glisovic, Helena",,,Female,,
998524,"Gvozden, Nikola",,,Male,,
9243458,"Ivkovic, Sofija",,,Female,,
995959,"Jankovic, Tamara",,,Female,,
9203456,"Jovanoski, Konstantin",,,Male,,
9237644,"Krizak, Andrej",,,Male,,
987697,"Kutanjac, Aleksandar",,,Male,,
9240190,"Milicevic, Vasil",,,Male,,
9219662,"Milojevic, Dunja",,,Female,,
9212927,"Milosevic, Justina",,,Female,,
9223970,"Rajkovic, Petra",,,Female,,
9204789,"Rajlic, Irina",,,Female,,
9253020,"Sevostianov, Viacheslav",,,Male,,
34298657,"Smagina, Viktoria",,,Female,,
9245442,"Smilic, Filip",,,Male,,
9218909,"Smilic, Nina",,,Female,,
9241862,"Stojanovic, Neda",,,Female,,
9216035,"Videnovic, Boris",,,Male,,
9232189,"Videnovic, Vuk",,,Male,,
987646,"Vujatovic, Irina",,,Female,,
9239590,"Vujic, Viktor",,,Male,,
9215390,"Vujicic, Milica",,,Female,,
9215381,"Vujicic, Natalija",,,Female,,
9250802,"Zhang, Kaixin",,,Female,,
9215187,"Zunkovic, Dusan",,,Male,,
3800920,"Quispe Santacruz, Javier",,2050,Male,,FM
3878546,"Choquehuanca Quispe, Dariel Alvaro",,1768,Male,,
3861333,"Nunez Justiniani, Forlan",,1675,Male,,
3868125,"Marquez Ccori, Amy Sarahi",,1639,Male,,
3889920,"Segura Lucar, Marthy Victor Junior",,1496,Male,,
81426526,"Rondon Quispe, Sainn Jacobo Yhoaid",,1455,Male,,
81462018,"Centeno Cornelio, Kenji Sani",,1427,Male,,
3885410,"Huanca Auccapuri, Fernando Gaspar",,0,Male,,
81464398,"Pillco Cuti, Britany Mishel",,0,Male,,
81473877,"Prudencio Umeres, Victor Marcelo",,0,Male,,
81408218,"Sihuinta Cconislla, Derick Abdiel",,0,Male,,
4128290,"Sambuev, Bator",2543,,Male,,GM
2614782,"Chiku-Ratte, Olivier-Kenta",2402,,Male,,IM
2607140,"Kraiouchkine, Nikita",2243,,Male,,
2608103,"Lopez Linares, Lizandro Fernando",2030,,Male,,
2615193,"Turcotte, Jonathan",1995,,Male,,
2648652,"Sun, Jonathan",1961,,Male,,
2667274,"Iordanescu, Victor Nicolae",1932,,Male,,
2671905,"Qi, Jason",1922,,Male,,
2640503,"Fiset, Anaïs Chloé",1904,,Male,,WCM
2638215,"Duval, Mathieu",1899,,Male,,
2633078,"Kiryakov, Marin",1824,,Male,,
2667282,"Ivanov Yuan, Maksim",1704,,Male,,
2672294,"Robillard, Guillaume",1701,,Male,,
2647630,"Kolodner, Garry",1680,,Male,,
2667207,"Gamache, Lucien",1628,,Male,,
2679990,"Longpré, Martin",1594,,Male,,
2616203,"Goldner, John",1568,,Male,,
2648016,"Sairam, Amudan",1557,,Male,,
36018457,"Nguyen, Marc",1511,,Male,,
2680076,"Wolfson Trudeau, Izaak",1468,,Male,,
2671476,"Bozkurt, Berk",1351,,Male,,
2666197,"Coquilla, Konner-Virgo",1296,,Male,,
24293520,"Медзиновский, Петр Андреевич",,2041,Male,,
54108608,"Гармажапов, Цыден",,1924,Male,,
34105880,"Тароев, Валерий Викторович",,1755,Male,,
8515263,"Nyuima, Tersee Ferdinand",2248,,Male,,
8501246,"Balogun, Oluwafemi Daniel",2212,,Male,,IM
8503648,"Lapite, Oluwadurotimi Opeoluwa",2190,,Male,,
8508534,"Okemakinde, Toluwanimi",2154,,Male,,CM
8515808,"Akporherhe, Blessing Bayo",2009,,Male,,
8515905,"Okojie, Osakwe Simeon",1999,,Male,,
8508739,"Oyakhilome, David Oise",1996,,Male,,
8505837,"Onuoha, Obioma",1993,,Male,,
8508720,"Oyakhilome, Daniel Oise",1955,,Male,,
8529574,"Taiwo, Daniel Olamide",1924,,Male,,
8510415,"Tabugbo, Chimezie Dismat",1905,,Male,,
8513856,"Shoboyejo, Oloruntobi Ayomipo",1858,,Male,,
8517452,"Nnate, Ernest",1842,,Male,,
8516189,"Abdulsalam, Azeezat",1841,,Female,,
8503508,"Oyama, Ekok Oyama",1838,,Male,,CM
8543127,"Nwagwu, Timothy Chibuikem",1835,,Male,,
8513880,"Agusionu, Chimaobi Kevin",1805,,Male,,
8543186,"Ogar, Goodness Christopher",1777,,Male,,
8517860,"Olaniyan, Taofeek Oladimeji",1773,,Male,,
8532745,"Patrick, Floresaint",1770,,Female,,
8532737,"Patrick, Priasel",1751,,Male,,
8506221,"Akinleye, Arogundade",1715,,Male,,
8513899,"Agusionu, Adaeze Zita",1625,,Female,,
25652745,"Kiran, Kumar D J V",1576,,Male,,
8526168,"Edward, Peculiar Oluwateniola",1573,,Female,,
8525900,"Edward, Timileyin",1473,,Male,,
531013120,"Thoshan, Raj V J",1470,,Male,,
48798258,"Mokshith, Davuluru",1464,,Male,,
8533520,"Anandh, Pranav",0,,Male,,
8530726,"Adebola, Banjo",0,,Male,,
8533970,"Adeleke-Leo, Adam Adedoyin",0,,Male,,
8544220,"Ahenmokhai, Andrew",0,,Male,,
8578303,"Alli, Israel Ifeoluwa",0,,Male,,
8589402,"Amos, Wisdom Ekot",0,,Male,,
8537747,"Anandh, Anjelika Reddiyar",0,,Female,,
8562644,"Archibong, Eyo Patrick",0,,Male,,
8562008,"Awodele, Sunday",0,,Male,,
8560625,"Balogun, Oluwaferanmi",0,,Male,,
547022051,"Devansh, Parikh",0,,Male,,
8582378,"Fakanbi, Deborah",0,,Female,,
8564892,"Hridaan, Mahesh Nimje",0,,Male,,
8567867,"Iyanda, Alhameen",0,,Male,,
8588180,"Kajo, Collins",0,,Male,,
8566771,"Kelvin, Geoffrey",0,,Male,,
564018270,"Kiaan, Vaish",0,,Male,,
8526125,"Odukogbe, Grateful",0,,Male,,
8588643,"Okeke, Chukwuemeka Emmanuel",0,,Male,,
8538433,"Olamide, Olowoyo",0,,Male,,
8588678,"Olaniyi, Taiwo",0,,Female,,
8586217,"Olubunmi-Oke, Tomiwa Raphael",0,,Male,,
8520313,"Omoefe, Efetobore Jason",0,,Male,,
8580880,"Orupabo, Ivan Sotonye",0,,Male,,
8556350,"Palanisamy, Keerthan",0,,Male,,
8559848,"Palle, Shiva",0,,Male,,
8544360,"Raji, Ayobami Oghenefejiro",0,,Male,,
8544328,"Raji, Ayomikun Kamaldeen",0,,Male,,
531027598,"Sai, Krishnan Mariappan",0,,Male,,
564073254,"Saraf, Kiaan",0,,Male,,
564073238,"Sham, Aarohan",0,,Male,,
564073246,"Singh, Ishaan",0,,Male,,
8556270,"Subramanian, Dhinesh Karthik",0,,Male,,
8555001,"Uformba, Gideon",0,,Male,,
8525196,"Warrie, Anthony",0,,Male,,
108049,"Flores, Diego",,2593,Male,,GM
113816,"Tristan, Leonardo",,2474,Male,,GM
124311,"Acosta, Pablo Ismael",,2431,Male,,IM
103250,"Pierrot, Facundo",,2275,Male,,IM
117854,"Rodriguez, Laureano Joel",,2239,Male,,
116815,"Sanhueza, Cristian",,2231,Male,,FM
140082,"Moro Saidon, Gonzalo",,2102,Male,,
130265,"Acosta, Franco Emanuel",,2064,Male,,
157767,"Bursztyn, Ioshua",,2063,Male,,
104973,"Hutt, Alejandro Gabriel",,2005,Male,,
140040,"Fuentes, Agustin",,1986,Male,,
122440,"Ramos, Gabriel",,1952,Male,,
110248,"Pierucci, Fabian",,1928,Male,,
178870,"Bendahan, Matias",,1903,Male,,
122432,"Calderon, Luciano",,1849,Male,,
116904,"Parma, Pamela",,1829,Male,,
20028032,"Escobar, Alvaro",,1817,Male,,
134317,"Morgado, Walter",,1816,Male,,
20068255,"Galarza, Sergio",,1809,Male,,
20044461,"Payro, Ramiro",,1794,Male,,
20028067,"Maroelli Stojanovic, Guillermo",,1778,Male,,
20007124,"Castillo, Giorgio",,1768,Male,,
20022549,"Castiglioni, Dario",,1767,Male,,
132799,"Hernandez, Roberto Adrian",,1767,Male,,
20007116,"Castillo, Brian",,1762,Male,,
175390,"Camani, Francisco",,1754,Male,,
20039131,"Ambroa, Francisco Jose",,1716,Male,,
185949,"Castillo, Michelle",,1715,Male,,
20028105,"Villa, Luis",,1713,Male,,
20044291,"Anchava, Thiago",,1689,Male,,
152749,"Solarte, Mateo",,1680,Male,,
20005490,"Johansson, David Natanael",,1677,Male,,
20030401,"Alvarez, Mia Morena",,1665,Male,,
20005555,"Johansson, Emanuel",,1652,Male,,
168700,"Gunno, Fernando Sebastian",,1638,Male,,
20043767,"Lucci, Ludmila Ayelen",,1612,Male,,
20043783,"Vicich, Carlos",,1544,Male,,
20064152,"Colombo, Joaquin",,1531,Male,,
20020619,"Manero, Gabriel Ignacio",,1496,Male,,
20044283,"Vagni, Luca",,1481,Male,,
20043775,"Milito, Maria Sol",,1430,Male,,
20075863,"Dichiara, Alvaro",,0,Male,,
20058179,"Johansson, David Sixto",,0,Male,,
3800610,"Carbajal, Augusto",,2238,Male,,
3849120,"Vasquez Florez, Yoshua Marcelo",,1879,Male,,
3842762,"Cabrera Quispe, Piero Andre",,1867,Male,,
3854752,"Banda Chahuara, Keops",,1829,Male,,
81413319,"Quispe Cieza, Renzo Takeshi",,1760,Male,,
81434847,"Challco Puente De La Vega, Andre Alessandro",,1698,Male,,
3896765,"Holguin Segovia, David Luis",,1604,Male,,
3881270,"Tunque Mamani, Diego Abraham",,1585,Male,,
81437633,"Perez Cortes, Norman Gunter",,1564,Male,,
3864405,"Florez Huaman, Areli Oriana",,1543,Female,,
3887510,"Tunque Mamani, Camila Valeria",,1536,Male,0,
81404786,"Castillo Ccoscco, Jhon Ernesto",,1501,Male,,
3862356,"Huari Ortega, Rafael Leonardo",,1473,Male,,
3872505,"Endara Quillahuaman, Chaska Nicole",,1472,Male,0,
3849210,"Caceres Munoz, Kiara Ytzel",,1434,Female,,
81434413,"Cruz Huamani, Moises Alejandro",,1428,Male,,
3876888,"Vargas Cabrera, Dayron Aldair",,1428,Male,,
81470088,"Villena Medina, Dereck Kerem",,0,Male,,
3980391,"Ramirez Pinango, Jenrry Jose",,2094,Male,,
3965910,"Jimenez Espana, Jose Alejandro",,2056,Male,,
3973140,"Cana Mendez, Jose Jesus",,1965,Male,,
3907171,"Gimon Bastardo, Oswaldo",,1935,Male,,
3975711,"Rivas Brito, Deilyn Josefina",,1859,Male,,
3930912,"Perozo Gonzalez, Rogelio Jose",,1824,Male,,
3908364,"Contreras Salas, Rodolfo Jose",,1822,Male,,
3998142,"Morocoima Figueroa, Cristian Jose",1714,1812,Male,,
3980839,"Hurtado Quinones, Gabriel Eduardo",,1786,Male,,
3995097,"Garcia Bolivar, Angel Alfonso",,1736,Male,,
3990281,"Ramirez Santil, Zuliexis Gabriela",,1729,Male,,
3999700,"Gonzalez Yendis, Julio Cesar",,1659,Male,,
3999696,"Carpio Tovar, Amilcar Alejandro",,1646,Male,,
3973018,"Astudillo Lisboa, Moises Enrique",,1645,Male,,
3911594,"Salazar, Renny Makey",,1634,Male,,
3919765,"Rengel Castillo, Oscar Jose",,1624,Male,,
23923083,"Navarro Palma, Santiago Mauricio",,1619,Male,,
3969932,"Pallares Maldonado, Carelis Stefania",,1615,Male,,
3998134,"La Greca Marcano, Victoria Valentina",,1599,Male,,
3994988,"Luna Marino, Leonardo Xavier",,1595,Male,,
3964027,"Gonzalez Mosqueda, Jose Luis",,1581,Male,,
23914599,"Carrillo Verde, Jeremias",,1550,Male,,
3999920,"Prieto Monroy, Angel Sebastian",,1541,Male,,
3998266,"Romero Salazar, Luciano Alejandro",,1539,Male,,
23914629,"Escobar Ortiz, Yandri Gabriel",,1499,Male,,
23922010,"Salazar Maurera, Guadalupe De La Santisima Trin",,1497,Male,,
23914696,"Oballos Morillo, Daimarys Isabel",,1483,Male,,
3999688,"Calzadilla Brito, Deubelys Crismar",,1451,Male,,
81456573,"Mejia Surco, Angel Salvador",,1419,Male,,
81447752,"Banda Chahuara, Noah",,0,Male,,
23914769,"Rodriguez Forero, Fernando Jesus",,1450,Male,,
23914661,"Maita Ampueda, Jesus",,1446,Male,,
23916486,"Morocoima Figueroa, Enderson Alexander",,1426,Male,,
23914777,"Rodriguez Lugo, Cesar Miguel",,1405,Male,,
3999785,"Salazar Brito, Jose Daniel",,1405,Male,,
3997855,"Estanga Gonzalez, Arianna Del Valle",,1400,Male,,
3999653,"Berra Cadena, Carla Sofia",,0,Male,,
23914564,"Brito Salas, Karlie Jose",,0,Male,,
23932023,"Castillo Mendoza, Samuel Alejandro",,0,Male,,
23920254,"Patino Valderrama, Estefany Maria",,0,Male,,
23920262,"Patino Valderrama, Isabella Alejandra",,0,Male,,
23914734,"Prado Cadena, Dibelkys Sinai",,0,Male,,
23914742,"Prado Cadena, Ezequiel David",,0,Male,,
23933186,"Reyes Paredes, Samuel Jose",,0,Male,,
23934824,"Rivas Rojas, Eleazar Josue",,0,Male,,
23922036,"Yibirin Guerra, Ignacio Rafael",,0,Male,,
23933151,"Fuentes Contreras, Isaac Gabriel",,1473,Male,,
1959905,"Cymbron, Victoria Maria Sarajärvi",1884,,Male,,
1949667,"Gaspar, Bernardo Aguiar",1784,,Male,,
1947648,"Torres, Francisco Medeiros",1587,,Male,,
1984098,"Bettencourt, Iúri De Sousa",0,,Male,,
1984608,"Bulhões, Tiago Sousa",0,,Male,,
1988751,"Lopes, Patrícia Arruda",0,,Male,,
1992597,"Moniz, Tércio António Pacheco",0,,Male,,
1978349,"Mota, Alexandre Vieira",0,,Male,,
522070613,"Харлампиева, Алиса Андреевна",,1471,Male,,
34474595,"Галоян, Амиран Арсенович",,1255,Male,,
55718930,"Азаргинов, Дмитрий П",,1211,Male,,
5276810,"SANIDO, Marco Piolo K.",,,Male,1850,
521008230,"PICACHE-DAVID, Caleb Loukas D.",,,Male,1798,
521031908,"LEGASPI, Jeric Marc Euterio R.",,,Male,1779,
521023000,"ACEBEDO, Lanz Arpil Jhay C.",,,Male,1704,
521031924,"RIVERA, Jared Zach E.",,,Male,1686,
521027196,"BANGLOY, John Destan",,,Male,1679,
521016100,"DE VERA, Sven David",,,Male,1677,
521047561,"MARCO, Noah Kristov",,,Male,1647,
521043418,"ANDRADA, Harvey Abelardo",,,Male,1596,
521018510,"DELLERA, Caiden Marcus",,,Male,1592,
521072051,"RELUCIO, Sebastian B.",,,Male,1589,
5274400,"UY, Alekhine Makairee N.",,,Male,1544,
521033080,"UY, Jorgina Verone Y.",,,Male,1531,
521024537,"AVELINO, Gavin Maven A.",,,Male,1519,
521070091,"DIAZ, Summer Stealth C.",,,Male,1423,
521052395,"GO, Caleb Timothy C.",,,Male,0,
521073414,"TRAVINO, Marcaeus Adrien",,,Male,0,
5245010,"CU, Ivan Travis C.",,,Male,2244,FM
5262330,"ROMUALDEZ, Danry Seth",,,Male,2026,
5262313,"GARCIA, Caleb Royce",,,Male,1949,
5245028,"CU, Jericho Winston",,,Male,1942,
5221293,"ARAGONES, Jerome Adrian V.",,,Male,1920,
5241081,"DE ASAS, Aaron Francis",,,Male,1903,
115110834,"NICOLAS, Nika Juris",,,Male,1893,WCM
5231795,"AZAOLA, Mark Alfonso L.",,,Male,1875,
521000522,"SY, Asher Judd",,,Male,1868,
521043469,"DIAMOS, Jad Owen",,,Male,1865,
5242118,"ONG, Allie Jean",,,Male,1858,
5236274,"ARAGONES, Jane Helen V.",,,Male,1841,
5262100,"CASTRONUEVO, Elle",,,Male,1825,
5239516,"MALIGAYA, Nathan",,,Male,1823,
5245117,"PE, Philip Gregory",,,Male,1816,
521003629,"OCAMPO, Robi S.",,,Male,1808,
5242045,"HERNANDEZ, Arwin Chris",,,Male,1788,
5271932,"PACHECO, Kerwin Matthew Jr.",,,Male,1766,
5266467,"POH LEUNG, Shaun Lawrence T.",,,Male,1753,
5244935,"CHAN, Johann Nicholas",,,Male,1730,
5257735,"DOMINGO, Harvey T.",,,Male,1725,
5242215,"HERNANDEZ, Krisha Anne",,,Male,1724,
5265762,"DEL MUNDO, Zeyus Kyle",,,Male,1720,
5262097,"CASTRONUEVO, Deandra",,,Male,1718,
521055408,"ONG, Zoe Alexi B.",,,Male,1718,
5271037,"CHAN, Charlie Samuel",,,Male,1703,
5242177,"YULANGCO, Fia Jannae",,,Male,1701,
521024596,"LI, Roman Iii",,,Male,1672,
5274150,"CHUA, Justin",,,Male,1663,
5272696,"LIM, Kaden Bryce Angel",,,Male,1652,
521034273,"CARBONELL, Nathan Ben I.",,,Male,1644,
521024618,"OH, Caitlyn Danielle",,,Male,1627,
521034265,"CAGUILLO, Princess Rosan",,,Male,1622,
5298580,"CHUA, Jaden Austin P.",,,Male,1618,
521043019,"REBLORA, Joem Andy P.",,,Male,1606,
5242126,"SY, Secily",,,Male,1599,
521034400,"GARCIA, Ma. Mikaela Jae",,,Male,1596,
521036934,"ARROJO, Marcos Nathaniel",,,Male,1578,
5274168,"UY, Myles Spencer C.",,,Male,1553,
521047707,"GAW, Lemuel Vincent A.",,,Male,1502,
5274079,"UY, Stan Martin C.",,,Male,1499,
1977091,"Borges, Frederico De Melo",0,,Male,,
1985230,"Silva, Joaquim De Braga Franco Viveir",0,,Male,,
51698463,"KANTAR, ESLEM",,,Male,1486,
51678179,"ERGİN, CEREN",,,Male,1271,
51678640,"HORLAR, ELİF BETÜL",,,Male,1223,
44595638,"ŞENTÜRK, ELİF NİDA",,,Male,1181,
525023918,"KANTAR, HAZEL",,,Male,1108,
29668204,"Santana, Gonzalez Nahum Abdel",,1705,Male,,
29674131,"Bautista, Esparza Emiliano",,1594,Male,,
29674972,"Sanchez, Torres Marcos",,1490,Male,,
29627087,"Gonzalez, Romo Derek Milan",,1810,Male,,
29668042,"Argumedo, Padilla Jose Mateo",,1500,Male,,
29674590,"Lopez, Granados Leonel",,1464,Male,,
29675049,"Valdes, Valdez Omar Maximo",,1431,Male,,
29668212,"Santana, Gonzalez Naydelin Giselle",,1400,Male,,
29692270,"Cervantes Castillo, Daniel",,0,Male,,
550007068,"Duenas Gomez, Kevin",,0,Male,,
550007076,"Duenas Salas, Mia Fernanda",,0,Male,,
550007106,"Gil Acosta, Eder Gael",,0,Male,,
521020930,"NICOLAS, John Lorenzo Maximus U.",,,Male,1563,
5277736,"KWAN, Kimberly",,,Male,1526,
550007114,"Guillen Martinez, Denisse Isabela",,0,Male,,
550007181,"Martinez Acosta, Jaime",,0,Male,,
5186170,"Calixto Perea, Sebastian Alonso",,2025,Male,,
633496,"Giorgetti, Cyril",,1974,Male,,
5146704,"Pinales Mejia, Jose Angel",,1956,Male,,
5107296,"Bustamante Cruz, Alejandro",,1952,Male,,
5199280,"Acuna Ramirez, Luis Alberto",,1905,Male,,
5101166,"Salazar Muro, Jose Antonio",,1888,Male,,
5173531,"Monsivais Blancas, Hibis Yael",,1833,Male,,
5156238,"Pacheco Almaraz, Jose Rodolfo",,1820,Male,,
5133394,"Lopez, Martinez Juan Jose",,1813,Male,,
29668158,"Narvaez Romero, Jorge Rene",,1767,Male,,
5163420,"Gonzalez Romo, Greshya Jocelyn",,1748,Male,,
29682932,"Lara Alvarez, Carlos Alberto",,1742,Male,,
29668190,"Regis Villasana, Jesus Antonio",,1729,Male,,
5122732,"Ramirez Soto, Oscar Ariel",,1722,Male,,
29654890,"Walle, Serrano Pedro",,1706,Male,,
29674190,"Carrillo Escalante, Andres",,1696,Male,,
5165873,"Munoz, Hernandez Octavio",,1668,Male,,
550007599,"Lopez, Martinez Genaro",,1665,Male,,
29674530,"Gutierrez, Lara Janeth Jazmin",,1662,Male,,
29683688,"Hernandez, Camacho Claudia Anette",,1610,Male,,
29628814,"Santos Reyes, Alba Miranda",,1599,Male,,
29683564,"Sanchez, Avila Roberto Enrique",,1567,Male,,
29674921,"Rodriguez, Ortiz Pablo Emiliano",,1565,Male,,
29692890,"Magadan, Del Real Fatima Yazmin",,1475,Male,,
29674832,"Preciado, Maldonado Juan Edgar",,1412,Male,,
14110407,"Малашев, Экрем",,,Male,2108,
1986082,"Kalashnyk, Vadym",0,,Male,,
1987330,"Miadzvedz, Tsimafei",0,,Male,,
1986210,"Silva, Guilherme De Braga Franco Vive",0,,Male,,
1988948,"Singh, Jeevan Inder Santos",0,,Male,,
521010510,"OMANA, Liam Benedict",,,Male,1898,
5274451,"CHUA, Christian Nixon V.",,,Male,1897,
521059756,"NITAFAN, Steve A.",,,Male,1796,
5292255,"PATUBO, L-Mar",,,Male,1789,
521039011,"ALBERTO, Theodore James C.",,,Male,1771,
521047553,"FALLER, Keisha Faith",,,Male,1766,
521072043,"ORZAME, Zach Evan",,,Male,1732,
5272432,"BIETE, Allyson Scarlet",,,Male,1726,
521054436,"CALUCIN, Red Athena R.",,,Male,1723,
521080240,"CURIOSO, Marco Rafael V.",,,Male,1718,
521043515,"FERRER, Nathan Philip",,,Male,1708,
521023727,"CABRERA, Chelsea Bless",,,Male,1705,
5298768,"MARAVILLA, Amber Mariana E.",,,Male,1703,
521043078,"CHING, Drake Vincent",,,Male,1698,
115108030,"CHUA, Aedan Gavin",,,Male,1685,
5248132,"ROMERO, Glaiza Celine F.",,,Male,1681,
521071020,"GERERO, Zoe Chris",,,Male,1678,
5270251,"CHANG, Matthew Angelo",,,Male,1677,
5272858,"PARAS, Aria Sophia",,,Male,1677,
521034338,"DEMOS, Jenci Rehann",,,Male,1658,
521067759,"CASAS, Athena Hermina Jaxx",,,Male,1658,
5278210,"BAUTISTA, Nymsso Aaron",,,Male,1656,
521067805,"MATALANG, Chadric Blaickke D.",,,Male,1655,
521012970,"LO, Charlie Anne V.",,,Male,1648,
5262380,"TANADA, Darren Andre",,,Male,1644,
5266734,"TORENA, Zafirah Jahly",,,Male,1644,
521003831,"MACK LEE, Aizyleen",,,Male,1637,
521043248,"ONG, Tyrell Zander S.",,,Male,1634,
5270170,"AVISO, Keira Alexandria F.",,,Male,1629,
521043531,"GAW, Owen Ethan",,,Male,1625,
5259096,"ARAGONES, Jerome Jr.",,,Male,1620,
5274362,"UY, Arcielin Michinie N.",,,Male,1619,
521034486,"MANDIGMA, Julianne Alexis",,,Male,1612,
521067813,"TAN, Meldrick Thadd",,,Male,1609,
521034419,"GARCIA, Ma. Amanda Jae",,,Male,1608,
5272700,"LIM, Sean Preston Angel",,,Male,1606,
521067740,"APOSTOL, Reimer Aldrik Ross",,,Male,1602,
521067783,"ENCARNACION, Sean Jake",,,Male,1591,
521047588,"MARZO, Kristen Astrid",,,Male,1591,
5293758,"HUI, Kennedy Jean S.",,,Male,1586,
521066701,"ACEBU, Jayian Calvert",,,Male,1572,
521079447,"MESINA, Justine Miguel",,,Male,1552,
521043000,"MANGLAPUS, Frances Morren",,,Male,1550,
521047367,"NG, Glen Gabriel",,,Male,1529,
521067732,"APOSTOL, Kendrick Adisen Rhys",,,Male,1512,
5275970,"SO, Caiser Charleton C.",,,Male,1507,
521010994,"SINGH, Vihaan",,,Male,1498,
521024545,"AVELINO, Jewel Mireya",,,Male,1494,
5270162,"AVISO, Keandra Amirah F.",,,Male,1493,
5287278,"TAN, Sebastian Christoff",,,Male,1458,
521043175,"COTOCO, Daniel George Dominic U.",,,Male,1440,
521034303,"CUAYCONG, Raine Adrienne",,,Male,0,
521036870,"ONG, Nash Anderson",,,Male,0,
521043256,"QUE, Mathis Tirso",,,Male,0,
521073406,"RONDA, Ron Vincent",,,Male,0,
521046905,"SIGA, Sophia",,,Male,0,
5276012,"TAN, Ashley D.V.",,,Male,0,
1965352,"Antunes, Tiago Alexandre Marques",1658,,Male,,
1973606,"Santos, Gabriel Alexandre Lima Dos",1538,,Male,,
1975030,"Soares, Laura Pilar Filipe Ferreira",0,,Male,,
1960130,"Cymbron, Sofia Catarina Sarajärvi",1617,,Male,,
1984110,"Ribeiro, Benjamim Sebastião De Medeiros",1580,,Male,,
1984101,"Furtado, Nelson Miguel Cordeiro",1497,,Male,,
1965611,"Fernandes, Natacha Sofia Ferreira Rodrigu",0,,Male,,
1970135,"Rodrigues, Vitória Amaral",0,,Male,,
1989715,"Sousa, Miguel Martins Melo De",0,,Male,,
6516718,"Pastor Carvajal, Jeigoth",,,Male,2045,CM
6503357,"Avendano Porras, Rodrigo",,,Male,1976,CM
6508332,"Espitia Torres, Mateo",,,Male,1976,CM
6513697,"Meza Vega, Jose Antonio",,,Male,1818,
6521541,"Mora Chavarria, Sebastian Noel",,,Male,1705,
6508880,"Sandi Barrantes, Victoria",,,Male,1637,
44173644,"Хуснулгатин, Артём Русланович",,2085,Male,,
4173520,"Лим, Альберт Чигынович",,2075,Male,,
34191019,"Храпов, Александр Александрович",,2031,Male,,
24206539,"Кадыров, Акылбек",,1999,Male,,
44161115,"Юрьев, Владимир Михайлович",,1915,Male,,
34407952,"Макаров, Егор Денисович",,1840,Male,,
34227202,"Бамбизо, Михаил Алексеевич",,1813,Male,,
34378189,"Син, Альберт Викторович",,1792,Male,,
34104450,"И, Ен Бок",,1733,Male,,
54126606,"Фризюк, Андрей Николаевич",,1604,Male,,
44186290,"Елизарьев, Виталий Николаевич",,1568,Male,,
55659942,"Сапрыкин, Вадим Константинович",,1563,Male,,
34293469,"Наксыл, Долзат Сайдашовна",,1558,Male,,
24294900,"Зайцев, Анатолий Фёдорович",,1528,Male,,
24246034,"Прудников, Сергей",,1522,Male,,
55710506,"Храпов, Сергей Александрович",,1464,Male,,
44114753,"Блоха, Александр Георгиевич",,1415,Male,,
34190993,"Филин, Виктор Сергеевич",,1408,Male,,
34460870,"Ли, Александр Сергеевич",,1405,Male,,
34431870,"Архипов, Александр Петрович",,1366,Male,,
44114770,"Евдокимов, Сергей",,1000,Male,,
3875717,"Morante Cama, Rodrigo Moises",,1549,Male,,
81475780,"Alvarez Gutierrez, Isabel Yoslyn",,0,Female,,
81447108,"Silva Alvarez, Thiago Valentino",,0,Male,,
81458576,"Zanabria Loayza, Raymi Leandro",,0,Male,,
81437994,"Zanabria Loayza, Ricardo Samin",,0,Male,,
6223370,"Athpaibul, Sirintra",0,,Female,,
6223699,"Athpaibul, Teerawish",0,,Male,,
6230512,"Phunnaget, Rawinphat",0,,Male,,
5096898,"Winston, G",,,Male,1746,
5036887,"Siva, A C",,,Male,1683,
46656847,"Suresh, Babu M",,,Male,1490,
558078002,"Stephen, G",,,Male,0,
